ticker,year,quarter,outstanding_shares,quarter_end_price
A,2024,Q1,293055284,145.51
A,2024,Q2,291760872,129.63
A,2024,Q3,287327671,148.48
A,2024,Q4,285595302,134.34
A,2025,Q1,285102717,116.98
A,2025,Q2,284064728,118.01
A,2025,Q3,283500427,128.35
A,2025,Q4,283498871,136.07
A,2026,Q1,282602317,113.98
AA,2024,Q1,179559688,33.79
AA,2024,Q2,258340140,39.78
AA,2024,Q3,258354828,38.58
AA,2024,Q4,258884337,37.78
AA,2025,Q1,258902338,30.5
AA,2025,Q2,258914723,29.51
AA,2025,Q3,258964032,32.89
AA,2025,Q4,263839742,53.14
AACBU,2025,Q1,23650000,10.11
AACG,2025,Q4,63912442,
AACIU,2025,Q3,23710000,10.43
AACIU,2025,Q4,23710000,10.24
AACT,2024,Q1,50000000,
AACT,2024,Q2,50000000,10.67
AACT,2024,Q3,50000000,10.83
AACT,2024,Q4,50000000,10.98
AACT,2025,Q1,61859712,11.15
AACT.U,2025,Q3,181207392,
AACT.U,2025,Q4,182555384,
AAL,2024,Q1,656090344,15.35
AAL,2024,Q2,656703913,11.33
AAL,2024,Q3,657130996,11.24
AAL,2024,Q4,657575582,17.43
AAL,2025,Q1,659512341,10.55
AAL,2025,Q2,659828821,11.22
AAL,2025,Q3,660086495,11.24
AAL,2025,Q4,660304573,15.33
AAL,2026,Q1,661385137,10.74
AAM,2024,Q1,8625000,
AAM,2024,Q2,43974000,
AAM,2024,Q3,43974000,10.02
AAM,2024,Q4,35349000,10.1
AAM,2025,Q1,43974000,10.43
AAM,2025,Q3,43970000,
AAM.U,2025,Q3,43974000,
AAME,2024,Q2,20399758,1.69
AAME,2024,Q3,20399758,1.7
AAME,2024,Q4,20399758,1.5
AAME,2025,Q1,20397228,1.7
AAME,2025,Q2,20397228,2.13
AAME,2025,Q3,20397228,2.88
AAMI,2024,Q1,38000000,22.84
AAMI,2024,Q2,37100000,22.17
AAMI,2024,Q3,37300000,25.4
AAMI,2024,Q4,37500000,26.34
AAMI,2025,Q1,36700000,25.86
AAMI,2025,Q2,35811913,35.24
AAMI,2025,Q3,35709120,48.16
AAMI,2025,Q4,35722568,47.0
AAOI,2024,Q2,40895715,8.29
AAOI,2024,Q3,45078203,14.31
AAOI,2024,Q4,49651482,36.86
AAOI,2025,Q1,55544354,15.35
AAOI,2025,Q2,62353846,25.69
AAOI,2025,Q3,68278417,25.93
AAOI,2025,Q4,75198817,34.86
AAON,2024,Q1,82209281,88.1
AAON,2024,Q2,81013148,87.24
AAON,2024,Q3,81279625,107.84
AAON,2024,Q4,81597289,117.68
AAON,2025,Q1,81366138,78.13
AAON,2025,Q2,81530676,73.75
AAON,2025,Q3,81634058,93.44
AAON,2025,Q4,81499853,76.25
AAP,2024,Q2,59622297,63.33
AAP,2024,Q3,59674284,38.99
AAP,2024,Q4,59734513,47.29
AAP,2025,Q1,59833100,39.21
AAP,2025,Q2,59925637,46.49
AAP,2025,Q3,59984947,61.4
AAP,2025,Q4,60022245,39.3
AAP,2026,Q1,60100000,52.75
AAPL,2024,Q1,15334082000,171.48
AAPL,2024,Q2,15204137000,210.62
AAPL,2024,Q3,15116786000,233.0
AAPL,2024,Q4,15022073000,250.42
AAPL,2025,Q1,14935826000,222.13
AAPL,2025,Q2,14840390000,205.17
AAPL,2025,Q3,14776353000,254.63
AAPL,2025,Q4,14681140000,271.86
AARD,2025,Q1,21688172,7.51
AARD,2025,Q2,21696893,13.52
AARD,2025,Q3,21773272,
AARD,2025,Q4,21816041,13.13
AAT,2024,Q2,60901583,22.38
AAT,2024,Q3,60901583,26.72
AAT,2024,Q4,61138238,26.26
AAT,2025,Q1,61134730,20.14
AAT,2025,Q2,61152542,19.75
AAT,2025,Q3,61152542,20.32
AAT,2025,Q4,61390936,18.93
AAUC,2025,Q4,124737221,22.88
AB,2024,Q2,114619452,33.79
AB,2024,Q3,113435357,34.89
AB,2024,Q4,110530329,37.09
AB,2025,Q1,110699699,38.31
AB,2025,Q2,110537295,40.83
AB,2025,Q3,90993251,38.22
AB,2025,Q4,92284367,38.48
ABAT,2024,Q1,58598133,
ABAT,2024,Q2,72048442,1.25
ABAT,2024,Q3,74521669,1.07
ABAT,2024,Q4,84658010,2.46
ABAT,2025,Q1,91886412,1.03
ABAT,2025,Q2,118046888,1.62
ABAT,2025,Q3,129969958,4.86
ABAT,2025,Q4,131709245,3.34
ABBV,2024,Q1,1765867781,182.1
ABBV,2024,Q2,1766343745,171.52
ABBV,2024,Q3,1767140323,197.48
ABBV,2024,Q4,1765354859,177.7
ABBV,2025,Q1,1766403027,209.52
ABBV,2025,Q2,1766558253,185.62
ABBV,2025,Q3,1767384632,231.54
ABBV,2025,Q4,1768169012,228.49
ABCB,2024,Q1,69107260,48.38
ABCB,2024,Q2,69067019,50.35
ABCB,2024,Q3,69066730,62.39
ABCB,2024,Q4,69068609,62.57
ABCB,2025,Q1,68910924,57.57
ABCB,2025,Q2,68586848,64.7
ABCB,2025,Q3,68315144,73.31
ABCB,2025,Q4,67880297,74.27
ABCL,2024,Q1,294054356,4.53
ABCL,2024,Q2,294665532,2.96
ABCL,2024,Q3,295366280,2.6
ABCL,2024,Q4,297987669,2.93
ABCL,2025,Q1,298484664,2.23
ABCL,2025,Q2,298832913,3.43
ABCL,2025,Q3,299335048,5.03
ABCL,2025,Q4,303160487,3.42
ABEO,2024,Q1,41186004,7.25
ABEO,2024,Q2,43314397,4.24
ABEO,2024,Q3,43471030,6.32
ABEO,2024,Q4,48533798,5.57
ABEO,2025,Q1,51156736,4.76
ABEO,2025,Q2,51278539,5.68
ABEO,2025,Q3,54191361,5.28
ABEO,2025,Q4,57049023,5.27
ABEV,2024,Q3,15726199808,2.44
ABEV,2024,Q4,15728199680,1.85
ABEV,2025,Q1,15656599552,2.33
ABEV,2025,Q3,15760000000,2.23
ABEV,2025,Q4,15761638756,2.47
ABG,2024,Q1,20172237,235.78
ABG,2024,Q2,19980100,227.87
ABG,2024,Q3,19587459,238.59
ABG,2024,Q4,19645447,243.03
ABG,2025,Q1,19659160,220.84
ABG,2025,Q2,19660638,238.54
ABG,2025,Q3,19440558,244.45
ABG,2025,Q4,19257920,232.53
ABL,2024,Q1,63925316,
ABL,2024,Q2,74651347,8.65
ABL,2024,Q3,74678769,10.12
ABL,2024,Q4,96853039,7.83
ABL,2025,Q1,96853039,7.49
ABL,2025,Q2,96764624,5.14
ABL,2025,Q3,97752855,5.73
ABL,2025,Q4,96542155,8.55
ABM,2024,Q1,63291484,44.62
ABM,2024,Q2,62800000,50.57
ABM,2024,Q3,62800000,52.76
ABM,2024,Q4,62200000,51.18
ABM,2025,Q1,62200000,47.36
ABM,2025,Q2,62200000,47.21
ABM,2025,Q3,61233895,46.12
ABM,2025,Q4,60177625,42.3
ABM,2026,Q1,58532820,38.52
ABNB,2024,Q1,441500418,164.96
ABNB,2024,Q2,440002134,151.63
ABNB,2024,Q3,432876590,126.81
ABNB,2024,Q4,432876657,131.41
ABNB,2025,Q1,431602213,119.46
ABNB,2025,Q2,429079558,132.34
ABNB,2025,Q3,425294120,121.42
ABNB,2025,Q4,423573275,135.72
ABOS,2024,Q2,60079778,2.42
ABOS,2024,Q3,60079778,2.48
ABOS,2024,Q4,60573425,1.72
ABOS,2025,Q1,60573425,1.1
ABOS,2025,Q2,60573425,1.16
ABOS,2025,Q3,60573425,1.71
ABOS,2025,Q4,72212758,2.11
ABP,2025,Q3,2716278,0.22
ABP,2025,Q4,5896048,
ABR,2024,Q1,188514660,13.25
ABR,2024,Q2,188548879,14.35
ABR,2024,Q3,188608777,15.56
ABR,2024,Q4,189505422,13.85
ABR,2025,Q1,192160232,11.75
ABR,2025,Q2,192301414,10.7
ABR,2025,Q3,195710635,12.21
ABR,2025,Q4,193115316,7.76
ABSI,2024,Q2,113556334,3.08
ABSI,2024,Q3,114855759,3.82
ABSI,2024,Q4,127333887,2.62
ABSI,2025,Q1,127559352,2.51
ABSI,2025,Q2,149522647,2.57
ABSI,2025,Q3,150371531,3.04
ABSI,2025,Q4,153021263,3.49
ABT,2024,Q1,1739633759,113.66
ABT,2024,Q2,1739897004,103.91
ABT,2024,Q3,1734455213,114.01
ABT,2024,Q4,1734323411,113.11
ABT,2025,Q1,1739836465,132.65
ABT,2025,Q2,1740459014,136.01
ABT,2025,Q3,1738871947,133.94
ABT,2025,Q4,1737682887,125.29
ABUS,2024,Q1,188717409,2.58
ABUS,2024,Q2,188782029,3.09
ABUS,2024,Q3,189491685,3.85
ABUS,2024,Q4,191480188,3.27
ABUS,2025,Q1,191527129,3.49
ABUS,2025,Q2,191698695,3.09
ABUS,2025,Q3,192324017,4.54
ABUS,2025,Q4,195478068,4.81
ABVC,2024,Q2,12421815,
ABVC,2024,Q3,12975492,
ABVC,2024,Q4,15778305,
ABVC,2025,Q1,16773261,
ABVC,2025,Q2,23541824,
ABVC,2025,Q3,24301089,3.04
ABVC,2025,Q4,25440407,2.13
ABVX,2025,Q4,78536412,134.85
AC,2024,Q2,2319994,34.02
AC,2024,Q3,2286564,35.42
AC,2024,Q4,2201859,34.26
AC,2025,Q1,2187106,38.32
AC,2025,Q2,2172492,37.5
ACA,2024,Q1,48582544,85.86
ACA,2024,Q2,48783999,83.41
ACA,2024,Q3,48776818,94.76
ACA,2024,Q4,48776021,96.74
ACA,2025,Q1,48816087,77.12
ACA,2025,Q2,49044906,86.71
ACA,2025,Q3,49045025,93.71
ACA,2025,Q4,49044022,106.32
ACAD,2024,Q1,165220884,18.49
ACAD,2024,Q2,165876052,16.25
ACAD,2024,Q3,166391891,15.38
ACAD,2024,Q4,166788517,18.35
ACAD,2025,Q1,167361851,16.61
ACAD,2025,Q2,168712220,21.57
ACAD,2025,Q3,169181817,21.34
ACAD,2025,Q4,170494613,26.71
ACB,2024,Q3,54660800,5.88
ACB,2024,Q4,54877200,4.25
ACB,2025,Q1,54884100,4.39
ACB,2025,Q3,56220000,5.96
ACB,2025,Q4,56575295,4.22
ACCO,2024,Q1,95639730,5.61
ACCO,2024,Q2,95797838,4.7
ACCO,2024,Q3,92881008,5.47
ACCO,2024,Q4,92881008,5.25
ACCO,2025,Q1,90099055,4.19
ACCO,2025,Q2,90132531,3.58
ACCO,2025,Q3,90136133,3.99
ACCO,2025,Q4,90170277,3.73
ACCS,2024,Q2,3833977,
ACCS,2024,Q3,3833977,
ACCS,2024,Q4,3838743,
ACCS,2025,Q1,3847743,
ACCS,2025,Q2,3868826,
ACCS,2025,Q3,3868826,
ACCS,2025,Q4,3859211,
ACDC,2024,Q1,159936049,8.36
ACDC,2024,Q2,160146602,7.41
ACDC,2024,Q3,160146602,6.79
ACDC,2024,Q4,160178432,7.76
ACDC,2025,Q1,160178432,7.59
ACDC,2025,Q2,160200000,7.76
ACDC,2025,Q3,180800000,3.7
ACDC,2025,Q4,180900000,3.89
ACEL,2024,Q1,83778268,11.79
ACEL,2024,Q2,82958153,10.26
ACEL,2024,Q3,82430205,11.62
ACEL,2024,Q4,85670255,10.68
ACEL,2025,Q1,84927240,9.92
ACEL,2025,Q2,84293802,11.77
ACEL,2025,Q3,83207946,11.07
ACEL,2025,Q4,81567065,11.41
ACET,2024,Q2,82400960,1.21
ACET,2024,Q3,82400960,1.44
ACET,2024,Q4,82685750,0.96
ACET,2025,Q1,82709625,0.76
ACET,2025,Q2,83253779,0.61
ACET,2025,Q3,153255581,0.81
ACET,2025,Q4,9596407,8.42
ACGL,2024,Q1,375494237,92.44
ACGL,2024,Q2,376057841,100.89
ACGL,2024,Q3,376241879,111.88
ACGL,2024,Q4,375357236,92.35
ACGL,2025,Q1,374754525,96.18
ACGL,2025,Q2,373220295,91.05
ACGL,2025,Q3,362625938,90.73
ACGL,2025,Q4,355803320,95.92
ACHC,2024,Q1,92774604,79.22
ACHC,2024,Q2,92867210,67.54
ACHC,2024,Q3,92885352,63.41
ACHC,2024,Q4,92913042,39.65
ACHC,2025,Q1,92122163,30.32
ACHC,2025,Q2,92346592,22.69
ACHC,2025,Q3,92258166,24.76
ACHC,2025,Q4,92211777,14.19
ACHR,2024,Q1,285344759,4.62
ACHR,2024,Q2,319442565,3.52
ACHR,2024,Q3,389161681,3.03
ACHR,2024,Q4,542470264,9.75
ACHR,2025,Q1,548881477,7.11
ACHR,2025,Q2,640636644,10.85
ACHR,2025,Q3,651297219,9.58
ACHR,2025,Q4,744046194,7.52
ACHV,2024,Q2,34341303,4.7
ACHV,2024,Q3,34389946,4.74
ACHV,2024,Q4,34685072,3.52
ACHV,2025,Q1,34685072,2.67
ACHV,2025,Q2,51104968,2.26
ACHV,2025,Q3,53233988,3.15
ACHV,2025,Q4,53239988,4.97
ACI,2023,Q4,576039866,23.0
ACI,2024,Q1,594445268,21.44
ACI,2024,Q2,579133695,19.75
ACI,2024,Q3,579348079,18.48
ACI,2024,Q4,579379327,19.64
ACI,2025,Q1,575749857,21.99
ACI,2025,Q2,559846443,21.51
ACI,2025,Q3,549307530,17.51
ACI,2025,Q4,513913121,17.17
ACI,2026,Q1,499542902,17.04
ACIC,2024,Q2,48145582,10.55
ACIC,2024,Q3,48204962,11.27
ACIC,2024,Q4,48248630,13.46
ACIC,2025,Q1,48353412,11.57
ACIC,2025,Q2,48765302,11.12
ACIC,2025,Q3,48765302,11.39
ACIC,2025,Q4,48656205,12.63
ACIU,2025,Q4,101742231,3.14
ACIW,2024,Q1,105439792,33.21
ACIW,2024,Q2,104657257,39.59
ACIW,2024,Q3,104888642,50.9
ACIW,2024,Q4,105336028,51.91
ACIW,2025,Q1,104899645,54.71
ACIW,2025,Q2,103192071,45.91
ACIW,2025,Q3,103088006,52.77
ACIW,2025,Q4,101719981,47.81
ACLS,2024,Q1,32532498,111.52
ACLS,2024,Q2,32617587,142.19
ACLS,2024,Q3,32506111,104.85
ACLS,2024,Q4,32154139,69.87
ACLS,2025,Q1,32129538,49.67
ACLS,2025,Q2,31418860,69.69
ACLS,2025,Q3,30999133,97.64
ACLS,2025,Q4,30718815,80.34
ACLX,2024,Q2,53755679,55.19
ACLX,2024,Q3,54074670,83.51
ACLX,2024,Q4,54944012,76.69
ACLX,2025,Q1,55106703,65.6
ACLX,2025,Q2,55458912,65.85
ACLX,2025,Q3,57822871,82.1
ACLX,2025,Q4,58479812,65.2
ACM,2024,Q1,136127400,98.08
ACM,2024,Q2,134066746,88.14
ACM,2024,Q3,132463704,103.27
ACM,2024,Q4,132689650,106.82
ACM,2025,Q1,132300603,92.73
ACM,2025,Q2,132446101,112.86
ACM,2025,Q3,131833332,130.47
ACM,2025,Q4,132446102,95.33
ACM,2026,Q1,129288624,84.82
ACMR,2024,Q1,56986777,29.14
ACMR,2024,Q2,57449013,23.06
ACMR,2024,Q3,57606036,20.3
ACMR,2024,Q4,58107893,15.1
ACMR,2025,Q1,58842693,23.34
ACMR,2025,Q2,59159154,25.9
ACMR,2025,Q3,59854640,39.13
ACMR,2025,Q4,60705783,39.45
ACN,2024,Q1,670421742,346.61
ACN,2024,Q2,671956882,303.41
ACN,2024,Q3,672684852,353.48
ACN,2024,Q4,674873315,351.79
ACN,2025,Q1,678372953,312.04
ACN,2025,Q2,680343350,298.89
ACN,2025,Q3,658171748,246.6
ACN,2025,Q4,660432542,268.3
ACN,2026,Q1,665142040,198.29
ACNB,2024,Q2,8545629,36.27
ACNB,2024,Q3,8548625,43.67
ACNB,2024,Q4,10542732,39.83
ACNB,2025,Q1,10473686,41.16
ACNB,2025,Q2,10467618,42.84
ACNB,2025,Q3,10384812,44.04
ACNB,2025,Q4,10353502,48.35
ACNT,2024,Q2,10124737,
ACNT,2024,Q3,10092966,
ACNT,2024,Q4,10078533,11.18
ACNT,2025,Q1,10009694,
ACNT,2025,Q2,9368002,12.61
ACNT,2025,Q3,9364814,12.88
ACNT,2025,Q4,9469820,16.19
ACOG,2024,Q2,150855536,
ACOG,2024,Q3,15531282,
ACOG,2024,Q4,16019787,
ACOG,2025,Q1,16019787,
ACOG,2025,Q2,16160787,9.33
ACOG,2025,Q3,21742104,6.51
ACOG,2025,Q4,21774104,
ACON,2025,Q4,2282371,
ACR,2025,Q3,7285680,21.16
ACR,2025,Q4,7131101,21.34
ACRE,2024,Q2,54518727,6.65
ACRE,2024,Q3,54542178,7.0
ACRE,2024,Q4,54856977,5.89
ACRE,2025,Q1,55005353,4.63
ACRE,2025,Q2,55005353,4.77
ACRE,2025,Q3,55026453,4.51
ACRE,2025,Q4,55367672,4.78
ACRS,2024,Q1,71264786,1.24
ACRS,2024,Q2,71344557,1.1
ACRS,2024,Q3,71430942,1.15
ACRS,2024,Q4,107918821,2.48
ACRS,2025,Q1,108281239,1.53
ACRS,2025,Q2,108332218,1.42
ACRS,2025,Q3,108345239,1.9
ACRS,2025,Q4,120595189,3.01
ACRV,2024,Q2,30972163,5.8
ACRV,2024,Q3,31136296,7.0
ACRV,2024,Q4,31351480,6.02
ACRV,2025,Q1,31355361,2.03
ACRV,2025,Q2,31455645,1.19
ACRV,2025,Q3,31555126,1.81
ACRV,2025,Q4,38744446,2.41
ACT,2024,Q2,155698315,30.66
ACT,2024,Q3,153589264,36.33
ACT,2024,Q4,151882153,32.38
ACT,2025,Q1,150066274,34.75
ACT,2025,Q2,147505610,37.15
ACT,2025,Q3,144395767,38.34
ACT,2025,Q4,141513864,39.64
ACTG,2024,Q2,100375459,5.01
ACTG,2024,Q3,97368165,4.66
ACTG,2024,Q4,96086040,4.34
ACTG,2025,Q1,96171702,3.2
ACTG,2025,Q2,96444993,3.58
ACTG,2025,Q3,96460378,3.25
ACTG,2025,Q4,96475469,3.74
ACTU,2024,Q2,19531636,
ACTU,2024,Q3,19531636,
ACTU,2024,Q4,19531636,
ACTU,2025,Q1,19619660,6.77
ACTU,2025,Q2,20745187,6.11
ACTU,2025,Q3,23243328,6.69
ACTU,2025,Q4,23709943,6.12
ACU,2024,Q2,3694966,35.07
ACU,2024,Q3,3741453,41.64
ACU,2024,Q4,3754498,37.33
ACU,2025,Q1,3790689,39.61
ACU,2025,Q2,3799252,41.45
ACU,2025,Q3,3806724,41.18
ACU,2025,Q4,3808225,40.31
ACVA,2024,Q1,147965283,18.77
ACVA,2024,Q2,152175941,18.25
ACVA,2024,Q3,158276243,20.33
ACVA,2024,Q4,168765167,21.6
ACVA,2025,Q1,171064794,14.09
ACVA,2025,Q2,172107121,16.22
ACVA,2025,Q3,172171225,9.91
ACVA,2025,Q4,174071580,8.02
ACXP,2024,Q2,16245099,2.25
ACXP,2024,Q3,16892548,1.9
ACXP,2024,Q4,22042511,0.81
ACXP,2025,Q1,23481606,0.39
ACXP,2025,Q2,1584775,0.51
ACXP,2025,Q3,2085363,
ACXP,2025,Q4,2855025,
ADAG,2025,Q4,59231993,1.89
ADAP,2024,Q2,1534472670,0.97
ADAP,2024,Q3,1535299242,0.95
ADAP,2024,Q4,1543391646,0.54
ADAP,2025,Q1,1590309546,0.2
ADAP,2025,Q2,1590309546,0.24
ADBE,2024,Q1,448000000,504.6
ADBE,2024,Q2,443400000,555.54
ADBE,2024,Q3,440200000,517.78
ADBE,2024,Q4,435300000,444.68
ADBE,2025,Q1,426200000,383.53
ADBE,2025,Q2,424200000,386.88
ADBE,2025,Q3,418600000,352.75
ADBE,2025,Q4,410500000,349.99
ADBE,2026,Q1,404200000,243.08
ADC,2024,Q1,100625948,57.12
ADC,2024,Q2,100624549,61.94
ADC,2024,Q3,103522677,75.33
ADC,2024,Q4,107248705,70.45
ADC,2025,Q1,110018548,77.19
ADC,2025,Q2,110666073,73.06
ADC,2025,Q3,114934390,71.04
ADC,2025,Q4,120028299,72.03
ADC,2026,Q1,120102901,75.38
ADCT,2024,Q2,96647450,3.16
ADCT,2024,Q3,96689617,3.15
ADCT,2024,Q4,99083838,1.99
ADCT,2025,Q1,99178286,1.41
ADCT,2025,Q2,112499395,2.68
ADCT,2025,Q3,123877111,4.0
ADCT,2025,Q4,127044356,3.53
ADEA,2024,Q1,108507448,10.92
ADEA,2024,Q2,108902611,11.19
ADEA,2024,Q3,109264937,11.91
ADEA,2024,Q4,107508991,13.98
ADEA,2025,Q1,108499852,13.22
ADEA,2025,Q2,109368598,14.14
ADEA,2025,Q3,109510191,16.8
ADEA,2025,Q4,109052507,17.25
ADGM,2024,Q2,13387636,11.47
ADGM,2024,Q3,14535136,
ADGM,2024,Q4,15381565,1.05
ADGM,2025,Q1,15381565,
ADGM,2025,Q2,15381565,1.3
ADGM,2025,Q3,21179637,
ADGM,2025,Q4,22210459,1.04
ADI,2024,Q1,495908150,197.79
ADI,2024,Q2,496216857,228.26
ADI,2024,Q3,496493455,230.17
ADI,2024,Q4,496296854,212.46
ADI,2025,Q1,495976483,201.67
ADI,2025,Q2,496248196,238.02
ADI,2025,Q3,491955436,245.7
ADI,2025,Q4,489654097,271.2
ADI,2026,Q1,488204157,318.14
ADIL,2024,Q1,4233308,
ADIL,2024,Q2,6403381,
ADIL,2024,Q3,6405781,
ADIL,2024,Q4,6574588,
ADIL,2025,Q1,7900695,
ADIL,2025,Q2,21828215,0.3
ADIL,2025,Q3,23987587,0.35
ADIL,2025,Q4,1427970,0.22
ADM,2024,Q1,494437789,62.81
ADM,2024,Q2,478142028,60.45
ADM,2024,Q3,478533520,59.74
ADM,2024,Q4,479707071,50.52
ADM,2025,Q1,480450015,48.01
ADM,2025,Q2,480464483,52.78
ADM,2025,Q3,480569735,59.74
ADM,2025,Q4,481201844,57.49
ADMA,2024,Q1,231809197,6.6
ADMA,2024,Q2,233082827,11.18
ADMA,2024,Q3,236390253,19.99
ADMA,2024,Q4,237615100,17.15
ADMA,2025,Q1,238734246,19.84
ADMA,2025,Q2,238630719,18.21
ADMA,2025,Q3,237997765,14.66
ADMA,2025,Q4,238159176,18.24
ADN,2025,Q3,3788634,
ADNT,2024,Q1,89823637,32.92
ADNT,2024,Q2,87189933,24.71
ADNT,2024,Q3,84866763,22.57
ADNT,2024,Q4,83927513,17.23
ADNT,2025,Q1,84016644,12.86
ADNT,2025,Q2,81245928,19.46
ADNT,2025,Q3,79151497,24.08
ADNT,2025,Q4,78329803,19.17
ADP,2024,Q1,409291332,249.74
ADP,2024,Q2,407795203,238.69
ADP,2024,Q3,407456901,276.73
ADP,2024,Q4,406870893,292.73
ADP,2025,Q1,405922749,305.53
ADP,2025,Q2,405043142,308.4
ADP,2025,Q3,404448744,293.5
ADP,2025,Q4,402644364,257.23
ADPT,2024,Q2,147472201,3.62
ADPT,2024,Q3,147579486,5.12
ADPT,2024,Q4,148582201,6.0
ADPT,2025,Q1,151916722,7.43
ADPT,2025,Q2,152273915,11.65
ADPT,2025,Q3,152665188,14.96
ADPT,2025,Q4,153981561,16.24
ADSK,2024,Q1,215446979,260.42
ADSK,2024,Q2,216000000,247.45
ADSK,2024,Q3,215000000,275.48
ADSK,2024,Q4,215000000,295.57
ADSK,2025,Q1,213000000,261.8
ADSK,2025,Q2,214000000,309.57
ADSK,2025,Q3,213000000,317.67
ADSK,2025,Q4,212000000,296.01
ADSK,2026,Q1,211000000,239.4
ADT,2024,Q2,857083468,7.6
ADT,2024,Q3,852268869,7.23
ADT,2024,Q4,821758736,6.91
ADT,2025,Q1,781765950,8.14
ADT,2025,Q2,776526793,8.47
ADT,2025,Q3,765018211,8.71
ADT,2025,Q4,765377312,8.07
ADTN,2024,Q1,79116535,5.44
ADTN,2024,Q2,79232047,5.26
ADTN,2024,Q3,79248942,5.93
ADTN,2024,Q4,79860033,8.33
ADTN,2025,Q1,79977574,8.72
ADTN,2025,Q2,80052167,8.97
ADTN,2025,Q3,80115995,9.38
ADTN,2025,Q4,80659651,8.69
ADUS,2024,Q1,16370336,103.34
ADUS,2024,Q2,18100285,116.11
ADUS,2024,Q3,18133115,133.03
ADUS,2024,Q4,18172865,125.35
ADUS,2025,Q1,18399139,98.89
ADUS,2025,Q2,18407239,115.19
ADUS,2025,Q3,18483271,117.99
ADUS,2025,Q4,18518271,107.39
ADV,2024,Q1,322179519,4.33
ADV,2024,Q2,320538405,3.22
ADV,2024,Q3,320753749,3.43
ADV,2024,Q4,320773096,2.92
ADV,2025,Q1,324312000,1.51
ADV,2025,Q2,325946871,1.32
ADV,2025,Q3,326271915,1.53
ADV,2025,Q4,327507690,0.88
ADVB,2025,Q2,21640000,
ADVB,2025,Q4,21640000,
ADVM,2024,Q2,20800903,6.86
ADVM,2024,Q3,20802463,7.02
ADVM,2024,Q4,20890540,4.67
ADVM,2025,Q1,20890733,4.37
ADVM,2025,Q2,20984161,2.15
ADVM,2025,Q3,22077467,4.53
AEBI,2025,Q3,77341785,12.47
AEBI,2025,Q4,77435027,12.65
AEE,2024,Q1,266670374,73.96
AEE,2024,Q2,266816725,71.11
AEE,2024,Q3,266927767,87.46
AEE,2024,Q4,269906252,89.14
AEE,2025,Q1,270278917,100.4
AEE,2025,Q2,270409918,96.04
AEE,2025,Q3,270494916,104.38
AEE,2025,Q4,276424515,99.86
AEG,2025,Q4,1573119870,7.71
AEHR,2024,Q1,28914729,12.4
AEHR,2024,Q2,29007409,11.17
AEHR,2024,Q3,29630858,12.85
AEHR,2024,Q4,29711804,16.63
AEHR,2025,Q1,29771410,7.29
AEHR,2025,Q2,29915061,12.93
AEHR,2025,Q3,30006590,30.11
AEHR,2025,Q4,30627342,20.19
AEHR,2026,Q1,31453254,
AEI,2024,Q2,9235119,
AEI,2024,Q3,9235119,
AEI,2024,Q4,10735119,
AEI,2025,Q1,11735119,
AEI,2025,Q2,39221676,
AEI,2025,Q3,38905255,
AEI,2025,Q4,38895830,
AEIS,2024,Q1,37442660,101.98
AEIS,2024,Q2,37672536,108.76
AEIS,2024,Q3,37673067,105.24
AEIS,2024,Q4,37721671,115.63
AEIS,2025,Q1,37655384,95.31
AEIS,2025,Q2,37720036,132.5
AEIS,2025,Q3,37745489,170.14
AEIS,2025,Q4,37750990,209.37
AEM,2024,Q3,501031008,80.56
AEM,2024,Q4,501516992,78.21
AEM,2025,Q1,503144000,108.41
AEM,2025,Q3,501630000,168.56
AEM,2025,Q4,500046600,169.53
AEMD,2024,Q2,13937327,0.5
AEMD,2024,Q3,13961998,0.47
AEMD,2024,Q4,14457096,0.86
AEMD,2025,Q1,2585316,0.36
AEMD,2025,Q4,1315110,
AENT,2025,Q2,50957370,3.77
AENT,2025,Q4,50957370,
AEO,2024,Q1,197156524,25.79
AEO,2024,Q2,196430395,19.96
AEO,2024,Q3,192063586,22.39
AEO,2024,Q4,192101783,16.67
AEO,2025,Q1,172514102,11.62
AEO,2025,Q2,173268234,9.62
AEO,2025,Q3,169338842,17.11
AEO,2025,Q4,169512006,26.37
AEO,2026,Q1,166674664,16.7
AEON,2025,Q3,11838447,
AEON,2025,Q4,25303058,
AEP,2024,Q1,527121759,86.1
AEP,2024,Q2,532119995,87.74
AEP,2024,Q3,532565335,102.6
AEP,2024,Q4,532907715,92.23
AEP,2025,Q1,534195026,109.27
AEP,2025,Q2,534794763,103.76
AEP,2025,Q3,535265602,112.5
AEP,2025,Q4,540861473,115.31
AER,2024,Q3,195159008,94.72
AER,2024,Q4,189731008,95.7
AER,2025,Q1,186783008,102.17
AER,2025,Q3,186780000,121.0
AER,2025,Q4,166876547,143.76
AERT,2025,Q1,47152626,
AERT,2025,Q4,50209716,
AES,2024,Q1,710666647,17.93
AES,2024,Q2,710924314,17.57
AES,2024,Q3,711027043,20.06
AES,2024,Q4,711900547,12.87
AES,2025,Q1,711922815,12.42
AES,2025,Q2,712049564,10.52
AES,2025,Q3,712120944,13.16
AES,2025,Q4,712558860,14.34
AESI,2024,Q2,109870061,19.93
AESI,2024,Q3,110216836,21.8
AESI,2024,Q4,121740086,22.18
AESI,2025,Q1,123621233,17.84
AESI,2025,Q2,123738998,13.37
AESI,2025,Q3,123982170,11.37
AESI,2025,Q4,124161317,9.42
AEVA,2024,Q1,52847027,3.93
AEVA,2024,Q2,53648432,2.52
AEVA,2024,Q3,53882801,3.29
AEVA,2024,Q4,54713688,4.75
AEVA,2025,Q1,55022644,7.0
AEVA,2025,Q2,56327698,37.79
AEVA,2025,Q3,60079908,14.5
AEVA,2025,Q4,62947689,13.28
AEYE,2024,Q2,11879116,17.61
AEYE,2024,Q3,12178130,22.85
AEYE,2024,Q4,12412544,15.21
AEYE,2025,Q1,12458309,11.1
AEYE,2025,Q2,12407649,11.65
AEYE,2025,Q3,12418617,13.86
AEYE,2025,Q4,12495980,9.99
AFBI,2024,Q2,6412430,21.2
AFBI,2024,Q3,6412430,21.41
AFBI,2024,Q4,6387329,17.5
AFBI,2025,Q1,6316088,17.76
AFBI,2025,Q2,6292422,18.38
AFBI,2025,Q3,6167602,19.72
AFBI,2025,Q4,6094885,20.41
AFCG,2024,Q2,20667094,12.2
AFCG,2024,Q3,21952677,10.21
AFCG,2024,Q4,22596007,8.33
AFCG,2025,Q1,22596007,5.57
AFCG,2025,Q2,22594541,4.48
AFCG,2025,Q3,22594541,3.83
AFCG,2025,Q4,23528844,2.85
AFG,2024,Q1,83866972,136.48
AFG,2024,Q2,83903815,123.02
AFG,2024,Q3,83931257,134.6
AFG,2024,Q4,83982106,136.93
AFG,2025,Q1,83517982,131.34
AFG,2025,Q2,83394479,126.21
AFG,2025,Q3,83403572,145.72
AFG,2025,Q4,83298833,136.68
AFJKU,2025,Q3,6121733,
AFL,2024,Q1,568222447,85.86
AFL,2024,Q2,560026311,89.31
AFL,2024,Q3,555528417,111.8
AFL,2024,Q4,546588291,103.44
AFL,2025,Q1,540645028,111.19
AFL,2025,Q2,534831490,105.46
AFL,2025,Q3,524113917,111.7
AFL,2025,Q4,516369452,110.27
AFRM,2024,Q1,263837691,37.26
AFRM,2024,Q2,267435252,30.21
AFRM,2024,Q3,271918122,40.82
AFRM,2024,Q4,277254755,60.9
AFRM,2025,Q1,281825613,45.19
AFRM,2025,Q2,284917717,69.14
AFRM,2025,Q3,289362771,73.08
AFRM,2025,Q4,292409876,74.43
AG,2024,Q3,301616000,6.0
AG,2024,Q4,301864000,5.49
AG,2025,Q1,484089984,6.69
AG,2025,Q3,490030000,12.29
AG,2025,Q4,490356045,16.66
AGAE,2025,Q3,38014430,0.92
AGCO,2024,Q1,74619501,123.02
AGCO,2024,Q2,74642303,97.88
AGCO,2024,Q3,74645281,97.86
AGCO,2024,Q4,74582014,93.48
AGCO,2025,Q1,74586793,92.57
AGCO,2025,Q2,74620227,103.16
AGCO,2025,Q3,74623566,107.07
AGCO,2025,Q4,72400559,104.32
AGEN,2024,Q1,20999261,0.58
AGEN,2024,Q2,21571941,16.75
AGEN,2024,Q3,23458929,5.48
AGEN,2024,Q4,25308841,2.74
AGEN,2025,Q1,27416850,1.51
AGEN,2025,Q2,31864108,4.57
AGEN,2025,Q3,34008349,3.85
AGEN,2025,Q4,38398354,3.14
AGFY,2025,Q3,2002568,
AGFY,2025,Q4,2149148,
AGH,2025,Q3,15056297,
AGH,2025,Q4,20254682,
AGI,2024,Q3,419718016,19.94
AGI,2024,Q4,420281984,18.44
AGI,2025,Q1,420422016,26.74
AGI,2025,Q3,420710000,34.86
AGI,2025,Q4,419834240,38.58
AGIO,2024,Q1,56772966,29.24
AGIO,2024,Q2,56893130,43.12
AGIO,2024,Q3,57030195,44.43
AGIO,2024,Q4,57296167,32.86
AGIO,2025,Q1,57915199,29.3
AGIO,2025,Q2,58101518,33.26
AGIO,2025,Q3,58313812,40.14
AGIO,2025,Q4,58592172,27.22
AGL,2024,Q1,411261609,6.1
AGL,2024,Q2,411482837,6.54
AGL,2024,Q3,412017845,3.93
AGL,2024,Q4,412303066,1.9
AGL,2025,Q1,413951779,4.33
AGL,2025,Q2,414423149,2.3
AGL,2025,Q3,414581604,1.03
AGL,2025,Q4,414869759,0.69
AGM,2024,Q3,9354722,187.41
AGM.A,2025,Q3,1030780,
AGM.A,2025,Q4,1030780,
AGNC,2024,Q1,726929217,9.9
AGNC,2024,Q2,782464442,9.54
AGNC,2024,Q3,885639833,10.46
AGNC,2024,Q4,900421216,9.21
AGNC,2025,Q1,1020375406,9.58
AGNC,2025,Q2,1041732565,9.19
AGNC,2025,Q3,1072724070,9.79
AGNC,2025,Q4,1108770670,10.72
AGO,2024,Q1,54442902,87.25
AGO,2024,Q2,52635580,77.15
AGO,2024,Q3,50900850,79.52
AGO,2024,Q4,50103140,90.01
AGO,2025,Q1,49091143,88.1
AGO,2025,Q2,47615221,87.1
AGO,2025,Q3,46109095,84.65
AGO,2025,Q4,44948769,89.87
AGRI,2025,Q3,93112148,
AGRI,2025,Q4,89798842,
AGRO,2024,Q3,102461000,11.07
AGRO,2024,Q4,100837000,9.43
AGRO,2025,Q1,100054000,11.17
AGRO,2025,Q3,99990000,7.84
AGRO,2025,Q4,141465745,7.93
AGS,2024,Q2,40238061,11.5
AGS,2024,Q3,40926779,11.39
AGS,2024,Q4,41258449,11.53
AGS,2025,Q1,41505492,
AGX,2024,Q3,13499650,101.43
AGX,2025,Q1,13634214,131.17
AGX,2025,Q4,13873410,313.32
AGX,2026,Q1,13945962,544.65
AGYS,2024,Q1,27454213,84.26
AGYS,2024,Q2,27881838,104.14
AGYS,2024,Q3,27950510,108.97
AGYS,2024,Q4,27963988,131.71
AGYS,2025,Q1,28017312,72.54
AGYS,2025,Q4,28108247,118.84
AHCO,2024,Q1,133195000,11.51
AHCO,2024,Q2,133377000,10.0
AHCO,2024,Q3,134539000,11.23
AHCO,2024,Q4,134602000,9.52
AHCO,2025,Q1,134941000,10.84
AHCO,2025,Q2,135297767,9.43
AHCO,2025,Q3,135424334,8.95
AHCO,2025,Q4,135914816,9.96
AHH,2024,Q1,67073451,10.4
AHH,2024,Q2,67872875,11.09
AHH,2024,Q3,79693739,10.83
AHH,2024,Q4,79918740,10.23
AHH,2025,Q1,80155369,7.51
AHH,2025,Q2,80158804,6.87
AHH,2025,Q3,80153392,7.01
AHH,2025,Q4,80176689,6.62
AHL,2025,Q4,91893366,37.1
AHR,2024,Q1,65372222,14.75
AHR,2024,Q2,131647015,14.61
AHR,2024,Q3,153062404,26.1
AHR,2024,Q4,157565295,28.42
AHR,2025,Q1,159496793,30.3
AHR,2025,Q2,168575204,36.74
AHR,2025,Q3,176908238,42.01
AHR,2025,Q4,188028542,47.06
AHT,2024,Q1,42406378,1.37
AHT,2024,Q2,50196580,0.97
AHT,2024,Q3,5520951,0.75
AHT,2024,Q4,5775167,
AHT,2025,Q1,5860754,
AHT,2025,Q2,6132193,
AHT,2025,Q3,6411532,
AHT,2025,Q4,6476491,4.26
AI,2024,Q1,118548799,27.07
AI,2024,Q2,121317784,28.96
AI,2024,Q3,123532746,24.23
AI,2024,Q4,125565327,34.43
AI,2025,Q1,129238730,21.05
AI,2025,Q2,130885934,24.57
AI,2025,Q3,134349704,17.34
AI,2025,Q4,137253289,13.48
AI,2026,Q1,141791230,8.42
AIFEU,2025,Q3,8869250,
AIFEU,2025,Q4,8869250,
AIFF,2024,Q2,7341393,
AIFF,2024,Q3,8503365,
AIFF,2024,Q4,11622952,
AIFF,2025,Q1,12861098,3.93
AIFF,2025,Q2,13392918,2.83
AIFF,2025,Q3,13482511,2.91
AIFF,2025,Q4,14793075,0.88
AIG,2024,Q1,663668009,78.17
AIG,2024,Q2,643951434,74.24
AIG,2024,Q3,623769375,73.23
AIG,2024,Q4,593332964,72.8
AIG,2025,Q1,576330260,86.94
AIG,2025,Q2,554003850,85.59
AIG,2025,Q3,539576054,78.54
AIG,2025,Q4,536559663,85.55
AIHS,2025,Q1,10518040,
AIHS,2025,Q4,4557489,
AII,2025,Q3,19576804,22.31
AII,2025,Q4,19579009,20.83
AIM,2025,Q3,2853114,
AIM,2025,Q4,8147782,
AIMD,2025,Q3,4812634,
AIMD,2025,Q4,7266011,
AIN,2024,Q1,40898000,93.51
AIN,2024,Q2,31200000,84.45
AIN,2024,Q3,31300000,88.85
AIN,2024,Q4,30900000,79.97
AIN,2025,Q1,30200000,69.04
AIN,2025,Q2,40984000,70.13
AIN,2025,Q3,40989000,53.3
AIN,2025,Q4,40989000,50.7
AIOT,2024,Q2,107758010,4.57
AIOT,2024,Q3,132138557,5.0
AIOT,2024,Q4,132509343,6.66
AIOT,2025,Q1,133370542,5.49
AIOT,2025,Q4,134147277,5.32
AIP,2024,Q2,39257166,7.51
AIP,2024,Q3,40177393,7.72
AIP,2024,Q4,40948190,10.19
AIP,2025,Q1,41977728,6.91
AIP,2025,Q2,42649917,9.53
AIP,2025,Q3,43683773,10.1
AIP,2025,Q4,45467261,15.5
AIR,2024,Q1,35427056,59.87
AIR,2024,Q2,35711075,72.7
AIR,2024,Q3,35907686,65.36
AIR,2024,Q4,35914649,61.28
AIR,2025,Q1,36103802,55.99
AIR,2025,Q2,35847589,68.79
AIR,2025,Q3,36112491,89.67
AIR,2025,Q4,39572508,82.79
AIR,2026,Q1,39764268,109.46
AIRE,2024,Q2,44323226,0.95
AIRE,2024,Q3,45864503,
AIRE,2024,Q4,46230930,
AIRE,2025,Q1,51248840,1.09
AIRE,2025,Q2,83775039,0.31
AIRE,2025,Q3,128044308,0.77
AIRE,2025,Q4,131852546,0.42
AIRE,2026,Q1,134118789,
AIRG,2024,Q2,11301507,6.04
AIRG,2024,Q3,11344639,7.54
AIRG,2024,Q4,11558901,7.06
AIRG,2025,Q1,11794084,3.37
AIRG,2025,Q2,11903285,4.18
AIRG,2025,Q3,11958193,4.34
AIRG,2025,Q4,12223892,4.06
AIRI,2024,Q2,3337037,
AIRI,2024,Q3,3358119,
AIRI,2024,Q4,3694095,4.07
AIRI,2025,Q1,3764237,
AIRI,2025,Q2,4771954,
AIRI,2025,Q3,4775777,3.13
AIRI,2025,Q4,4781054,3.07
AIRJ,2025,Q3,60538813,4.69
AIRJ,2025,Q4,61207295,3.94
AIRO,2025,Q3,31303834,19.2
AIRO,2025,Q4,31434967,8.18
AIRS,2024,Q2,57592078,4.0
AIRS,2024,Q3,57882284,5.07
AIRS,2024,Q4,58574516,5.19
AIRS,2025,Q1,58779850,2.34
AIRS,2025,Q2,62436670,4.83
AIRS,2025,Q3,62436670,8.02
AIRS,2025,Q4,70545681,1.98
AIRT,2025,Q1,2702639,
AIRT,2025,Q4,2702639,
AISP,2025,Q3,34175563,5.17
AISP,2025,Q4,34372162,2.89
AIT,2024,Q1,38602617,197.55
AIT,2024,Q2,38358730,194.0
AIT,2024,Q3,38446528,223.13
AIT,2024,Q4,38377254,239.47
AIT,2025,Q1,38084641,225.34
AIT,2025,Q2,37752947,232.45
AIT,2025,Q3,37717910,261.05
AIT,2025,Q4,37302440,256.77
AIT,2026,Q1,36959541,265.32
AIV,2024,Q1,144827125,8.19
AIV,2024,Q2,141609410,8.29
AIV,2024,Q3,141269368,9.04
AIV,2024,Q4,141967654,9.09
AIV,2025,Q1,141707657,8.8
AIV,2025,Q2,142331227,8.65
AIV,2025,Q3,144075540,7.93
AIV,2025,Q4,143870326,5.94
AIZ,2024,Q1,51985804,188.24
AIZ,2024,Q2,51793255,166.25
AIZ,2024,Q3,51287376,198.86
AIZ,2024,Q4,50791921,213.22
AIZ,2025,Q1,50702324,209.75
AIZ,2025,Q2,50459211,197.49
AIZ,2025,Q3,50081110,216.6
AIZ,2025,Q4,49699769,240.85
AJG,2024,Q1,218500000,250.04
AJG,2024,Q2,219100000,259.31
AJG,2024,Q3,219400000,281.37
AJG,2024,Q4,254700000,283.85
AJG,2025,Q1,256100000,345.24
AJG,2025,Q2,256400000,320.12
AJG,2025,Q3,256800000,309.74
AJG,2025,Q4,257100000,258.79
AKA,2025,Q3,10739676,
AKA,2025,Q4,10816625,
AKAM,2024,Q1,152316548,108.76
AKAM,2024,Q2,151525770,90.08
AKAM,2024,Q3,150226986,100.95
AKAM,2024,Q4,150317536,95.65
AKAM,2025,Q1,146206374,80.5
AKAM,2025,Q2,143385528,79.76
AKAM,2025,Q3,143865237,75.76
AKAM,2025,Q4,144888114,87.25
AKBA,2024,Q2,210288210,1.02
AKBA,2024,Q3,218181202,1.32
AKBA,2024,Q4,236231057,1.9
AKBA,2025,Q1,262635836,1.92
AKBA,2025,Q2,265145038,3.64
AKBA,2025,Q3,265365993,2.73
AKBA,2025,Q4,267879239,1.61
AKR,2024,Q1,103181468,17.01
AKR,2024,Q2,105331061,17.92
AKR,2024,Q3,119654906,23.48
AKR,2024,Q4,119679930,24.16
AKR,2025,Q1,130960919,20.95
AKR,2025,Q2,131013079,18.57
AKR,2025,Q3,131034624,20.15
AKR,2025,Q4,131039388,20.54
AKRO,2024,Q2,69430754,23.46
AKRO,2024,Q3,69799148,28.69
AKRO,2024,Q4,79620128,27.82
AKRO,2025,Q1,79717570,40.48
AKRO,2025,Q2,79988975,53.36
AKRO,2025,Q3,82316179,47.48
AKTX,2025,Q3,71479461523,
AKTX,2025,Q4,91567009533,
AKYA,2024,Q2,49499487,2.34
AKYA,2024,Q3,49563386,2.72
AKYA,2024,Q4,49816357,2.29
AKYA,2025,Q1,49875399,
AL,2024,Q1,111366501,51.44
AL,2024,Q2,111376884,47.53
AL,2024,Q3,111376884,45.29
AL,2024,Q4,111376884,48.21
AL,2025,Q1,111759135,48.31
AL,2025,Q2,111765032,58.49
AL,2025,Q3,111765032,63.65
AL,2025,Q4,112035408,64.23
ALAB,2024,Q1,155701301,74.19
ALAB,2024,Q2,156656716,60.51
ALAB,2024,Q3,158610853,52.39
ALAB,2024,Q4,162153472,132.45
ALAB,2025,Q1,164916814,59.67
ALAB,2025,Q2,166219140,90.42
ALAB,2025,Q3,168903616,195.8
ALAB,2025,Q4,170214503,166.36
ALAR,2025,Q4,71758374,8.58
ALB,2024,Q1,117527473,131.74
ALB,2024,Q2,117533235,95.52
ALB,2024,Q3,117540339,94.71
ALB,2024,Q4,117573461,86.08
ALB,2025,Q1,117660914,72.02
ALB,2025,Q2,117682932,62.67
ALB,2025,Q3,117697540,81.08
ALB,2025,Q4,117847220,141.44
ALBT,2025,Q3,4252009,
ALBT,2025,Q4,8023609,
ALC,2025,Q4,487427920,78.81
ALCO,2024,Q2,7628739,25.91
ALCO,2024,Q4,7637657,25.93
ALCO,2025,Q1,7642085,29.84
ALCO,2025,Q2,7645360,32.68
ALCO,2025,Q3,7656646,34.66
ALCO,2025,Q4,7656646,36.38
ALCYU,2025,Q3,3470499,
ALCYU,2025,Q4,3470499,
ALDF,2024,Q3,29868214,
ALDF,2024,Q4,29868214,9.94
ALDF,2025,Q1,29868214,10.1
ALDFU,2025,Q3,29868214,
ALDFU,2025,Q4,23707500,
ALDX,2024,Q2,59421551,3.31
ALDX,2024,Q3,59549598,5.39
ALDX,2024,Q4,59708654,4.99
ALDX,2025,Q1,59895588,5.75
ALDX,2025,Q2,59895588,3.83
ALDX,2025,Q3,60162773,5.22
ALDX,2025,Q4,60182782,5.18
ALE,2024,Q1,57666069,59.64
ALE,2024,Q2,57753513,62.35
ALE,2024,Q3,57818971,64.19
ALE,2024,Q4,57901153,64.8
ALE,2025,Q1,57963812,65.7
ALE,2025,Q2,58035364,64.07
ALE,2025,Q3,58098399,66.4
ALEC,2024,Q2,97321062,4.54
ALEC,2024,Q3,97932605,4.66
ALEC,2024,Q4,99085888,1.89
ALEC,2025,Q1,99992600,1.23
ALEC,2025,Q2,101212329,1.4
ALEC,2025,Q3,109151472,2.96
ALEC,2025,Q4,110362581,1.56
ALEX,2024,Q2,72621777,16.96
ALEX,2024,Q3,72632947,19.2
ALEX,2024,Q4,72711414,17.74
ALEX,2025,Q1,72711539,17.23
ALEX,2025,Q2,72753270,17.83
ALEX,2025,Q3,72758460,18.19
ALEX,2025,Q4,72875492,20.64
ALF,2024,Q2,28750000,
ALF,2024,Q3,28750000,10.02
ALF,2024,Q4,28750000,10.1
ALF,2025,Q1,28750000,10.3
ALF,2025,Q3,31250000,10.55
ALFUU,2025,Q3,28750000,
ALFUU,2025,Q4,28750000,
ALG,2024,Q2,12059984,173.0
ALG,2024,Q3,12060141,180.13
ALG,2024,Q4,12063468,185.91
ALG,2025,Q1,12089957,178.21
ALG,2025,Q2,12110910,218.38
ALG,2025,Q3,12115428,190.9
ALG,2025,Q4,12121294,167.87
ALGM,2023,Q4,193125832,30.27
ALGM,2024,Q1,193748130,26.96
ALGM,2024,Q2,193920480,28.24
ALGM,2024,Q3,183983854,23.3
ALGM,2024,Q4,184125032,21.86
ALGM,2025,Q1,184901228,25.13
ALGM,2025,Q2,185040489,34.19
ALGM,2025,Q3,185119045,29.2
ALGM,2025,Q4,185290870,26.38
ALGN,2024,Q1,75281687,327.92
ALGN,2024,Q2,74697065,241.43
ALGN,2024,Q3,74653060,254.32
ALGN,2024,Q4,73597648,208.51
ALGN,2025,Q1,72484841,158.86
ALGN,2025,Q2,72486368,189.33
ALGN,2025,Q3,71749995,125.22
ALGN,2025,Q4,71282132,156.15
ALGS,2024,Q2,76810229,0.35
ALGS,2024,Q3,3464199,8.66
ALGS,2024,Q4,6114311,39.84
ALGS,2025,Q1,6114801,8.25
ALGS,2025,Q2,6151374,7.21
ALGS,2025,Q3,6153582,9.8
ALGS,2025,Q4,6187807,9.32
ALGT,2024,Q1,18232284,75.21
ALGT,2024,Q2,18296800,50.23
ALGT,2024,Q3,18343946,55.06
ALGT,2024,Q4,18338274,94.12
ALGT,2025,Q1,18254744,51.65
ALGT,2025,Q2,18350182,54.95
ALGT,2025,Q3,18313574,60.77
ALGT,2025,Q4,18452294,85.27
ALHC,2024,Q2,191299946,7.82
ALHC,2024,Q3,191696093,11.82
ALHC,2024,Q4,191832332,11.25
ALHC,2025,Q1,197843352,18.62
ALHC,2025,Q2,198031417,14.0
ALHC,2025,Q3,200091742,17.45
ALHC,2025,Q4,204296493,19.75
ALIT,2024,Q1,550348057,9.85
ALIT,2024,Q2,535336010,7.38
ALIT,2024,Q3,532506339,7.4
ALIT,2024,Q4,532668799,6.92
ALIT,2025,Q1,527834564,5.93
ALIT,2025,Q2,528867922,5.66
ALIT,2025,Q3,522778829,3.26
ALIT,2025,Q4,524107829,1.95
ALK,2024,Q1,126891838,42.99
ALK,2024,Q2,126159173,40.4
ALK,2024,Q3,126944559,45.21
ALK,2024,Q4,123078168,64.75
ALK,2025,Q1,121392507,49.22
ALK,2025,Q2,115310451,49.48
ALK,2025,Q3,115988613,49.78
ALK,2025,Q4,114641450,50.3
ALKS,2024,Q1,169221311,27.07
ALKS,2024,Q2,164668329,24.1
ALKS,2024,Q3,161802508,27.99
ALKS,2024,Q4,162614067,28.76
ALKS,2025,Q1,164901285,33.02
ALKS,2025,Q2,165077979,28.61
ALKS,2025,Q3,165117509,30.0
ALKS,2025,Q4,166649934,27.98
ALKT,2024,Q2,98985370,28.48
ALKT,2024,Q3,100496654,31.54
ALKT,2024,Q4,102232922,36.68
ALKT,2025,Q1,103019976,26.25
ALKT,2025,Q2,104083138,30.14
ALKT,2025,Q3,105004011,24.84
ALKT,2025,Q4,106148144,23.07
ALL,2024,Q1,263915332,173.01
ALL,2024,Q2,264040589,159.66
ALL,2024,Q3,264803459,189.65
ALL,2024,Q4,265026048,192.79
ALL,2025,Q1,264817505,207.07
ALL,2025,Q2,263505334,201.31
ALL,2025,Q3,261681708,214.65
ALL,2025,Q4,259535842,208.15
ALLE,2024,Q1,87440696,134.71
ALLE,2024,Q2,87128089,118.15
ALLE,2024,Q3,86929281,145.74
ALLE,2024,Q4,86290351,130.68
ALLE,2025,Q1,86049290,130.46
ALLE,2025,Q2,85846520,144.12
ALLE,2025,Q3,86031953,177.35
ALLE,2025,Q4,86145484,159.22
ALLE,2026,Q1,85935861,145.29
ALLK,2024,Q2,88850713,1.0
ALLK,2024,Q3,89343634,0.65
ALLK,2024,Q4,90203245,1.21
ALLK,2025,Q1,90376972,
ALLO,2024,Q2,209111516,2.33
ALLO,2024,Q3,209672091,2.8
ALLO,2024,Q4,217264738,2.13
ALLO,2025,Q1,218730809,1.46
ALLO,2025,Q2,221881029,1.13
ALLO,2025,Q3,224730144,1.24
ALLO,2025,Q4,243777920,1.37
ALLR,2025,Q3,15811886,
ALLR,2025,Q4,15818980,1.08
ALLT,2025,Q4,48645282,9.83
ALLY,2024,Q1,303981222,40.59
ALLY,2024,Q2,304671884,39.67
ALLY,2024,Q3,304714784,35.59
ALLY,2024,Q4,307113093,36.01
ALLY,2025,Q1,307174699,36.47
ALLY,2025,Q2,307808031,38.95
ALLY,2025,Q3,308053195,39.2
ALLY,2025,Q4,309091700,45.29
ALM,2025,Q4,262776228,8.81
ALMS,2024,Q2,47218394,13.3
ALMS,2024,Q3,47222419,10.68
ALMS,2024,Q4,47222419,7.86
ALMS,2025,Q1,47220636,6.14
ALMS,2025,Q2,96879394,3.0
ALMS,2025,Q3,97208495,3.99
ALMS,2025,Q4,123139425,9.76
ALMU,2025,Q2,15892887,16.37
ALMU,2025,Q4,18049306,17.17
ALNT,2024,Q2,16844133,25.27
ALNT,2024,Q3,16845378,18.99
ALNT,2024,Q4,16844836,24.28
ALNT,2025,Q1,16928886,21.98
ALNT,2025,Q2,16946976,36.31
ALNT,2025,Q3,16943497,44.75
ALNT,2025,Q4,16940049,53.75
ALNY,2024,Q1,126491778,149.45
ALNY,2024,Q2,128380513,243.0
ALNY,2024,Q3,128980917,275.03
ALNY,2024,Q4,129457156,235.31
ALNY,2025,Q1,130388393,270.02
ALNY,2025,Q2,131079015,326.09
ALNY,2025,Q3,132113818,456.0
ALNY,2025,Q4,132623144,397.65
ALOT,2025,Q1,7574834,9.19
ALOT,2025,Q4,7638423,
ALOT,2026,Q1,7692840,
ALRM,2024,Q1,50188716,72.47
ALRM,2024,Q2,49248750,63.54
ALRM,2024,Q3,49429093,54.67
ALRM,2024,Q4,49646941,60.8
ALRM,2025,Q1,49742009,55.65
ALRM,2025,Q2,49905032,56.57
ALRM,2025,Q3,49879680,53.08
ALRM,2025,Q4,49666158,51.02
ALRS,2024,Q2,19777796,19.61
ALRS,2024,Q3,25338280,22.88
ALRS,2024,Q4,25362855,19.24
ALRS,2025,Q1,25365662,18.46
ALRS,2025,Q2,25396307,21.64
ALRS,2025,Q3,25397303,22.14
ALRS,2025,Q4,25401161,22.52
ALSN,2024,Q1,87478168,81.16
ALSN,2024,Q2,87137881,75.9
ALSN,2024,Q3,86622825,96.07
ALSN,2024,Q4,85518298,108.06
ALSN,2025,Q1,84254786,95.67
ALSN,2025,Q2,83616722,94.99
ALSN,2025,Q3,83228716,84.88
ALSN,2025,Q4,82805592,97.9
ALT,2024,Q1,70902191,10.18
ALT,2024,Q2,71070951,6.65
ALT,2024,Q3,71124625,6.14
ALT,2024,Q4,77013658,7.21
ALT,2025,Q1,81106973,5.0
ALT,2025,Q2,88257253,3.87
ALT,2025,Q3,104254173,3.77
ALT,2025,Q4,130069983,3.61
ALTG,2024,Q1,33147140,12.95
ALTG,2024,Q2,33092539,8.04
ALTG,2024,Q3,33256321,6.74
ALTG,2024,Q4,32859690,6.54
ALTG,2025,Q1,33191065,4.69
ALTG,2025,Q2,32047943,6.32
ALTG,2025,Q3,32235283,7.24
ALTG,2025,Q4,32266582,4.6
ALTI,2024,Q1,71742444,5.66
ALTI,2024,Q2,91846903,5.21
ALTI,2024,Q3,93686980,3.74
ALTI,2024,Q4,96100040,4.41
ALTI,2025,Q1,99873686,3.04
ALTI,2025,Q2,101543149,4.15
ALTI,2025,Q3,102464812,3.56
ALTI,2025,Q4,107438077,4.64
ALTO,2024,Q1,76628808,2.18
ALTO,2024,Q2,76486169,1.45
ALTO,2024,Q3,76646125,1.61
ALTO,2024,Q4,76611090,1.56
ALTO,2025,Q1,77210171,1.14
ALTO,2025,Q2,77396807,1.15
ALTO,2025,Q3,77342488,1.08
ALTO,2025,Q4,77292548,2.88
ALTS,2025,Q3,126089629,2.69
ALTS,2025,Q4,126474169,1.1
ALUR,2025,Q3,9262586,
ALUR,2025,Q4,14994486,1.23
ALV,2024,Q1,81374584,120.43
ALV,2024,Q2,80079757,106.99
ALV,2024,Q3,78751746,93.37
ALV,2024,Q4,77714402,93.79
ALV,2025,Q1,77305160,88.45
ALV,2025,Q2,76807215,111.9
ALV,2025,Q3,75965348,123.5
ALV,2025,Q4,74706513,118.7
ALV,2026,Q1,74863338,105.16
ALVO,2025,Q4,312021375,5.13
ALX,2024,Q2,5107290,224.86
ALX,2024,Q3,5107290,242.36
ALX,2024,Q4,5107290,200.06
ALX,2025,Q1,5107290,209.16
ALX,2025,Q2,5107290,225.32
ALX,2025,Q3,5107290,234.49
ALX,2025,Q4,5107290,217.94
ALXO,2024,Q2,52671790,6.03
ALXO,2024,Q3,52743104,1.82
ALXO,2024,Q4,53384145,1.67
ALXO,2025,Q1,53444020,0.62
ALXO,2025,Q2,53551134,0.42
ALXO,2025,Q3,54218001,1.83
ALXO,2025,Q4,131608278,1.13
ALZN,2025,Q2,2896432,
ALZN,2025,Q4,3801604,
ALZN,2026,Q1,3804741,
AM,2024,Q1,481241000,14.06
AM,2024,Q2,481261000,14.74
AM,2024,Q3,481324000,15.05
AM,2024,Q4,478606000,15.09
AM,2025,Q1,479219000,18.0
AM,2025,Q2,478501000,18.95
AM,2025,Q3,476275000,19.44
AM,2025,Q4,473081000,17.79
AMAL,2024,Q2,30643596,27.4
AMAL,2024,Q3,30669303,31.37
AMAL,2024,Q4,30687354,33.47
AMAL,2025,Q1,30589730,28.75
AMAL,2025,Q2,30109078,31.2
AMAL,2025,Q3,29936320,27.15
AMAL,2025,Q4,29829356,32.03
AMAT,2024,Q1,830897356,206.23
AMAT,2024,Q2,827974828,235.99
AMAT,2024,Q3,824404088,202.05
AMAT,2024,Q4,813684638,162.63
AMAT,2025,Q1,812440849,145.12
AMAT,2025,Q2,802498217,183.07
AMAT,2025,Q3,796642427,204.74
AMAT,2025,Q4,792943366,256.99
AMAT,2026,Q1,793609867,341.79
AMBA,2024,Q1,40962191,50.77
AMBA,2024,Q2,40985225,53.95
AMBA,2024,Q3,41274495,56.4
AMBA,2024,Q4,41701953,72.74
AMBA,2025,Q1,42437410,50.33
AMBA,2025,Q2,42414087,66.06
AMBA,2025,Q3,42689006,82.52
AMBA,2025,Q4,43050486,70.84
AMBA,2026,Q1,43788879,51.47
AMBC,2024,Q1,45224972,15.63
AMBC,2024,Q2,47440995,12.82
AMBC,2024,Q3,47443141,11.21
AMBC,2024,Q4,46242182,12.65
AMBC,2025,Q1,46427421,8.75
AMBC,2025,Q2,46401736,7.1
AMBC,2025,Q3,43812035,8.34
AMBC,2025,Q4,44951913,7.78
AMBO,2025,Q4,52498019,
AMBP,2025,Q4,597699586,4.1
AMC,2024,Q1,295587747,3.72
AMC,2024,Q2,361354955,4.98
AMC,2024,Q3,375679699,4.55
AMC,2024,Q4,431949800,3.98
AMC,2025,Q1,433143561,2.87
AMC,2025,Q2,433143561,3.1
AMC,2025,Q3,512943561,2.9
AMC,2025,Q4,512943561,1.56
AMCR,2024,Q1,1445343212,9.51
AMCR,2024,Q2,1445343212,9.78
AMCR,2024,Q3,1445343212,11.33
AMCR,2024,Q4,1445343212,9.41
AMCR,2025,Q1,1445343212,9.7
AMCR,2025,Q2,2305359941,9.19
AMCR,2025,Q3,2308359941,8.18
AMCR,2025,Q4,462045690,8.34
AMCX,2024,Q1,32558862,12.13
AMCX,2024,Q2,32613713,9.66
AMCX,2024,Q3,32636371,8.69
AMCX,2024,Q4,32651186,9.9
AMCX,2025,Q1,33442870,6.88
AMCX,2025,Q2,31899405,6.27
AMCX,2025,Q3,32042361,8.24
AMCX,2025,Q4,31229673,9.52
AMD,2024,Q1,1616313871,180.49
AMD,2024,Q2,1618481845,162.21
AMD,2024,Q3,1622807346,164.08
AMD,2024,Q4,1620477962,120.79
AMD,2025,Q1,1621404195,102.74
AMD,2025,Q2,1622843689,141.9
AMD,2025,Q3,1628041540,161.79
AMD,2025,Q4,1630410843,214.16
AME,2024,Q1,231469581,182.9
AME,2024,Q2,231535965,166.71
AME,2024,Q3,231307680,171.71
AME,2024,Q4,230659382,180.26
AME,2025,Q1,230878978,172.14
AME,2025,Q2,230953960,180.96
AME,2025,Q3,230203873,188.0
AME,2025,Q4,228977202,205.31
AMED,2024,Q1,32676879,92.16
AMED,2024,Q2,32740584,91.8
AMED,2024,Q3,32751131,96.51
AMED,2024,Q4,38368072,90.79
AMED,2025,Q1,32819638,92.63
AMED,2025,Q2,32886703,98.39
AMG,2024,Q1,31864456,167.47
AMG,2024,Q2,29813967,156.23
AMG,2024,Q3,30225132,177.8
AMG,2024,Q4,29257014,184.92
AMG,2025,Q1,28428889,168.03
AMG,2025,Q2,28412063,196.77
AMG,2025,Q3,28128908,238.43
AMG,2025,Q4,26684730,288.28
AMGN,2024,Q1,536434692,284.32
AMGN,2024,Q2,537329220,312.45
AMGN,2024,Q3,537532723,322.21
AMGN,2024,Q4,537204943,260.64
AMGN,2025,Q1,537706118,311.55
AMGN,2025,Q2,538361851,279.21
AMGN,2025,Q3,538480671,282.2
AMGN,2025,Q4,539067675,327.31
AMH,2024,Q1,365686971,36.78
AMH,2024,Q2,365864110,37.16
AMH,2024,Q3,368872212,38.39
AMH,2024,Q4,369499621,37.42
AMH,2025,Q1,369525621,37.81
AMH,2025,Q2,370275288,36.07
AMH,2025,Q3,370470821,33.25
AMH,2025,Q4,49372165,32.1
AMIX,2024,Q2,23036933,
AMIX,2024,Q3,1152149,
AMIX,2024,Q4,2462983,
AMIX,2025,Q1,2780480,
AMIX,2025,Q4,11409344,
AMKR,2024,Q1,246170251,32.24
AMKR,2024,Q2,246389171,40.02
AMKR,2024,Q3,246631060,30.6
AMKR,2024,Q4,246731692,25.69
AMKR,2025,Q1,247056288,18.06
AMKR,2025,Q2,247143055,20.99
AMKR,2025,Q3,247193437,28.4
AMKR,2025,Q4,247309063,39.48
AMKR,2026,Q1,247872518,45.03
AMLX,2024,Q2,68082468,1.9
AMLX,2024,Q3,68547860,3.24
AMLX,2024,Q4,88602468,3.78
AMLX,2025,Q1,89141087,3.54
AMLX,2025,Q2,89167432,6.41
AMLX,2025,Q3,109819569,13.59
AMLX,2025,Q4,110536944,12.08
AMN,2024,Q1,37997167,62.51
AMN,2024,Q2,38001890,51.23
AMN,2024,Q3,38073722,42.39
AMN,2024,Q4,38189048,23.92
AMN,2025,Q1,38284570,24.46
AMN,2025,Q2,38324255,20.67
AMN,2025,Q3,38413780,19.36
AMN,2025,Q4,38641082,15.76
AMOD,2025,Q3,12455252,
AMOD,2025,Q4,12455252,0.46
AMP,2024,Q1,99324923,438.44
AMP,2024,Q2,98188661,427.19
AMP,2024,Q3,97014566,469.81
AMP,2024,Q4,96118499,532.43
AMP,2025,Q1,95222673,484.11
AMP,2025,Q2,94271565,533.73
AMP,2025,Q3,92905713,491.25
AMP,2025,Q4,91178997,490.34
AMPG,2025,Q3,20638095,3.89
AMPG,2025,Q4,25331299,2.99
AMPH,2024,Q2,48675822,40.0
AMPH,2024,Q3,48081433,48.53
AMPH,2024,Q4,47650121,37.13
AMPH,2025,Q1,47139085,28.99
AMPH,2025,Q2,46495077,22.96
AMPH,2025,Q3,45952174,26.65
AMPH,2025,Q4,45370171,26.78
AMPL,2024,Q1,88471438,10.88
AMPL,2024,Q2,90407503,8.9
AMPL,2024,Q3,94590532,8.97
AMPL,2024,Q4,96317761,10.55
AMPL,2025,Q1,98795586,10.19
AMPL,2025,Q2,102111652,12.4
AMPL,2025,Q3,103610139,10.72
AMPL,2025,Q4,104143565,11.58
AMPX,2024,Q1,94472655,2.65
AMPX,2024,Q2,111051487,1.27
AMPX,2024,Q3,105838789,1.11
AMPX,2024,Q4,117926808,2.8
AMPX,2025,Q1,120546077,2.68
AMPX,2025,Q2,125075837,4.21
AMPX,2025,Q3,130483838,10.52
AMPX,2025,Q4,137019004,7.89
AMPY,2024,Q2,39742600,6.78
AMPY,2024,Q3,39770246,6.53
AMPY,2024,Q4,40332937,6.0
AMPY,2025,Q1,40336579,3.74
AMPY,2025,Q2,40466053,3.2
AMPY,2025,Q3,40475997,5.25
AMPY,2025,Q4,41265055,4.57
AMR,2024,Q1,13007215,331.17
AMR,2024,Q2,13016010,280.53
AMR,2024,Q3,13016010,236.18
AMR,2024,Q4,13052684,200.12
AMR,2025,Q1,13052684,125.25
AMR,2025,Q2,13053823,112.48
AMR,2025,Q3,12858024,164.09
AMR,2025,Q4,12792685,199.88
AMRC,2024,Q2,34402515,28.81
AMRC,2024,Q3,34442751,37.94
AMRC,2024,Q4,34541213,23.48
AMRC,2025,Q1,34603581,12.08
AMRC,2025,Q2,34703659,15.19
AMRC,2025,Q3,34797456,33.58
AMRK,2024,Q1,22894814,30.69
AMRK,2024,Q2,22953391,32.37
AMRK,2024,Q3,23184059,44.16
AMRK,2024,Q4,23019185,27.4
AMRK,2025,Q1,24624736,25.37
AMRK,2025,Q2,24639386,22.18
AMRK,2025,Q3,24644386,25.87
AMRK,2025,Q4,25296992,34.05
AMRN,2024,Q1,402066926,0.89
AMRN,2024,Q2,402356734,0.69
AMRN,2024,Q3,402503967,0.63
AMRN,2024,Q4,405383488,0.48
AMRN,2025,Q1,414140237,0.45
AMRN,2025,Q2,413655521,16.22
AMRN,2025,Q3,415853680,16.38
AMRN,2025,Q4,416079145,13.96
AMRX,2024,Q2,309542608,6.35
AMRX,2024,Q3,309844430,8.32
AMRX,2024,Q4,309966341,7.92
AMRX,2025,Q1,313419599,8.38
AMRX,2025,Q2,314043000,8.09
AMRX,2025,Q3,314311000,10.01
AMRX,2025,Q4,314565000,12.6
AMRZ,2025,Q3,553082069,48.53
AMRZ,2025,Q4,553082525,54.08
AMS,2024,Q2,6360000,3.2
AMS,2024,Q3,6420000,3.05
AMS,2024,Q4,6450000,3.19
AMS,2025,Q1,6450000,2.78
AMS,2025,Q2,6510000,2.41
AMS,2025,Q3,6543000,2.8
AMS,2025,Q4,6602000,
AMSC,2024,Q2,38295761,23.39
AMSC,2024,Q3,39453215,23.6
AMSC,2024,Q4,39459733,24.63
AMSC,2025,Q1,39502666,18.14
AMSC,2025,Q2,45160926,36.69
AMSC,2025,Q3,45186789,59.39
AMSC,2025,Q4,47612285,28.78
AMSF,2024,Q2,19068286,43.89
AMSF,2024,Q3,19049970,48.33
AMSF,2024,Q4,19050315,51.54
AMSF,2025,Q1,19050315,52.55
AMSF,2025,Q2,18990652,43.73
AMSF,2025,Q3,18924399,43.84
AMSF,2025,Q4,18794881,38.41
AMSF,2026,Q1,18703771,33.33
AMST,2024,Q1,2542440,
AMST,2024,Q2,2792440,
AMST,2024,Q3,2792440,
AMST,2024,Q4,3994107,
AMST,2025,Q1,4572713,
AMST,2025,Q2,4572713,
AMST,2025,Q3,4572713,
AMST,2025,Q4,4572713,1.89
AMT,2024,Q1,466975019,197.59
AMT,2024,Q2,467081657,194.38
AMT,2024,Q3,467289399,232.56
AMT,2024,Q4,467457256,183.41
AMT,2025,Q1,468138245,217.6
AMT,2025,Q2,468251225,221.02
AMT,2025,Q3,468146623,192.32
AMT,2025,Q4,466084820,175.57
AMT,2026,Q1,465893069,172.58
AMTB,2024,Q1,33715834,23.29
AMTB,2024,Q2,33493162,22.7
AMTB,2024,Q3,42108446,21.37
AMTB,2024,Q4,41920381,22.41
AMTB,2025,Q1,41828917,20.64
AMTB,2025,Q2,41748434,18.23
AMTB,2025,Q3,41265378,19.27
AMTB,2025,Q4,40595273,19.51
AMTM,2024,Q3,243302257,32.25
AMTM,2024,Q4,243302426,21.03
AMTM,2025,Q1,243322468,18.2
AMTM,2025,Q2,243328645,23.61
AMTM,2025,Q4,243597992,29.0
AMTM,2026,Q1,243935176,26.08
AMTX,2024,Q2,47196649,3.01
AMTX,2024,Q3,49734572,2.3
AMTX,2024,Q4,53319340,2.69
AMTX,2025,Q1,55369358,1.74
AMTX,2025,Q2,63240956,2.48
AMTX,2025,Q3,65568542,2.25
AMTX,2025,Q4,66631852,1.39
AMWD,2024,Q1,15845307,101.66
AMWD,2024,Q2,15587458,78.6
AMWD,2024,Q3,15497342,93.45
AMWD,2024,Q4,15054073,79.53
AMWD,2025,Q1,14834665,58.83
AMWD,2025,Q2,14503377,53.37
AMWD,2025,Q3,14568987,66.76
AMWD,2025,Q4,14569170,53.9
AMWD,2026,Q1,14569595,
AMWL,2024,Q1,263517164,0.81
AMWL,2024,Q2,13343684,0.32
AMWL,2024,Q3,13672534,9.48
AMWL,2024,Q4,13962695,7.25
AMWL,2025,Q1,14162309,7.88
AMWL,2025,Q2,14504796,8.89
AMWL,2025,Q3,14723951,6.15
AMWL,2025,Q4,14904513,4.91
AMX,2024,Q3,3071749888,16.36
AMX,2024,Q4,3050870016,14.31
AMX,2025,Q1,3038000128,14.22
AMX,2025,Q3,3020000000,21.0
AMX,2025,Q4,3013875045,20.67
AMZE,2024,Q2,15976227,
AMZE,2024,Q3,15976227,
AMZE,2024,Q4,16713398,
AMZE,2025,Q1,17333068,
AMZE,2025,Q2,6255621,
AMZE,2025,Q3,19941815,
AMZE,2025,Q4,40473203,
AMZN,2024,Q1,10406627415,180.38
AMZN,2024,Q2,10495566881,193.25
AMZN,2024,Q3,10515011008,186.33
AMZN,2024,Q4,10597729352,219.39
AMZN,2025,Q1,10616352407,190.26
AMZN,2025,Q2,10664912097,219.39
AMZN,2025,Q3,10690216011,219.57
AMZN,2025,Q4,10734920870,230.82
AN,2024,Q1,40266545,165.58
AN,2024,Q2,39679183,159.38
AN,2024,Q3,39646204,178.92
AN,2024,Q4,39056586,169.84
AN,2025,Q1,37701138,161.92
AN,2025,Q2,37706017,198.65
AN,2025,Q3,36472177,218.77
AN,2025,Q4,34710538,206.48
ANAB,2024,Q2,27449316,25.06
ANAB,2024,Q3,30428682,33.5
ANAB,2024,Q4,30666781,13.24
ANAB,2025,Q1,29380496,18.59
ANAB,2025,Q2,27996963,22.2
ANAB,2025,Q3,27688470,30.62
ANAB,2025,Q4,28748255,48.48
ANDE,2024,Q2,34068496,49.6
ANDE,2024,Q3,34070003,50.14
ANDE,2024,Q4,34028010,40.52
ANDE,2025,Q1,34187806,42.93
ANDE,2025,Q2,34210458,36.75
ANDE,2025,Q3,33839123,39.81
ANDE,2025,Q4,33880130,53.17
ANEB,2024,Q1,25933217,
ANEB,2024,Q2,25933217,
ANEB,2024,Q3,25933217,
ANEB,2024,Q4,41084731,
ANEB,2025,Q1,41084731,1.3
ANEB,2025,Q2,41084731,
ANEB,2025,Q3,41084731,
ANEB,2025,Q4,40784731,
ANET,2024,Q1,313363097,289.98
ANET,2024,Q2,314152875,350.48
ANET,2024,Q3,314939883,383.82
ANET,2024,Q4,1261122596,110.53
ANET,2025,Q1,1255921431,77.48
ANET,2025,Q2,1256865381,102.31
ANET,2025,Q3,1259285070,145.71
ANET,2025,Q4,1256537906,131.03
ANF,2024,Q1,51027429,125.33
ANF,2024,Q2,51105328,177.84
ANF,2024,Q3,51078656,139.9
ANF,2024,Q4,50372689,149.47
ANF,2025,Q1,48869057,76.37
ANF,2025,Q2,47643315,82.85
ANF,2025,Q3,47069818,85.55
ANF,2025,Q4,45857556,125.87
ANF,2026,Q1,44924473,91.37
ANGI,2024,Q2,76650008,1.92
ANGI,2024,Q3,75249787,2.58
ANGI,2024,Q4,81439547,1.66
ANGI,2025,Q1,47986953,15.41
ANGI,2025,Q2,44342162,15.26
ANGI,2025,Q3,43150575,16.26
ANGI,2025,Q4,40104748,12.93
ANGO,2024,Q1,40054533,5.87
ANGO,2024,Q2,40801597,6.05
ANGO,2024,Q3,40634249,7.78
ANGO,2024,Q4,40465709,9.16
ANGO,2025,Q1,40606986,9.39
ANGO,2025,Q2,40633885,9.92
ANGO,2025,Q3,41199844,11.17
ANGO,2025,Q4,41217386,12.84
ANGO,2026,Q1,41318915,11.37
ANIK,2024,Q2,14796726,25.33
ANIK,2024,Q3,14645596,24.7
ANIK,2024,Q4,14175994,16.46
ANIK,2025,Q1,14341423,15.03
ANIK,2025,Q2,14418090,10.58
ANIK,2025,Q3,14421219,9.4
ANIK,2025,Q4,13400751,9.61
ANIP,2024,Q2,21030069,63.68
ANIP,2024,Q3,21017775,59.66
ANIP,2024,Q4,21762646,55.28
ANIP,2025,Q1,21651071,66.95
ANIP,2025,Q2,21688772,65.25
ANIP,2025,Q3,22458168,91.6
ANIP,2025,Q4,22414104,78.94
ANIX,2025,Q3,32916915,3.3
ANIX,2025,Q4,33376690,3.12
ANIX,2026,Q1,33527858,
ANL,2025,Q4,103010803,
ANNA,2025,Q3,40659881,
ANNA,2025,Q4,25994400,
ANNX,2024,Q2,105653962,4.9
ANNX,2024,Q3,106593505,5.92
ANNX,2024,Q4,109709826,5.13
ANNX,2025,Q1,109714404,1.93
ANNX,2025,Q2,109886623,2.4
ANNX,2025,Q3,119632804,3.05
ANNX,2025,Q4,160474333,5.02
ANRO,2024,Q2,26958973,10.69
ANRO,2024,Q3,26970168,11.44
ANRO,2024,Q4,27072129,4.23
ANRO,2025,Q1,27072129,2.16
ANRO,2025,Q2,27076629,2.2
ANRO,2025,Q3,31066335,4.02
ANRO,2025,Q4,31945516,17.8
ANSC,2024,Q1,34500000,
ANSC,2024,Q2,34500000,10.24
ANSC,2024,Q3,34500000,10.35
ANSC,2024,Q4,34500000,10.49
ANSC,2025,Q1,34500000,10.67
ANSC,2025,Q3,43120000,10.91
ANSCU,2025,Q3,32922237,
ANSCU,2025,Q4,32922237,
ANSS,2024,Q1,87299981,347.16
ANSS,2024,Q2,87386644,321.5
ANSS,2024,Q3,87449954,318.63
ANSS,2024,Q4,87651781,337.33
ANSS,2025,Q1,87916143,
ANTA,2025,Q4,23980257,
ANTX,2024,Q2,29842431,2.15
ANTX,2024,Q3,29878890,1.07
ANTX,2024,Q4,30098720,
ANTX,2025,Q1,30175720,
ANTX,2025,Q2,27326165,1.06
ANTX,2025,Q3,27402024,
ANTX,2025,Q4,35941195,
ANVS,2024,Q2,13054018,5.76
ANVS,2024,Q3,13797242,8.06
ANVS,2024,Q4,19486231,5.03
ANVS,2025,Q1,19486231,1.5
ANVS,2025,Q2,19486231,2.17
ANVS,2025,Q3,26502889,2.07
ANVS,2025,Q4,28355262,3.46
ANY,2024,Q2,20743205,1.08
ANY,2024,Q3,21238243,0.9
ANY,2024,Q4,26178282,0.94
ANY,2025,Q1,26457905,0.4
ANY,2025,Q2,28320832,0.59
ANY,2025,Q3,33729165,0.74
ANY,2025,Q4,3767086,0.3
AOMR,2024,Q1,24965274,10.74
AOMR,2024,Q2,23322816,13.1
AOMR,2024,Q3,23511272,10.43
AOMR,2024,Q4,23500175,9.28
AOMR,2025,Q1,23500175,9.53
AOMR,2025,Q2,23765202,9.42
AOMR,2025,Q3,24914035,9.37
AOMR,2025,Q4,24914647,8.61
AON,2024,Q1,217430759,333.72
AON,2024,Q2,217242161,293.58
AON,2024,Q3,216266278,345.99
AON,2024,Q4,216001106,359.16
AON,2025,Q1,215939916,399.09
AON,2025,Q2,215626597,356.76
AON,2025,Q3,214935265,356.58
AON,2025,Q4,214254496,352.88
AORT,2024,Q2,41893465,25.65
AORT,2024,Q3,41919896,26.62
AORT,2024,Q4,42047888,28.59
AORT,2025,Q1,42702785,24.58
AORT,2025,Q2,47183658,31.1
AORT,2025,Q3,47374939,42.34
AORT,2025,Q4,47883897,45.61
AOS,2024,Q1,120783753,89.46
AOS,2024,Q2,119958980,81.78
AOS,2024,Q3,119110030,89.83
AOS,2024,Q4,118089097,68.21
AOS,2025,Q1,116238973,65.36
AOS,2025,Q2,114259519,65.57
AOS,2025,Q3,113372121,73.41
AOS,2025,Q4,112426758,66.88
AOSL,2024,Q1,28701746,22.04
AOSL,2024,Q2,28973288,37.37
AOSL,2024,Q3,29030838,37.12
AOSL,2024,Q4,29414980,37.03
AOSL,2025,Q1,29759995,24.86
AOSL,2025,Q2,30013611,25.66
AOSL,2025,Q3,30061450,27.96
AOSL,2025,Q4,29760825,19.81
AOUT,2025,Q2,12757954,10.45
AOUT,2025,Q4,12587111,7.73
AOUT,2026,Q1,12595760,
AP,2025,Q3,20326389,2.29
AP,2025,Q4,20326389,5.33
APA,2024,Q1,371192344,34.38
APA,2024,Q2,369904843,29.44
APA,2024,Q3,369947453,24.46
APA,2024,Q4,364064316,23.09
APA,2025,Q1,360845120,21.02
APA,2025,Q2,357786460,18.29
APA,2025,Q3,354669251,24.28
APA,2025,Q4,353251476,24.46
APAM,2024,Q1,69906602,45.77
APAM,2024,Q2,69903580,41.27
APAM,2024,Q3,70069120,43.32
APAM,2024,Q4,70005927,43.05
APAM,2025,Q1,70427674,39.1
APAM,2025,Q2,70470817,44.33
APAM,2025,Q3,70461656,43.4
APAM,2025,Q4,70530755,40.74
APD,2024,Q1,222305907,242.27
APD,2024,Q2,222314502,258.05
APD,2024,Q3,222378909,297.74
APD,2024,Q4,222475666,290.04
APD,2025,Q1,222544214,294.92
APD,2025,Q2,222553640,282.06
APD,2025,Q3,222590241,272.72
APD,2025,Q4,222656008,247.02
APDN,2025,Q3,4365541,
APDN,2025,Q4,5447469,
APEI,2024,Q2,17701671,17.58
APEI,2024,Q3,17712052,14.75
APEI,2024,Q4,17995753,21.57
APEI,2025,Q1,18039666,22.32
APEI,2025,Q2,18067134,30.46
APEI,2025,Q3,18085030,39.47
APEI,2025,Q4,18380439,37.8
APG,2024,Q1,274286981,39.27
APG,2024,Q2,274695582,37.63
APG,2024,Q3,274775770,33.02
APG,2024,Q4,277558051,35.97
APG,2025,Q1,276839956,35.76
APG,2025,Q2,415888477,51.05
APG,2025,Q3,415905916,34.37
APG,2025,Q4,431456087,38.26
APGE,2024,Q1,44969385,66.45
APGE,2024,Q2,44999063,39.35
APGE,2024,Q3,45026556,58.74
APGE,2024,Q4,46016542,45.3
APGE,2025,Q1,46047416,37.36
APGE,2025,Q2,46109767,43.43
APGE,2025,Q3,68320229,39.73
APGE,2025,Q4,55998605,75.48
APH,2024,Q1,600603947,115.35
APH,2024,Q2,1204288801,67.37
APH,2024,Q3,1205612909,65.16
APH,2024,Q4,1211081107,69.45
APH,2025,Q1,1209599081,65.59
APH,2025,Q2,1220921111,98.75
APH,2025,Q3,1224055508,123.75
APH,2025,Q4,1229214930,135.14
API,2024,Q3,72930000,2.41
API,2024,Q4,73030000,4.16
API,2025,Q1,74280000,4.02
API,2025,Q3,93330000,3.82
API,2025,Q4,90725000,4.07
APLD,2024,Q1,122739540,4.28
APLD,2024,Q2,157438246,5.95
APLD,2024,Q3,215359125,8.25
APLD,2024,Q4,222903471,7.64
APLD,2025,Q1,224717713,5.62
APLD,2025,Q2,261519794,10.07
APLD,2025,Q3,279685875,22.94
APLD,2025,Q4,279585823,24.52
APLD,2026,Q1,285769539,23.74
APLE,2024,Q1,242346188,16.38
APLE,2024,Q2,240743033,14.54
APLE,2024,Q3,239925065,14.85
APLE,2024,Q4,239770392,15.35
APLE,2025,Q1,237914339,12.91
APLE,2025,Q2,236989845,11.67
APLE,2025,Q3,236575692,12.01
APLE,2025,Q4,235658820,11.85
APLS,2024,Q1,121365555,58.78
APLS,2024,Q2,121766328,38.36
APLS,2024,Q3,124393017,28.84
APLS,2024,Q4,125515813,31.91
APLS,2025,Q1,125682260,21.87
APLS,2025,Q2,126289910,17.31
APLS,2025,Q3,126525218,22.63
APLS,2025,Q4,127829909,25.12
APLT,2024,Q2,114846271,4.67
APLT,2024,Q3,116356474,8.5
APLT,2024,Q4,141575526,0.86
APLT,2025,Q1,141575526,0.49
APLT,2025,Q2,144012125,0.31
APLT,2025,Q3,144300674,0.6
APM,2025,Q4,6346823,
APO,2024,Q1,569003922,112.45
APO,2024,Q2,569534271,118.07
APO,2024,Q3,565816456,124.91
APO,2024,Q4,570480465,165.16
APO,2025,Q1,571494234,136.94
APO,2025,Q2,572026735,141.87
APO,2025,Q3,580422573,133.27
APO,2025,Q4,578247338,144.76
APOG,2023,Q4,22085098,53.41
APOG,2024,Q2,21933163,62.84
APOG,2024,Q3,21943016,70.02
APOG,2024,Q4,21953364,71.41
APOG,2025,Q1,21419290,46.33
APOG,2025,Q2,21529570,40.6
APOG,2025,Q3,21510930,43.57
APOG,2025,Q4,21510116,36.41
APOG,2026,Q1,21220737,33.54
APP,2024,Q1,273970847,69.22
APP,2024,Q2,297055766,83.22
APP,2024,Q3,298667774,130.55
APP,2024,Q4,309269690,323.83
APP,2025,Q1,307698319,264.97
APP,2025,Q2,307636373,350.08
APP,2025,Q3,307597000,718.54
APP,2025,Q4,307070000,673.82
APPF,2024,Q1,22326649,246.74
APPF,2024,Q2,23008417,244.57
APPF,2024,Q3,23079878,235.4
APPF,2024,Q4,23241750,246.72
APPF,2025,Q1,23047322,219.9
APPF,2025,Q2,22871704,230.28
APPF,2025,Q3,23073192,275.66
APPF,2025,Q4,24334816,232.65
APPF,2026,Q1,24028908,157.82
APPN,2024,Q1,41044704,39.95
APPN,2024,Q2,41153021,30.86
APPN,2024,Q3,42692076,34.14
APPN,2024,Q4,42957026,32.98
APPN,2025,Q1,43140083,28.81
APPN,2025,Q2,42943872,29.86
APPN,2025,Q3,42735083,30.57
APPN,2025,Q4,42872259,35.42
APPS,2023,Q4,102021342,6.86
APPS,2024,Q1,102506695,2.62
APPS,2024,Q2,102775975,1.66
APPS,2024,Q3,103725564,3.07
APPS,2024,Q4,105006809,1.69
APPS,2025,Q1,105007000,2.72
APPS,2025,Q2,108127174,5.9
APPS,2025,Q3,112148899,6.4
APPS,2025,Q4,119899933,5.0
APRE,2024,Q2,5431903,4.07
APRE,2024,Q3,5434903,2.75
APRE,2024,Q4,5491953,3.29
APRE,2025,Q1,5531373,
APRE,2025,Q2,5825261,1.69
APRE,2025,Q3,6310673,1.48
APRE,2025,Q4,11452452,
APT,2024,Q1,11688700,6.24
APT,2024,Q2,11173700,5.5
APT,2024,Q3,10998700,5.7
APT,2024,Q4,10873415,5.29
APT,2025,Q1,10864002,5.0
APT,2025,Q2,10472902,4.69
APT,2025,Q3,10360062,4.78
APT,2025,Q4,10185427,4.44
APTV,2024,Q1,272062381,79.65
APTV,2024,Q2,265760092,70.42
APTV,2024,Q3,235035739,72.01
APTV,2024,Q4,229446368,60.48
APTV,2025,Q1,217730489,59.5
APTV,2025,Q2,217759811,68.22
APTV,2025,Q3,216079411,86.22
APTV,2025,Q4,212748401,76.09
APUS,2025,Q3,12575983,
APVO,2025,Q3,16850494,
APVO,2025,Q4,1181725,
APYX,2024,Q2,34643926,1.34
APYX,2024,Q3,34643886,1.24
APYX,2024,Q4,37793886,1.58
APYX,2025,Q1,37793886,1.37
APYX,2025,Q2,37819478,2.25
APYX,2025,Q3,38241905,2.14
APYX,2025,Q4,41829226,3.5
AQB,2024,Q1,3857444,
AQB,2024,Q2,3865778,
AQB,2024,Q3,3865778,
AQB,2024,Q4,3869361,
AQB,2025,Q1,3869361,
AQB,2025,Q2,3877695,
AQB,2025,Q3,3877695,2.24
AQB,2025,Q4,3877696,
AQMS,2024,Q1,113226006,0.54
AQMS,2024,Q2,135799315,0.32
AQMS,2024,Q3,7131786,0.19
AQMS,2024,Q4,8290601,2.52
AQMS,2025,Q1,8896350,1.87
AQMS,2025,Q2,1406005,0.49
AQMS,2025,Q3,2979263,
AQMS,2025,Q4,2981223,
AQN,2024,Q3,766990016,5.45
AQN,2024,Q4,767232000,4.45
AQN,2025,Q1,767452032,5.14
AQN,2025,Q3,768150000,5.37
AQN,2025,Q4,768351419,6.15
AQST,2024,Q2,91059760,2.6
AQST,2024,Q3,91178193,4.98
AQST,2024,Q4,98871369,3.56
AQST,2025,Q1,99327928,2.9
AQST,2025,Q2,99723635,3.31
AQST,2025,Q3,122003113,5.59
AQST,2025,Q4,122045049,6.46
AR,2024,Q1,310807000,29.0
AR,2024,Q2,311007000,32.63
AR,2024,Q3,311164000,28.65
AR,2024,Q4,311180000,35.05
AR,2025,Q1,310527000,40.44
AR,2025,Q2,308931000,40.28
AR,2025,Q3,308494000,33.56
AR,2025,Q4,308525000,34.46
ARAI,2025,Q3,34213387,3.64
ARAI,2025,Q4,34213387,
ARAY,2024,Q1,99244173,2.47
ARAY,2024,Q2,100267900,1.82
ARAY,2024,Q3,100565016,1.8
ARAY,2024,Q4,102830522,1.98
ARAY,2025,Q1,103013384,1.79
ARAY,2025,Q2,112677147,1.37
ARAY,2025,Q3,113341132,1.67
ARAY,2025,Q4,118782630,0.82
ARBE,2025,Q4,122649743,1.18
ARCB,2024,Q1,23431641,142.5
ARCB,2024,Q2,23645642,107.08
ARCB,2024,Q3,23399562,108.45
ARCB,2024,Q4,23150276,93.32
ARCB,2025,Q1,22911353,70.58
ARCB,2025,Q2,22726878,77.01
ARCB,2025,Q3,22511021,69.87
ARCB,2025,Q4,22295803,74.19
ARCC,2024,Q1,607763554,20.82
ARCC,2024,Q2,630386591,20.84
ARCC,2024,Q3,646076139,20.94
ARCC,2024,Q4,671481609,21.89
ARCC,2025,Q1,689632273,22.16
ARCC,2025,Q2,705367424,21.96
ARCC,2025,Q3,715726600,20.41
ARCC,2025,Q4,718022845,20.23
ARCC,2026,Q1,718022845,18.02
ARCO,2024,Q3,130663000,8.72
ARCO,2024,Q4,130663000,7.28
ARCO,2025,Q1,130663000,8.06
ARCO,2025,Q3,210650000,6.75
ARCO,2025,Q4,210663063,7.34
ARCT,2024,Q1,26931826,33.77
ARCT,2024,Q2,27042246,24.35
ARCT,2024,Q3,27087359,23.21
ARCT,2024,Q4,27119823,16.97
ARCT,2025,Q1,27120603,10.59
ARCT,2025,Q2,27154529,13.01
ARCT,2025,Q3,28412537,18.43
ARCT,2025,Q4,28423069,6.13
ARDT,2024,Q2,142763328,
ARDT,2024,Q3,142732815,18.38
ARDT,2024,Q4,142750013,17.08
ARDT,2025,Q1,143043661,13.75
ARDT,2025,Q2,143106447,13.66
ARDT,2025,Q3,143187681,13.25
ARDT,2025,Q4,142902276,8.83
ARDX,2024,Q2,235428183,7.41
ARDX,2024,Q3,236854270,6.89
ARDX,2024,Q4,238356222,5.07
ARDX,2025,Q1,239255212,4.91
ARDX,2025,Q2,240982828,3.92
ARDX,2025,Q3,242974306,5.51
ARDX,2025,Q4,245247427,5.83
ARE,2024,Q1,174883138,128.91
ARE,2024,Q2,174926073,116.97
ARE,2024,Q3,174762259,118.75
ARE,2024,Q4,173091762,97.55
ARE,2025,Q1,172988874,92.51
ARE,2025,Q2,172958948,72.63
ARE,2025,Q3,172825059,83.34
ARE,2025,Q4,173300361,48.94
ARE,2026,Q1,174269480,46.42
AREB,2025,Q3,6136970,
AREC,2024,Q2,77422390,0.73
AREC,2024,Q3,77421255,0.91
AREC,2025,Q3,84608920,2.7
AREN,2024,Q2,29591630,0.77
AREN,2024,Q3,47465749,0.81
AREN,2024,Q4,47560952,
AREN,2025,Q1,47560952,1.73
AREN,2025,Q2,47465749,6.2
AREN,2025,Q3,47465749,5.47
AREN,2025,Q4,47602790,4.0
ARES,2024,Q1,191203721,132.98
ARES,2024,Q2,196178865,133.28
ARES,2024,Q3,198390128,155.84
ARES,2024,Q4,204107275,177.03
ARES,2025,Q1,214973552,146.61
ARES,2025,Q2,215934693,173.2
ARES,2025,Q3,216852343,159.89
ARES,2025,Q4,220902613,161.63
ARGX,2025,Q4,61883306,840.95
ARHS,2024,Q1,53241316,15.39
ARHS,2024,Q2,53460616,16.94
ARHS,2024,Q3,53414106,12.31
ARHS,2024,Q4,53465434,9.4
ARHS,2025,Q1,53818122,8.7
ARHS,2025,Q2,53859215,8.67
ARHS,2025,Q3,53947912,10.63
ARHS,2025,Q4,54006720,11.21
ARI,2024,Q1,142162205,11.14
ARI,2024,Q2,138346757,9.79
ARI,2024,Q3,138174636,9.19
ARI,2024,Q4,138871188,8.66
ARI,2025,Q1,138943831,9.57
ARI,2025,Q2,138943831,9.68
ARI,2025,Q3,138943831,10.13
ARI,2025,Q4,139598983,9.68
ARI,2026,Q1,132849702,10.56
ARIS,2024,Q2,30567279,15.67
ARIS,2024,Q3,30682834,16.87
ARIS,2024,Q4,30971735,23.95
ARIS,2025,Q1,32641526,32.04
ARIS,2025,Q2,32709033,23.65
ARKO,2024,Q1,115743761,5.7
ARKO,2024,Q2,115771318,6.27
ARKO,2024,Q3,115771318,7.02
ARKO,2024,Q4,115771318,6.59
ARKO,2025,Q1,113954878,3.95
ARKO,2025,Q2,112742341,4.23
ARKO,2025,Q3,111430778,4.57
ARKO,2025,Q4,110891325,4.54
ARKR,2025,Q3,3606157,7.12
ARKR,2025,Q4,3606157,6.71
ARL,2024,Q2,16152043,14.2
ARL,2024,Q3,16152043,17.54
ARL,2024,Q4,16152043,14.68
ARL,2025,Q1,16152043,10.95
ARL,2025,Q2,16152043,14.12
ARL,2025,Q3,16152043,16.73
ARL,2025,Q4,16152043,
ARLO,2024,Q2,99936445,13.04
ARLO,2024,Q3,100341376,12.11
ARLO,2024,Q4,102437935,11.19
ARLO,2025,Q1,103400957,9.87
ARLO,2025,Q2,104370654,16.96
ARLO,2025,Q3,105992268,16.95
ARLO,2025,Q4,106855416,13.99
ARLP,2024,Q2,128061981,24.46
ARLP,2024,Q3,128061981,25.0
ARLP,2024,Q4,128428024,26.29
ARLP,2025,Q1,128428024,27.28
ARLP,2025,Q2,128428024,26.14
ARLP,2025,Q3,128428024,25.28
ARLP,2025,Q4,128658801,23.23
ARM,2024,Q3,1048000000,143.01
ARM,2024,Q4,1051000000,123.36
ARM,2025,Q1,1054000000,106.79
ARM,2025,Q3,1060000000,141.49
ARM,2025,Q4,1062000000,109.31
ARMK,2024,Q1,262992012,32.52
ARMK,2024,Q2,263448528,34.02
ARMK,2024,Q3,263947698,38.73
ARMK,2024,Q4,265104846,37.31
ARMK,2025,Q1,262070761,34.52
ARMK,2025,Q2,262850908,41.87
ARMK,2025,Q4,262934101,36.86
ARMK,2026,Q1,262835999,40.54
ARMN,2025,Q4,205532283,16.23
ARMP,2024,Q2,36183067,
ARMP,2024,Q3,36183067,
ARMP,2024,Q4,36183067,
ARMP,2025,Q1,36193479,
ARMP,2025,Q2,36229842,1.9
ARMP,2025,Q3,36329842,
ARMP,2025,Q4,36632775,
AROC,2024,Q1,156286457,19.67
AROC,2024,Q2,168939131,20.22
AROC,2024,Q3,175172118,20.24
AROC,2024,Q4,175268710,24.89
AROC,2025,Q1,176809182,26.24
AROC,2025,Q2,175821435,24.83
AROC,2025,Q3,175369642,26.31
AROC,2025,Q4,174945882,26.02
AROW,2024,Q2,16732668,26.05
AROW,2024,Q3,16738980,28.66
AROW,2024,Q4,16717564,28.71
AROW,2025,Q1,16675338,26.29
AROW,2025,Q2,16469026,26.42
AROW,2025,Q3,16442453,28.3
AROW,2025,Q4,16511643,31.4
ARQ,2024,Q2,36513855,6.07
ARQ,2024,Q3,42032086,5.87
ARQ,2024,Q4,42014263,7.57
ARQ,2025,Q1,42211120,4.17
ARQ,2025,Q2,42691241,5.37
ARQ,2025,Q3,42693884,7.16
ARQ,2025,Q4,42849251,3.27
ARQT,2024,Q1,115764164,9.91
ARQT,2024,Q2,116891023,9.3
ARQT,2024,Q3,117044591,9.3
ARQT,2024,Q4,118638235,13.93
ARQT,2025,Q1,119201724,15.64
ARQT,2025,Q2,119905078,14.02
ARQT,2025,Q3,122492192,18.85
ARQT,2025,Q4,124033382,29.04
ARR,2024,Q1,48751806,19.77
ARR,2024,Q2,48765569,19.38
ARR,2024,Q3,55760266,20.4
ARR,2024,Q4,76414932,18.86
ARR,2025,Q1,81749506,17.1
ARR,2025,Q2,91594002,16.81
ARR,2025,Q3,111898236,14.94
ARR,2025,Q4,119384920,17.69
ARR,2026,Q1,124046116,16.68
ARRY,2024,Q1,151769152,14.91
ARRY,2024,Q2,151926428,10.26
ARRY,2024,Q3,151942981,6.6
ARRY,2024,Q4,152013769,6.04
ARRY,2025,Q1,152547038,4.87
ARRY,2025,Q2,152724774,5.9
ARRY,2025,Q3,152747767,8.15
ARRY,2025,Q4,152848992,9.22
ARTL,2025,Q3,2018746,
ARTL,2025,Q4,2124772,
ARTNA,2025,Q3,9431693,32.6
ARTNA,2025,Q4,9436930,31.61
ARTV,2024,Q2,24287144,
ARTV,2024,Q3,24289328,15.45
ARTV,2024,Q4,24363119,10.08
ARTV,2025,Q1,24363119,3.0
ARTV,2025,Q2,24425762,1.51
ARTV,2025,Q3,24544904,2.87
ARTV,2025,Q4,24716672,
ARTW,2025,Q3,5106834,2.49
ARTW,2025,Q4,5177084,2.35
ARTW,2026,Q1,5181386,
ARVN,2024,Q1,68431891,41.28
ARVN,2024,Q2,68648061,26.62
ARVN,2024,Q3,68713098,24.63
ARVN,2024,Q4,68771867,19.17
ARVN,2025,Q1,72991390,7.02
ARVN,2025,Q2,73417595,7.36
ARVN,2025,Q3,64224294,8.52
ARVN,2025,Q4,63960997,11.86
ARW,2024,Q1,53229856,129.46
ARW,2024,Q2,52944169,120.76
ARW,2024,Q3,52590368,132.83
ARW,2024,Q4,52172303,113.12
ARW,2025,Q1,51873987,103.83
ARW,2025,Q2,51501705,127.43
ARW,2025,Q3,51511356,121.0
ARW,2025,Q4,51086165,110.18
ARWR,2024,Q1,124200230,28.6
ARWR,2024,Q2,124315274,25.99
ARWR,2024,Q3,124434442,19.37
ARWR,2024,Q4,126098111,18.8
ARWR,2025,Q1,138100435,12.74
ARWR,2025,Q2,138257550,15.8
ARWR,2025,Q3,135809558,34.49
ARWR,2025,Q4,140032190,66.39
AS,2025,Q4,557667387,37.35
ASAN,2024,Q2,142617770,13.99
ASAN,2024,Q3,142677666,11.59
ASAN,2024,Q4,143311521,20.27
ASAN,2025,Q1,147663349,14.57
ASAN,2025,Q2,155760507,13.5
ASAN,2025,Q3,156685245,13.36
ASAN,2025,Q4,157538321,13.71
ASAN,2026,Q1,162197788,6.4
ASB,2024,Q1,150766697,21.51
ASB,2024,Q2,150900815,21.15
ASB,2024,Q3,151255013,21.54
ASB,2024,Q4,189016000,23.9
ASB,2025,Q1,165809595,22.53
ASB,2025,Q2,165848030,24.39
ASB,2025,Q3,165922444,25.71
ASB,2025,Q4,165975086,25.76
ASB,2026,Q1,165941629,25.86
ASBP,2025,Q3,107477178,
ASBP,2025,Q4,5024124,0.13
ASC,2025,Q4,40731441,10.59
ASGN,2024,Q1,45900000,104.76
ASGN,2024,Q2,44800000,88.17
ASGN,2024,Q3,44200000,93.23
ASGN,2024,Q4,43600000,83.34
ASGN,2025,Q1,43800000,63.02
ASGN,2025,Q2,43800000,49.93
ASGN,2025,Q3,42700000,47.35
ASGN,2025,Q4,41300000,48.17
ASH,2024,Q1,50127444,97.37
ASH,2024,Q2,48831868,94.49
ASH,2024,Q3,47109326,86.97
ASH,2024,Q4,47182862,71.46
ASH,2025,Q1,45694535,59.29
ASH,2025,Q2,45705958,50.28
ASH,2025,Q3,45718113,47.91
ASH,2025,Q4,45762391,58.67
ASIC,2025,Q3,48066674,19.77
ASIC,2025,Q4,48066674,21.01
ASIX,2024,Q2,26712936,22.92
ASIX,2024,Q3,26731009,30.38
ASIX,2024,Q4,26744101,28.49
ASIX,2025,Q1,26812687,22.65
ASIX,2025,Q2,26844187,23.75
ASIX,2025,Q3,26864035,19.38
ASIX,2025,Q4,26872912,17.3
ASLE,2024,Q1,53009026,7.18
ASLE,2024,Q2,53207348,6.92
ASLE,2024,Q3,53210842,5.05
ASLE,2024,Q4,53278368,6.3
ASLE,2025,Q1,46862040,7.49
ASLE,2025,Q2,47181517,6.01
ASLE,2025,Q3,47185011,8.19
ASLE,2025,Q4,47241615,7.11
ASM,2025,Q4,162308988,6.21
ASMB,2024,Q1,5513308,
ASMB,2024,Q2,6345561,13.72
ASMB,2024,Q3,6356286,15.14
ASMB,2024,Q4,7503385,15.78
ASMB,2025,Q1,7637553,9.56
ASMB,2025,Q2,7672261,18.12
ASMB,2025,Q3,15817140,25.6
ASMB,2025,Q4,15862705,34.01
ASML,2024,Q3,393200000,833.25
ASML,2024,Q4,393200000,693.08
ASML,2025,Q1,393200000,662.63
ASML,2025,Q3,393280000,968.09
ASML,2025,Q4,385417665,1069.86
ASND,2025,Q4,61977408,213.24
ASNS,2025,Q3,17477860,0.37
ASNS,2025,Q4,26725763,
ASO,2023,Q4,74144000,66.0
ASO,2024,Q1,74405351,67.54
ASO,2024,Q2,72591000,53.25
ASO,2024,Q3,70916000,58.36
ASO,2024,Q4,69932000,57.53
ASO,2025,Q1,68333000,45.61
ASO,2025,Q2,66475746,44.81
ASO,2025,Q3,66625431,50.02
ASO,2025,Q4,66681300,49.96
ASO,2026,Q1,64383459,56.45
ASPCU,2025,Q3,8055000,
ASPCU,2025,Q4,8055000,
ASPI,2024,Q2,66686941,3.06
ASPI,2024,Q3,71390107,2.78
ASPI,2024,Q4,72068059,4.53
ASPI,2025,Q1,75061842,4.69
ASPI,2025,Q2,91913109,7.36
ASPI,2025,Q3,110840122,9.62
ASPI,2025,Q4,111677771,5.35
ASPN,2024,Q2,77082075,23.85
ASPN,2024,Q3,82047288,27.69
ASPN,2024,Q4,82059182,11.88
ASPN,2025,Q1,82174358,6.39
ASPN,2025,Q2,82360491,5.92
ASPN,2025,Q3,82647081,6.96
ASPN,2025,Q4,82825603,2.83
ASPS,2024,Q2,27109831,1.41
ASPS,2024,Q3,27173867,
ASPS,2024,Q4,87582129,
ASPS,2025,Q1,87589517,0.68
ASPS,2025,Q2,10986709,8.53
ASPS,2025,Q3,10991850,11.66
ASPS,2025,Q4,11276236,
ASPS,2026,Q1,11278949,
ASRT,2024,Q2,95335629,1.24
ASRT,2024,Q3,95477800,1.18
ASRT,2024,Q4,95773083,0.87
ASRT,2025,Q1,95780741,0.67
ASRT,2025,Q2,96239625,0.64
ASRT,2025,Q3,96252087,0.88
ASRT,2025,Q4,6445161,
ASRV,2025,Q3,16522267,2.9
ASRV,2025,Q4,16964267,3.19
ASST,2025,Q3,592579510,
ASST,2025,Q4,59286628,
ASTC,2024,Q1,1701729,
ASTC,2024,Q2,1701729,
ASTC,2024,Q3,1701729,
ASTC,2024,Q4,1701729,
ASTC,2025,Q1,1693953,
ASTC,2025,Q2,1758953,
ASTC,2025,Q3,1758953,
ASTC,2025,Q4,1758953,
ASTE,2024,Q2,22800581,29.66
ASTE,2024,Q3,22801785,31.94
ASTE,2024,Q4,22803976,33.6
ASTE,2025,Q1,22866970,34.45
ASTE,2025,Q2,22874713,41.69
ASTE,2025,Q3,22875841,48.13
ASTE,2025,Q4,22899799,43.32
ASTH,2024,Q2,56213519,40.56
ASTH,2024,Q3,56252730,57.94
ASTH,2024,Q4,56252503,31.53
ASTH,2025,Q1,56061712,31.01
ASTH,2025,Q2,56060330,24.88
ASTH,2025,Q3,56288415,28.35
ASTH,2025,Q4,55603598,24.81
ASTI,2025,Q3,3479149,
ASTI,2025,Q4,9461887,4.11
ASTL,2024,Q3,104123000,10.23
ASTL,2024,Q4,104423000,9.78
ASTL,2025,Q1,104859000,5.42
ASTL,2025,Q3,104930000,3.56
ASTL,2025,Q4,104933802,4.1
ASTS,2024,Q1,139621085,2.9
ASTS,2024,Q2,151483906,11.61
ASTS,2024,Q3,200344605,26.15
ASTS,2024,Q4,227101453,21.1
ASTS,2025,Q1,238799258,22.74
ASTS,2025,Q2,269127705,46.73
ASTS,2025,Q3,277628960,49.08
ASTS,2025,Q4,292637039,72.63
ASUR,2024,Q2,26457955,8.4
ASUR,2024,Q3,26553926,9.05
ASUR,2024,Q4,26979485,9.41
ASUR,2025,Q1,27154007,9.55
ASUR,2025,Q2,27425009,9.76
ASUR,2025,Q3,27763877,8.2
ASUR,2025,Q4,28373354,9.42
ASX,2024,Q3,2161100032,9.76
ASX,2024,Q4,2172039936,10.07
ASX,2025,Q1,2171770112,8.76
ASX,2025,Q3,2210000000,11.09
ASX,2025,Q4,2181600580,16.1
ASYS,2024,Q2,14218795,5.86
ASYS,2024,Q4,14289066,5.45
ASYS,2025,Q1,14313963,4.83
ASYS,2025,Q2,14313963,4.44
ASYS,2025,Q3,14356797,9.26
ASYS,2025,Q4,14406485,12.55
ATAI,2024,Q2,167798955,1.33
ATAI,2024,Q3,167802396,1.16
ATAI,2024,Q4,198306455,1.33
ATAI,2025,Q1,200337609,1.36
ATAI,2025,Q2,214338329,2.19
ATAI,2025,Q3,363190522,5.29
ATAT,2025,Q4,338699969,39.4
ATCH,2025,Q4,149692496,0.25
ATEC,2024,Q2,140459773,10.45
ATEC,2024,Q3,141767870,5.56
ATEC,2024,Q4,144149232,9.18
ATEC,2025,Q1,146172703,10.14
ATEC,2025,Q2,147983775,11.1
ATEC,2025,Q3,148550185,14.54
ATEC,2025,Q4,151356620,21.04
ATEN,2024,Q2,73866109,13.85
ATEN,2024,Q3,73798899,14.44
ATEN,2024,Q4,73973179,18.4
ATEN,2025,Q1,72080717,16.34
ATEN,2025,Q2,72152615,19.35
ATEN,2025,Q3,71726487,18.15
ATEN,2025,Q4,71724984,17.69
ATER,2024,Q1,8435679,
ATER,2024,Q2,8588822,2.81
ATER,2024,Q3,8755187,2.88
ATER,2024,Q4,8750741,2.4
ATER,2025,Q1,8750741,2.1
ATER,2025,Q2,9985104,1.66
ATER,2025,Q3,10027046,1.05
ATER,2025,Q4,10823802,0.7
ATEX,2024,Q2,18594802,39.59
ATEX,2024,Q3,18618271,37.66
ATEX,2024,Q4,18586786,30.67
ATEX,2025,Q1,18695874,36.6
ATEX,2025,Q4,18732889,21.83
ATGE,2024,Q1,37606468,51.4
ATGE,2024,Q2,37689832,68.21
ATGE,2024,Q3,37490808,75.48
ATGE,2024,Q4,37264816,90.85
ATGE,2025,Q1,35927962,100.64
ATGE,2025,Q2,35955712,127.23
ATGE,2025,Q3,36328546,154.45
ATGE,2025,Q4,34508523,103.47
ATHA,2024,Q2,38439375,2.65
ATHA,2024,Q3,38669073,0.45
ATHA,2024,Q4,39042445,0.59
ATHA,2025,Q1,39042445,0.28
ATHA,2025,Q2,39439326,0.3
ATHA,2025,Q3,3943887,
ATHA,2025,Q4,9335913,
ATHM,2024,Q3,121111000,32.62
ATHM,2024,Q4,121111000,25.95
ATHM,2025,Q1,119822000,27.72
ATHM,2025,Q3,116820000,28.55
ATHM,2025,Q4,118806161,22.26
ATHR,2025,Q3,12117586,
ATHR,2025,Q4,12144730,
ATI,2024,Q1,124441401,51.17
ATI,2024,Q2,124463814,55.45
ATI,2024,Q3,142642589,66.91
ATI,2024,Q4,142166931,55.04
ATI,2025,Q1,141067578,52.03
ATI,2025,Q2,137832132,86.34
ATI,2025,Q3,135863661,81.34
ATI,2025,Q4,136936299,114.76
ATIIU,2024,Q4,29590000,
ATIIU,2025,Q1,29590000,10.1
ATIIU,2025,Q2,29590000,
ATIIU,2025,Q3,29590000,
ATIIU,2025,Q4,29590000,
ATKR,2024,Q1,36430497,190.36
ATKR,2024,Q2,35864729,134.93
ATKR,2024,Q3,34902992,84.74
ATKR,2024,Q4,34398716,83.45
ATKR,2025,Q1,33651606,59.99
ATKR,2025,Q2,33655743,70.55
ATKR,2025,Q3,33750486,62.74
ATKR,2025,Q4,33750639,63.25
ATLC,2025,Q3,15141530,58.58
ATLC,2025,Q4,14919417,66.95
ATLN,2025,Q3,58525488,
ATLN,2025,Q4,55713259,1.33
ATLO,2024,Q2,8992167,20.49
ATLO,2024,Q3,8992167,18.23
ATLO,2024,Q4,8915557,16.43
ATLO,2025,Q1,8915557,17.52
ATLO,2025,Q2,8898689,17.81
ATLO,2025,Q3,8892167,20.22
ATLO,2025,Q4,8857220,22.96
ATLX,2024,Q2,15249792,10.38
ATLX,2024,Q3,15249792,6.8
ATLX,2024,Q4,16972841,6.33
ATLX,2025,Q1,17837204,5.17
ATLX,2025,Q2,19582473,3.78
ATLX,2025,Q3,23570445,4.76
ATLX,2025,Q4,27135726,4.23
ATMCU,2025,Q3,2551636,
ATMU,2024,Q1,83355930,32.25
ATMU,2024,Q2,83359426,28.78
ATMU,2024,Q3,83096053,37.53
ATMU,2024,Q4,82866170,39.18
ATMU,2025,Q1,82663925,36.73
ATMU,2025,Q2,82151983,36.42
ATMU,2025,Q3,81507839,45.09
ATMU,2025,Q4,81508591,51.91
ATMVU,2025,Q3,3220947,
ATMVU,2025,Q4,22595363,
ATNF,2025,Q3,21398839,2.41
ATNF,2025,Q4,20313111,
ATNI,2024,Q2,15114216,22.8
ATNI,2024,Q3,15114216,32.34
ATNI,2024,Q4,15481207,16.81
ATNI,2025,Q1,15216530,20.31
ATNI,2025,Q2,15257391,16.25
ATNI,2025,Q3,15257391,14.97
ATNI,2025,Q4,15367611,22.8
ATNM,2024,Q2,31154376,7.4
ATNM,2024,Q3,31195891,1.88
ATNM,2024,Q4,31195891,1.26
ATNM,2025,Q1,31195891,1.61
ATNM,2025,Q2,31195891,1.4
ATNM,2025,Q3,31195891,1.6
ATNM,2025,Q4,31374994,1.36
ATO,2024,Q1,150877056,118.87
ATO,2024,Q2,155232827,116.65
ATO,2024,Q3,155399533,138.71
ATO,2024,Q4,158728197,139.27
ATO,2025,Q1,158836864,154.58
ATO,2025,Q2,160523571,154.11
ATO,2025,Q3,161693336,170.75
ATO,2025,Q4,165438946,167.63
ATOM,2024,Q2,27804438,3.81
ATOM,2024,Q3,28778128,2.63
ATOM,2024,Q4,30703865,11.6
ATOM,2025,Q1,30704132,4.0
ATOM,2025,Q2,31482756,5.04
ATOM,2025,Q3,31681033,4.42
ATOM,2025,Q4,38696147,2.21
ATOS,2024,Q1,125757416,
ATOS,2024,Q2,125757416,1.19
ATOS,2024,Q3,125801254,1.52
ATOS,2024,Q4,129170004,0.94
ATOS,2025,Q1,129170004,0.67
ATOS,2025,Q2,129171424,0.83
ATOS,2025,Q3,129171424,0.87
ATOS,2025,Q4,129171417,0.59
ATPC,2025,Q3,50027000,
ATPC,2025,Q4,1000626,
ATR,2024,Q1,66263631,143.89
ATR,2024,Q2,66388414,140.81
ATR,2024,Q3,66543252,160.19
ATR,2024,Q4,66495293,157.1
ATR,2025,Q1,66040697,148.38
ATR,2025,Q2,65880522,156.43
ATR,2025,Q3,65619154,133.66
ATR,2025,Q4,64379735,121.96
ATRA,2024,Q2,4915049,8.5
ATRA,2024,Q3,5759750,8.13
ATRA,2024,Q4,5858909,13.31
ATRA,2025,Q1,5961391,5.94
ATRA,2025,Q2,7023032,7.72
ATRA,2025,Q3,7210235,14.33
ATRA,2025,Q4,8178114,18.09
ATRC,2024,Q2,48697505,22.77
ATRC,2024,Q3,48753251,28.04
ATRC,2024,Q4,48879604,30.56
ATRC,2025,Q1,49504851,32.26
ATRC,2025,Q2,49701415,32.77
ATRC,2025,Q3,49716988,35.25
ATRC,2025,Q4,49809901,39.56
ATRO,2024,Q1,29071415,19.04
ATRO,2024,Q2,29335907,20.03
ATRO,2024,Q3,29685114,19.48
ATRO,2024,Q4,30252971,15.96
ATRO,2025,Q1,30812251,24.17
ATRO,2025,Q2,31073829,33.48
ATRO,2025,Q3,31619410,45.61
ATRO,2025,Q4,31868534,54.24
ATUS,2024,Q2,460583380,2.04
ATUS,2024,Q3,461625436,2.46
ATUS,2024,Q4,463230046,2.41
ATUS,2025,Q1,467697203,2.66
ATUS,2025,Q2,468650196,2.14
ATUS,2025,Q3,469830736,2.41
ATUS,2025,Q4,470460199,1.65
ATXG,2025,Q1,10090963,
ATXG,2025,Q4,11715348,
ATXS,2024,Q2,56425282,9.1
ATXS,2024,Q3,56434219,11.01
ATXS,2024,Q4,56434219,8.94
ATXS,2025,Q1,56434219,5.34
ATXS,2025,Q2,56434894,5.36
ATXS,2025,Q3,57084838,7.28
ATYR,2024,Q2,75796198,1.56
ATYR,2024,Q3,83942407,1.76
ATYR,2024,Q4,88858612,3.62
ATYR,2025,Q1,89004436,3.02
ATYR,2025,Q2,97986634,5.07
ATYR,2025,Q3,97986634,0.72
ATYR,2025,Q4,98051212,0.78
AU,2024,Q3,420559008,26.63
AU,2024,Q4,503515008,23.08
AU,2025,Q1,503540000,37.12
AU,2025,Q3,419730000,70.33
AU,2025,Q4,504888291,85.28
AUB,2024,Q1,89766691,35.31
AUB,2024,Q2,89782844,32.85
AUB,2024,Q3,89776626,37.67
AUB,2024,Q4,89826664,37.88
AUB,2025,Q1,142468488,31.14
AUB,2025,Q2,142511041,31.28
AUB,2025,Q3,142518152,35.29
AUB,2025,Q4,142535248,35.3
AUBN,2024,Q2,3493699,
AUBN,2024,Q3,3493699,22.9
AUBN,2024,Q4,3493699,23.49
AUBN,2025,Q1,3493699,21.59
AUBN,2025,Q2,3493699,25.0
AUBN,2025,Q3,3493699,24.51
AUBN,2025,Q4,3493699,26.95
AUDC,2025,Q4,27089259,8.73
AUID,2024,Q2,10920851,
AUID,2024,Q3,10920909,
AUID,2024,Q4,10920909,6.02
AUID,2025,Q1,13443740,
AUID,2025,Q2,13443740,5.29
AUID,2025,Q3,13443740,
AUID,2025,Q4,16132487,0.87
AUPH,2024,Q1,143019365,5.01
AUPH,2024,Q2,142990974,5.71
AUPH,2024,Q3,143179269,7.33
AUPH,2024,Q4,137339016,8.98
AUPH,2025,Q1,135104302,8.04
AUPH,2025,Q2,131629546,8.47
AUPH,2025,Q3,131840559,11.05
AUPH,2025,Q4,132970979,15.95
AUR,2024,Q1,1185508895,2.82
AUR,2024,Q2,1201819338,2.77
AUR,2024,Q3,1351555176,5.92
AUR,2024,Q4,1390256094,6.3
AUR,2025,Q1,1418704343,6.73
AUR,2025,Q2,1506035025,5.24
AUR,2025,Q3,1596585483,5.39
AUR,2025,Q4,1640974059,3.84
AURA,2024,Q2,49606115,7.56
AURA,2024,Q3,49951466,8.91
AURA,2024,Q4,50225312,8.22
AURA,2025,Q1,50268758,5.86
AURA,2025,Q2,62119873,6.26
AURA,2025,Q3,63503269,6.18
AURA,2025,Q4,64150468,5.45
AUST,2025,Q4,13693001,
AUTL,2024,Q2,266094457,3.48
AUTL,2024,Q3,266121689,3.63
AUTL,2024,Q4,266128900,2.35
AUTL,2025,Q1,266141411,1.55
AUTL,2025,Q2,266141411,2.28
AUTL,2025,Q3,266143286,1.63
AUTL,2025,Q4,266143286,1.99
AUUD,2024,Q1,2794196,
AUUD,2024,Q2,2794196,
AUUD,2024,Q3,5673675,
AUUD,2024,Q4,8594308,
AUUD,2025,Q1,620436,
AUUD,2025,Q2,1147683,
AUUD,2025,Q3,3101423,
AUUD,2025,Q4,3856348,
AVA,2024,Q1,78188832,35.02
AVA,2024,Q2,78703761,34.61
AVA,2024,Q3,79182817,38.75
AVA,2024,Q4,80126259,36.63
AVA,2025,Q1,80563559,41.87
AVA,2025,Q2,81110750,37.95
AVA,2025,Q3,81371742,37.81
AVA,2025,Q4,82251245,38.54
AVAH,2024,Q2,193225177,2.76
AVAH,2024,Q3,193225177,5.2
AVAH,2024,Q4,195093866,4.57
AVAH,2025,Q1,195093866,5.42
AVAH,2025,Q2,208896373,5.23
AVAH,2025,Q3,208911383,8.87
AVAH,2026,Q1,217510046,
AVAV,2024,Q1,28135734,153.28
AVAV,2024,Q2,28133862,182.16
AVAV,2024,Q3,28206032,200.5
AVAV,2024,Q4,28204366,153.89
AVAV,2025,Q1,28218842,119.19
AVAV,2025,Q2,45692904,284.95
AVAV,2025,Q3,49932207,314.89
AVAV,2025,Q4,49925878,241.89
AVAV,2026,Q1,49933993,183.05
AVB,2024,Q1,142185893,185.56
AVB,2024,Q2,142216792,206.89
AVB,2024,Q3,142237233,225.25
AVB,2024,Q4,142254778,219.97
AVB,2025,Q1,142368177,214.62
AVB,2025,Q2,142383022,203.5
AVB,2025,Q3,141594945,193.17
AVB,2025,Q4,140083473,181.31
AVBP,2024,Q2,33585893,18.55
AVBP,2024,Q3,33697161,23.5
AVBP,2024,Q4,34016197,26.64
AVBP,2025,Q1,34212561,18.49
AVBP,2025,Q2,40568944,21.77
AVBP,2025,Q3,41281361,18.45
AVBP,2025,Q4,44201622,20.12
AVD,2024,Q1,27984744,12.95
AVD,2024,Q2,28835922,8.6
AVD,2024,Q3,28787829,5.3
AVD,2024,Q4,28266826,4.63
AVD,2025,Q1,28352237,4.4
AVD,2025,Q2,28431276,3.92
AVD,2025,Q3,28468140,5.74
AVD,2025,Q4,28539562,3.82
AVDL,2024,Q2,96270528,14.06
AVDL,2024,Q3,96361528,13.12
AVDL,2024,Q4,96629435,10.51
AVDL,2025,Q1,96738935,7.83
AVDL,2025,Q2,97097639,8.85
AVDL,2025,Q3,97656664,15.27
AVDX,2024,Q2,207845629,12.06
AVDX,2024,Q3,205725969,8.11
AVDX,2024,Q4,204441251,10.34
AVDX,2025,Q1,206445984,8.48
AVDX,2025,Q2,207698753,9.79
AVGO,2024,Q1,463421237,1325.41
AVGO,2024,Q2,465488374,1605.53
AVGO,2024,Q3,4670576083,172.5
AVGO,2024,Q4,4687356156,231.84
AVGO,2025,Q1,4701948717,167.43
AVGO,2025,Q2,4703470979,275.65
AVGO,2025,Q3,4722365022,329.91
AVGO,2025,Q4,4741273799,346.1
AVGO,2026,Q1,4734668184,309.51
AVIR,2024,Q2,84422000,3.31
AVIR,2024,Q3,84463059,3.35
AVIR,2024,Q4,85525179,3.35
AVIR,2025,Q1,85579475,2.99
AVIR,2025,Q2,79357553,3.6
AVIR,2025,Q3,78126796,2.9
AVIR,2025,Q4,79672083,3.57
AVNS,2024,Q2,45948994,19.92
AVNS,2024,Q3,45956997,24.03
AVNS,2024,Q4,46003150,15.92
AVNS,2025,Q1,46243980,14.33
AVNS,2025,Q2,46402481,12.24
AVNS,2025,Q3,46418907,11.56
AVNS,2025,Q4,46503458,11.23
AVNT,2024,Q1,91255268,43.4
AVNT,2024,Q2,91312725,43.65
AVNT,2024,Q3,91364444,50.32
AVNT,2024,Q4,91439343,40.86
AVNT,2025,Q1,91532719,37.16
AVNT,2025,Q2,91540567,32.31
AVNT,2025,Q3,91563628,32.95
AVNT,2025,Q4,91624728,31.24
AVNW,2025,Q2,12799307,24.05
AVNW,2025,Q4,12902310,21.38
AVO,2024,Q2,70909730,9.88
AVO,2024,Q3,70910610,12.82
AVO,2024,Q4,70914767,14.37
AVO,2025,Q1,71071752,10.48
AVO,2025,Q2,70618213,11.72
AVO,2025,Q3,70619092,12.02
AVO,2025,Q4,70569517,11.6
AVO,2026,Q1,70845891,
AVPT,2024,Q1,185290143,7.92
AVPT,2024,Q2,186724667,10.42
AVPT,2024,Q3,187511301,11.77
AVPT,2024,Q4,201831243,16.51
AVPT,2025,Q1,203233202,14.44
AVPT,2025,Q2,211926808,19.31
AVPT,2025,Q3,215789313,15.01
AVPT,2025,Q4,215466019,13.89
AVR,2025,Q1,36062087,3.64
AVR,2025,Q2,36062370,3.79
AVR,2025,Q3,41197570,4.5
AVR,2025,Q4,97232054,4.99
AVT,2024,Q1,90380230,49.58
AVT,2024,Q2,88112466,51.49
AVT,2024,Q3,86940948,54.31
AVT,2024,Q4,86504562,52.32
AVT,2025,Q1,83857315,48.09
AVT,2025,Q2,83462743,53.08
AVT,2025,Q3,81329466,52.28
AVT,2025,Q4,81862967,48.08
AVTR,2024,Q1,679266323,25.57
AVTR,2024,Q2,679840443,21.2
AVTR,2024,Q3,680613800,25.87
AVTR,2024,Q4,680902572,21.07
AVTR,2025,Q1,681429663,16.21
AVTR,2025,Q2,681738675,13.46
AVTR,2025,Q3,681814859,12.48
AVTR,2025,Q4,682055932,11.46
AVTX,2025,Q3,18133968,12.71
AVTX,2025,Q4,22788452,18.16
AVXL,2024,Q1,84641537,5.09
AVXL,2024,Q2,84795517,4.22
AVXL,2024,Q3,84815517,5.68
AVXL,2024,Q4,85064199,10.74
AVXL,2025,Q1,85371852,8.58
AVXL,2025,Q2,85893834,9.22
AVXL,2025,Q3,89348107,8.9
AVXL,2025,Q4,92671758,3.56
AVY,2024,Q1,80553349,223.25
AVY,2024,Q2,80519053,218.65
AVY,2024,Q3,80346413,220.76
AVY,2024,Q4,78994622,187.13
AVY,2025,Q1,78175563,177.97
AVY,2025,Q2,77981594,175.47
AVY,2025,Q3,77295394,162.17
AVY,2025,Q4,76877940,181.88
AWI,2024,Q1,43758250,124.22
AWI,2024,Q2,43700062,113.24
AWI,2024,Q3,43588172,131.43
AWI,2024,Q4,43464252,141.33
AWI,2025,Q1,43426816,140.88
AWI,2025,Q2,43258332,162.44
AWI,2025,Q3,43128042,196.01
AWI,2025,Q4,42834049,191.1
AWI,2026,Q1,42678835,164.8
AWK,2024,Q1,194822567,122.21
AWK,2024,Q2,194863034,129.16
AWK,2024,Q3,194893889,146.24
AWK,2024,Q4,194947313,124.49
AWK,2025,Q1,195011615,147.52
AWK,2025,Q2,195098566,139.11
AWK,2025,Q3,195123565,139.19
AWK,2025,Q4,195208666,130.5
AWR,2024,Q1,37228883,72.24
AWR,2024,Q2,37457199,72.57
AWR,2024,Q3,37796873,83.29
AWR,2024,Q4,38156568,77.72
AWR,2025,Q1,38508767,78.68
AWR,2025,Q2,38509038,76.66
AWR,2025,Q3,38714426,73.32
AWR,2025,Q4,39082470,72.48
AWRE,2024,Q2,21183608,1.97
AWRE,2024,Q3,21203919,1.87
AWRE,2024,Q4,21097000,1.95
AWRE,2025,Q1,21091531,1.58
AWRE,2025,Q2,21314235,1.89
AWRE,2025,Q3,21373696,2.41
AWRE,2025,Q4,21601752,1.85
AWX,2024,Q2,3287647,
AWX,2024,Q3,3287647,
AWX,2024,Q4,3287647,
AWX,2025,Q1,3287647,
AWX,2025,Q2,3287647,
AWX,2025,Q3,3287647,
AWX,2025,Q4,3287647,
AX,2024,Q1,56967483,54.04
AX,2024,Q2,56894891,57.15
AX,2024,Q3,57092434,62.88
AX,2024,Q4,57098476,69.85
AX,2025,Q1,56373090,64.52
AX,2025,Q2,56486144,76.04
AX,2025,Q3,56644002,84.65
AX,2025,Q4,56678249,86.16
AXGN,2024,Q2,43829801,7.24
AXGN,2024,Q3,44008259,14.02
AXGN,2024,Q4,44343785,16.48
AXGN,2025,Q1,45544044,18.5
AXGN,2025,Q2,46012574,10.85
AXGN,2025,Q3,46122289,17.84
AXGN,2025,Q4,51897682,32.73
AXGN,2026,Q1,53177824,33.13
AXIL,2025,Q2,6657717,5.49
AXIL,2025,Q4,6802717,
AXIL,2026,Q1,6817717,
AXINU,2025,Q3,20600000,
AXINU,2025,Q4,20600000,
AXL,2024,Q2,117581028,6.99
AXL,2024,Q3,117581028,6.18
AXL,2024,Q4,117581028,5.83
AXL,2025,Q1,118335148,4.07
AXL,2025,Q2,118664153,4.08
AXL,2025,Q3,118696421,6.01
AXL,2025,Q4,235984927,6.41
AXON,2024,Q1,75467220,312.88
AXON,2024,Q2,75574344,294.24
AXON,2024,Q3,76254776,399.6
AXON,2024,Q4,76623266,594.32
AXON,2025,Q1,77850812,525.95
AXON,2025,Q2,78504440,827.94
AXON,2025,Q3,78910466,717.64
AXON,2025,Q4,80397675,567.93
AXP,2024,Q1,719303053,227.69
AXP,2024,Q2,710911653,231.55
AXP,2024,Q3,704444890,271.2
AXP,2024,Q4,702532111,296.79
AXP,2025,Q1,700588870,269.05
AXP,2025,Q2,695882227,318.98
AXP,2025,Q3,688851653,332.16
AXP,2025,Q4,686614005,369.95
AXP,2026,Q1,682326443,302.48
AXR,2025,Q2,5305949,20.93
AXR,2025,Q4,5305199,18.8
AXR,2026,Q1,5305199,
AXS,2024,Q1,84687000,65.02
AXS,2024,Q2,84179000,70.65
AXS,2024,Q3,83649000,79.61
AXS,2024,Q4,82984000,88.62
AXS,2025,Q1,78651000,100.24
AXS,2025,Q2,78173983,103.82
AXS,2025,Q3,77037743,95.8
AXS,2025,Q4,73965939,107.09
AXSM,2024,Q1,47495827,79.8
AXSM,2024,Q2,48000205,80.5
AXSM,2024,Q3,48462376,89.87
AXSM,2024,Q4,48765403,84.61
AXSM,2025,Q1,49236365,116.63
AXSM,2025,Q2,49901487,104.39
AXSM,2025,Q3,50412640,121.45
AXSM,2025,Q4,51153289,182.64
AXTA,2024,Q1,220645516,34.39
AXTA,2024,Q2,219304924,34.17
AXTA,2024,Q3,218063244,36.19
AXTA,2024,Q4,218143313,34.22
AXTA,2025,Q1,218559477,33.17
AXTA,2025,Q2,216574150,29.69
AXTA,2025,Q3,213340170,28.62
AXTA,2025,Q4,213373942,32.31
AXTI,2024,Q2,44482215,3.38
AXTI,2024,Q3,44750581,2.42
AXTI,2024,Q4,45597995,2.17
AXTI,2025,Q1,45603682,1.41
AXTI,2025,Q2,46124935,2.09
AXTI,2025,Q3,46623170,4.49
AXTI,2025,Q4,55573599,16.35
AYI,2024,Q1,30797872,268.73
AYI,2024,Q2,30765419,241.44
AYI,2024,Q3,30863344,275.39
AYI,2024,Q4,30959298,292.13
AYI,2025,Q1,30904948,263.35
AYI,2025,Q2,30644832,298.34
AYI,2025,Q3,30612970,344.39
AYI,2025,Q4,30662621,360.04
AYI,2026,Q1,30315168,280.22
AYRO,2024,Q1,5300220,
AYRO,2024,Q2,6878618,
AYRO,2024,Q3,6812141,
AYRO,2024,Q4,8541466,0.68
AYRO,2025,Q1,8541466,0.51
AYRO,2025,Q3,1455975,
AYRO,2025,Q4,1455975,
AYTU,2024,Q1,5568158,
AYTU,2024,Q2,6148993,2.92
AYTU,2024,Q3,6149369,2.35
AYTU,2024,Q4,6169848,1.7
AYTU,2025,Q1,6170246,1.2
AYTU,2025,Q2,9911913,2.18
AYTU,2025,Q3,10188208,1.88
AYTU,2025,Q4,10733208,2.6
AZ,2025,Q4,43888042,6.51
AZEK,2024,Q1,145518785,50.22
AZEK,2024,Q2,144695631,42.13
AZEK,2024,Q3,143015614,46.8
AZEK,2024,Q4,143671503,47.47
AZEK,2025,Q1,143854293,
AZN,2024,Q3,3100570112,77.91
AZN,2024,Q4,3100630016,65.52
AZN,2025,Q1,3100329984,73.5
AZN,2025,Q3,3100000000,76.72
AZN,2025,Q4,1550907927,91.93
AZO,2024,Q1,17302899,3151.65
AZO,2024,Q2,17082810,2964.1
AZO,2024,Q3,16904289,3150.04
AZO,2024,Q4,16782160,3202.0
AZO,2025,Q1,16728657,3812.78
AZO,2025,Q2,16724000,3712.23
AZO,2025,Q3,16632663,4290.24
AZO,2025,Q4,16567821,3391.5
AZO,2026,Q1,16476820,3377.78
AZTA,2024,Q1,53918934,60.28
AZTA,2024,Q2,48915621,52.62
AZTA,2024,Q3,45583205,48.44
AZTA,2024,Q4,45695591,50.0
AZTA,2025,Q1,45779946,34.64
AZTA,2025,Q2,45839728,30.78
AZTA,2025,Q3,45989285,28.72
AZTA,2025,Q4,46061529,33.26
AZTR,2024,Q2,7625056,
AZTR,2024,Q3,7626056,
AZTR,2024,Q4,14979354,
AZTR,2025,Q1,16476354,
AZTR,2025,Q2,23476354,
AZTR,2025,Q3,10204938,
AZTR,2025,Q4,16192438,
AZUL,2024,Q3,111829000,3.44
AZUL,2024,Q4,111829000,1.67
AZUL,2025,Q1,111829000,
AZZ,2023,Q4,25076871,58.09
AZZ,2024,Q1,25101828,77.31
AZZ,2024,Q2,29816258,77.25
AZZ,2024,Q3,29876952,82.61
AZZ,2024,Q4,29882176,81.92
AZZ,2025,Q1,29913085,83.61
AZZ,2025,Q2,30014037,94.48
AZZ,2025,Q3,30057082,109.13
AZZ,2025,Q4,29855666,107.18
AZZ,2026,Q1,29880309,125.13
B,2025,Q4,1675360395,43.55
BA,2024,Q1,613884224,192.99
BA,2024,Q2,616167165,182.01
BA,2024,Q3,618200911,152.04
BA,2024,Q4,750074411,177.0
BA,2025,Q1,754005474,170.55
BA,2025,Q2,756157695,209.53
BA,2025,Q3,760095468,215.83
BA,2025,Q4,785347096,217.12
BA,2026,Q1,788302331,199.03
BABA,2024,Q3,2394980096,106.12
BABA,2024,Q4,2381339904,84.79
BABA,2025,Q1,2374860032,132.23
BABA,2025,Q3,2390000000,178.73
BABA,2025,Q4,2386036190,146.58
BAC,2024,Q2,7759577413,39.77
BAC,2024,Q3,7672879599,39.68
BAC,2024,Q4,7604677274,43.95
BAC,2025,Q1,7531876103,41.73
BAC,2025,Q2,7406947312,47.32
BAC,2025,Q3,7302495550,51.59
BAC,2025,Q4,7176682170,55.0
BACCU,2025,Q3,20892250,
BACCU,2025,Q4,20892250,
BACQ,2024,Q3,25425000,
BACQ,2024,Q4,25425000,9.86
BACQ,2025,Q1,25425000,10.01
BACQ,2025,Q3,33760000,10.4
BACQU,2025,Q3,25425000,
BACQU,2025,Q4,25425000,
BAER,2024,Q1,47014189,
BAER,2024,Q2,53165227,3.74
BAER,2024,Q3,54047815,2.22
BAER,2024,Q4,54218024,2.13
BAER,2025,Q1,54722646,1.13
BAER,2025,Q2,55527652,1.93
BAER,2025,Q3,55543104,1.85
BAER,2025,Q4,55923319,1.83
BAFN,2025,Q3,4110003,
BAFN,2025,Q4,4108072,
BAH,2023,Q4,129745860,127.91
BAH,2024,Q1,129320488,148.44
BAH,2024,Q2,129190782,153.9
BAH,2024,Q3,127772744,162.76
BAH,2024,Q4,126645604,128.7
BAH,2025,Q1,124187634,104.58
BAH,2025,Q2,123248686,104.13
BAH,2025,Q3,121301203,99.95
BAH,2025,Q4,120594389,84.36
BALL,2024,Q1,310377752,67.36
BALL,2024,Q2,303565423,60.02
BALL,2024,Q3,298425962,67.91
BALL,2024,Q4,282822891,55.13
BALL,2025,Q1,277417504,52.07
BALL,2025,Q2,272148895,56.09
BALL,2025,Q3,267987212,50.42
BALL,2025,Q4,266077175,52.97
BALY,2025,Q3,49162136,11.1
BALY,2025,Q4,48535459,16.52
BAM,2024,Q3,418852992,47.29
BAM,2024,Q4,1637295707,54.19
BAM,2025,Q1,1612543247,48.45
BAM,2025,Q2,1613107657,55.28
BAM,2025,Q3,1610718658,56.94
BAM,2025,Q4,1638147590,52.39
BANC,2024,Q1,158390708,15.21
BANC,2024,Q2,158252791,12.78
BANC,2024,Q3,158611645,14.73
BANC,2024,Q4,158557735,15.46
BANC,2025,Q1,156135165,14.19
BANC,2025,Q2,147301051,14.05
BANC,2025,Q3,150826368,16.55
BANC,2025,Q4,149963520,19.29
BAND,2024,Q1,25049689,18.26
BAND,2024,Q2,25340464,16.88
BAND,2024,Q3,25552081,17.51
BAND,2024,Q4,26665744,17.02
BAND,2025,Q1,27804887,13.1
BAND,2025,Q2,28183017,15.9
BAND,2025,Q3,28563553,16.67
BAND,2025,Q4,29428894,15.45
BANF,2024,Q1,32991040,88.03
BANF,2024,Q2,33022124,87.7
BANF,2024,Q3,33128923,105.25
BANF,2024,Q4,33228202,117.18
BANF,2025,Q1,33242814,109.87
BANF,2025,Q2,33309310,123.62
BANF,2025,Q3,33334172,126.45
BANF,2025,Q4,33545098,106.02
BANL,2025,Q4,14325327,
BANR,2024,Q1,34449548,48.0
BANR,2024,Q2,34456343,49.64
BANR,2024,Q3,34459043,59.56
BANR,2024,Q4,34459832,66.77
BANR,2025,Q1,34580030,63.77
BANR,2025,Q2,34584502,64.15
BANR,2025,Q3,34085930,65.5
BANR,2025,Q4,34097856,62.66
BAP,2024,Q3,79306000,180.97
BAP,2024,Q4,79434000,183.32
BAP,2025,Q1,79435696,186.16
BAP,2025,Q3,79540000,266.28
BAP,2025,Q4,79366322,287.0
BARK,2023,Q4,179786374,0.81
BARK,2024,Q2,181116471,1.81
BARK,2024,Q3,182674940,1.63
BARK,2024,Q4,183965936,1.84
BARK,2025,Q1,185725493,1.39
BARK,2025,Q2,169883114,0.88
BARK,2025,Q3,171592421,0.83
BARK,2025,Q4,172833415,0.6
BASE,2024,Q2,50309880,18.26
BASE,2024,Q3,51324327,16.12
BASE,2024,Q4,52347954,15.59
BASE,2025,Q1,53100012,15.75
BASE,2025,Q2,54084446,24.38
BASE,2025,Q3,55254037,
BATL,2025,Q3,16456563,1.21
BATL,2025,Q4,18256563,1.13
BATRK,2024,Q1,50611586,39.06
BATRK,2024,Q2,50676231,39.44
BATRK,2024,Q3,50842646,39.8
BATRK,2024,Q4,51269890,38.26
BATRK,2025,Q1,51294890,40.01
BATRK,2025,Q2,51459265,46.77
BATRK,2025,Q3,51627382,41.59
BATRK,2025,Q4,52618952,39.45
BAX,2024,Q1,509580190,42.74
BAX,2024,Q2,510177606,33.45
BAX,2024,Q3,510587581,37.97
BAX,2024,Q4,511624996,29.16
BAX,2025,Q1,513174623,34.23
BAX,2025,Q2,513621061,30.28
BAX,2025,Q3,514055805,22.77
BAX,2025,Q4,514490045,19.11
BAYAU,2025,Q3,3466262,
BAYAU,2025,Q4,2738292,
BB,2023,Q4,585350929,3.54
BB,2024,Q2,590173164,2.48
BB,2024,Q3,590727996,2.62
BB,2024,Q4,591583200,3.78
BB,2025,Q1,596233826,3.77
BB,2025,Q2,594530880,4.58
BB,2025,Q3,590361084,4.88
BB,2025,Q4,590147550,3.79
BB,2026,Q1,587882400,
BBAI,2024,Q1,246076078,2.05
BBAI,2024,Q2,250073489,1.51
BBAI,2024,Q3,250585897,1.46
BBAI,2024,Q4,289006948,4.45
BBAI,2025,Q1,291188805,2.86
BBAI,2025,Q2,370703198,6.79
BBAI,2025,Q3,436551228,6.52
BBAI,2025,Q4,476056577,5.4
BBCP,2024,Q2,54119255,6.01
BBCP,2024,Q3,53533261,5.79
BBCP,2024,Q4,53002607,6.66
BBCP,2025,Q1,53050945,5.46
BBCP,2025,Q2,52028118,6.15
BBCP,2025,Q3,51474450,7.05
BBCP,2025,Q4,50855405,6.71
BBCP,2026,Q1,50510506,
BBD,2024,Q3,5295830016,2.66
BBD,2024,Q4,5295830016,1.91
BBD,2025,Q1,5280640000,2.23
BBD,2025,Q3,10640000000,3.38
BBD,2025,Q4,10577011008,3.33
BBDC,2024,Q1,105951159,9.3
BBDC,2024,Q2,105757992,9.73
BBDC,2024,Q3,105558938,9.8
BBDC,2024,Q4,105408938,9.57
BBDC,2025,Q1,105258938,9.54
BBDC,2025,Q2,105158938,9.14
BBDC,2025,Q3,105158938,8.76
BBDC,2025,Q4,104706884,9.18
BBDO,2025,Q4,5296370781,2.87
BBIO,2024,Q1,187129260,30.92
BBIO,2024,Q2,188032738,25.33
BBIO,2024,Q3,188989802,25.46
BBIO,2024,Q4,190188626,27.44
BBIO,2025,Q1,189880720,34.57
BBIO,2025,Q2,191168504,43.18
BBIO,2025,Q3,192708813,51.94
BBIO,2025,Q4,193862871,76.49
BBLG,2025,Q3,1795260,
BBLG,2025,Q4,1795260,
BBNX,2024,Q4,43348840,
BBNX,2025,Q1,43356281,12.24
BBNX,2025,Q2,43470125,14.56
BBNX,2025,Q3,44024631,19.87
BBNX,2025,Q4,44382146,30.47
BBNX,2026,Q1,44561695,
BBSI,2024,Q2,26137737,32.77
BBSI,2024,Q3,25937049,37.51
BBSI,2024,Q4,25833116,43.44
BBSI,2025,Q1,25680212,41.15
BBSI,2025,Q2,25689563,41.69
BBSI,2025,Q3,25624623,44.32
BBSI,2025,Q4,25203090,36.21
BBU,2025,Q4,87720678,35.2
BBUC,2025,Q4,69077731,35.88
BBVA,2025,Q4,5708968700,23.31
BBW,2025,Q1,13144130,37.17
BBW,2025,Q4,12945819,61.27
BBW,2026,Q1,12580479,
BBWI,2024,Q1,224896515,50.02
BBWI,2024,Q2,223231399,39.05
BBWI,2024,Q3,219111946,31.92
BBWI,2024,Q4,216582099,38.77
BBWI,2025,Q1,214225864,30.32
BBWI,2025,Q2,211611794,29.96
BBWI,2025,Q3,206187576,25.76
BBWI,2025,Q4,204721605,20.08
BBWI,2026,Q1,201134265,18.67
BBY,2024,Q1,215381395,82.03
BBY,2024,Q2,215713754,84.29
BBY,2024,Q3,214725246,103.3
BBY,2024,Q4,213795603,85.8
BBY,2025,Q1,211369657,73.61
BBY,2025,Q2,211346694,67.13
BBY,2025,Q3,210101265,75.62
BBY,2025,Q4,209535103,66.93
BBY,2026,Q1,209112577,64.2
BC,2024,Q1,67567180,96.52
BC,2024,Q2,66223348,72.77
BC,2024,Q3,65983222,83.82
BC,2024,Q4,65838981,64.68
BC,2025,Q1,65683412,53.85
BC,2025,Q2,65330800,55.24
BC,2025,Q3,65036590,63.24
BC,2025,Q4,64850982,74.24
BCAB,2025,Q3,58792088,0.69
BCAB,2025,Q4,82846317,0.57
BCAL,2025,Q3,32322651,16.68
BCAL,2025,Q4,32326866,18.67
BCAX,2024,Q3,54415619,25.47
BCAX,2024,Q4,54523326,17.42
BCAX,2025,Q1,54536218,13.03
BCAX,2025,Q2,54562841,9.29
BCAX,2025,Q3,54781950,15.79
BCAX,2025,Q4,65467187,16.83
BCBP,2025,Q3,17228206,8.68
BCBP,2025,Q4,17358931,8.07
BCC,2024,Q1,39479295,153.37
BCC,2024,Q2,38919052,119.22
BCC,2024,Q3,38404552,140.98
BCC,2024,Q4,37932989,118.86
BCC,2025,Q1,37629680,98.09
BCC,2025,Q2,37337473,86.82
BCC,2025,Q3,37043073,77.32
BCC,2025,Q4,35722067,73.6
BCDA,2025,Q3,10612734,
BCDA,2025,Q4,10940372,1.25
BCG,2025,Q3,16602460,
BCG,2025,Q4,16716000,
BCML,2025,Q3,10897763,28.75
BCML,2025,Q4,10909317,29.4
BCO,2024,Q1,44461996,92.38
BCO,2024,Q2,44138206,102.4
BCO,2024,Q3,43642664,115.64
BCO,2024,Q4,43139798,92.77
BCO,2025,Q1,41999993,86.16
BCO,2025,Q2,41662286,89.29
BCO,2025,Q3,41545506,116.86
BCO,2025,Q4,41152517,116.73
BCPC,2024,Q1,32423468,154.95
BCPC,2024,Q2,32443731,153.95
BCPC,2024,Q3,32507716,176.0
BCPC,2024,Q4,32532724,163.0
BCPC,2025,Q1,32617301,166.0
BCPC,2025,Q2,32455193,159.2
BCPC,2025,Q3,32386260,150.06
BCPC,2025,Q4,32025392,153.36
BCRX,2024,Q1,206377088,5.08
BCRX,2024,Q2,206885936,6.18
BCRX,2024,Q3,207132571,7.6
BCRX,2024,Q4,208960020,7.52
BCRX,2025,Q1,209250274,7.5
BCRX,2025,Q2,209920430,8.96
BCRX,2025,Q3,210543224,7.59
BCRX,2025,Q4,250800620,7.8
BCS,2025,Q4,13866661730,25.45
BCSF,2024,Q1,64562265,
BCSF,2024,Q2,64562265,16.31
BCSF,2024,Q3,64562265,16.6
BCSF,2024,Q4,64562265,17.52
BCSF,2025,Q1,64868507,16.6
BCSF,2025,Q2,64868507,15.04
BCSF,2025,Q3,64868507,14.25
BCSF,2025,Q4,64868507,13.91
BCTX,2025,Q3,1883906,
BCTX,2025,Q4,1883906,
BCTX,2026,Q1,7250487,
BCYC,2024,Q2,47501359,20.24
BCYC,2024,Q3,47553922,22.63
BCYC,2024,Q4,47710256,14.0
BCYC,2025,Q1,47761845,8.49
BCYC,2025,Q2,49868567,6.95
BCYC,2025,Q3,49929952,7.74
BCYC,2025,Q4,50269082,7.08
BDC,2024,Q1,50335000,92.61
BDC,2024,Q2,50335000,93.8
BDC,2024,Q3,50335000,117.13
BDC,2024,Q4,50335000,112.61
BDC,2025,Q1,50335000,100.25
BDC,2025,Q2,39619837,115.8
BDC,2025,Q3,39300209,120.27
BDC,2025,Q4,38748995,116.55
BDL,2025,Q3,1858647,
BDL,2025,Q4,1858647,
BDN,2024,Q1,172270907,4.8
BDN,2024,Q2,172678090,4.48
BDN,2024,Q3,172665995,5.44
BDN,2024,Q4,172665995,5.6
BDN,2025,Q1,173050963,4.46
BDN,2025,Q2,173699039,4.29
BDN,2025,Q3,173699039,4.17
BDN,2025,Q4,173711848,2.92
BDRX,2025,Q4,225817808922,
BDSX,2024,Q2,145177125,1.53
BDSX,2024,Q3,145467295,1.78
BDSX,2024,Q4,145978410,1.53
BDSX,2025,Q1,146563031,0.63
BDSX,2025,Q2,146633352,0.28
BDSX,2025,Q3,7955685,
BDSX,2025,Q4,9858358,
BDTX,2024,Q2,56504895,4.66
BDTX,2024,Q3,56585063,4.35
BDTX,2024,Q4,56662222,2.14
BDTX,2025,Q1,56862635,1.55
BDTX,2025,Q2,56935279,2.48
BDTX,2025,Q3,56974913,3.79
BDTX,2025,Q4,57288750,2.43
BDX,2024,Q1,289006461,247.45
BDX,2024,Q2,289042418,233.71
BDX,2024,Q3,289122120,241.1
BDX,2024,Q4,287135421,226.87
BDX,2025,Q1,286607414,229.06
BDX,2025,Q2,286627469,172.25
BDX,2025,Q3,285418551,187.17
BDX,2025,Q4,284741809,194.07
BE,2024,Q1,227020024,11.24
BE,2024,Q2,227643371,12.24
BE,2024,Q3,228575978,10.56
BE,2024,Q4,230398527,22.21
BE,2025,Q1,232228606,19.66
BE,2025,Q2,233661168,23.92
BE,2025,Q3,236356829,84.57
BE,2025,Q4,280045459,86.89
BEAG,2024,Q3,350000,
BEAG,2024,Q4,26158000,9.86
BEAG,2025,Q1,26158000,10.15
BEAGU,2025,Q3,26158000,
BEAGU,2025,Q4,26158000,
BEAM,2024,Q1,82311067,33.04
BEAM,2024,Q2,82415619,23.43
BEAM,2024,Q3,82805627,24.5
BEAM,2024,Q4,83688295,24.8
BEAM,2025,Q1,100557094,19.53
BEAM,2025,Q2,101162026,17.01
BEAM,2025,Q3,101474944,24.27
BEAM,2025,Q4,101856245,27.72
BEAT,2025,Q3,34443563,1.65
BEAT,2025,Q4,41087871,2.4
BECN,2024,Q1,63599031,98.02
BECN,2024,Q2,61871374,90.5
BECN,2024,Q3,61887984,86.43
BECN,2024,Q4,61582627,101.58
BECN,2025,Q1,62161753,
BEEM,2024,Q1,14537451,6.8
BEEM,2024,Q2,14621141,4.61
BEEM,2024,Q3,14773901,4.91
BEEM,2024,Q4,14835630,3.17
BEEM,2025,Q1,15426178,2.04
BEEM,2025,Q2,17965148,1.46
BEEM,2025,Q3,19029346,2.88
BEEM,2025,Q4,19029347,1.5
BEEP,2024,Q1,309000000,
BEEP,2024,Q2,321000000,3.43
BEEP,2024,Q3,419000000,3.28
BEEP,2024,Q4,426000000,4.5
BEEP,2025,Q1,424000000,4.17
BEEP,2025,Q2,42700000,4.53
BEEP,2025,Q3,42300000,3.52
BEEP,2025,Q4,41200000,2.55
BEKE,2024,Q3,1159840000,19.91
BEKE,2024,Q4,1153430016,18.42
BEKE,2025,Q1,1157330048,20.09
BEKE,2025,Q3,1190000000,19.0
BEKE,2025,Q4,1162474558,15.76
BELFB,2025,Q3,10545300,141.02
BELFB,2025,Q4,10541050,169.63
BEN,2024,Q1,526091302,28.11
BEN,2024,Q2,522998430,22.35
BEN,2024,Q3,523667677,20.15
BEN,2024,Q4,525397977,20.29
BEN,2025,Q1,525521295,19.25
BEN,2025,Q2,519195475,23.85
BEN,2025,Q3,520970580,23.13
BEN,2025,Q4,520763448,23.89
BEN,2026,Q1,519637162,23.62
BENF,2025,Q1,8474000,0.31
BENF,2025,Q4,14183822,
BEP,2025,Q4,305987962,26.97
BEPC,2024,Q3,179640992,32.66
BEPC,2024,Q4,179640992,27.66
BEPC,2025,Q1,144887008,27.92
BEPC,2025,Q3,144880000,34.42
BEPC,2025,Q4,179696910,38.34
BERY,2024,Q1,114400000,60.48
BERY,2024,Q2,114600000,58.85
BERY,2024,Q3,115200000,67.98
BERY,2024,Q4,115800000,64.67
BERY,2025,Q1,116700000,
BETR,2025,Q3,9855284,56.14
BETR,2025,Q4,10639547,32.58
BF.A,2024,Q1,169108086,52.95
BF.A,2024,Q2,169123305,44.13
BF.A,2024,Q3,169123305,48.08
BF.A,2024,Q4,169123305,37.69
BF.A,2025,Q1,169129183,33.47
BF.A,2025,Q2,303608875,27.47
BF.A,2025,Q3,303608875,26.91
BF.A,2025,Q4,294594676,26.31
BF.A,2026,Q1,290262390,26.79
BF.B,2024,Q1,169108086,51.62
BF.B,2024,Q2,169123305,43.19
BF.B,2024,Q3,169123305,49.2
BF.B,2024,Q4,169123305,37.98
BF.B,2025,Q1,169129183,33.94
BF.B,2025,Q3,472670000,27.08
BFAM,2024,Q1,58004156,113.36
BFAM,2024,Q2,58043155,110.08
BFAM,2024,Q3,58183225,140.13
BFAM,2024,Q4,57354223,110.85
BFAM,2025,Q1,57253439,127.04
BFAM,2025,Q2,56871854,123.59
BFAM,2025,Q3,56553944,108.57
BFAM,2025,Q4,55113645,101.4
BFC,2025,Q3,9835013,121.31
BFC,2025,Q4,11201677,121.82
BFH,2024,Q1,49584370,37.24
BFH,2024,Q2,49677244,44.56
BFH,2024,Q3,49715062,47.58
BFH,2024,Q4,49092356,61.06
BFH,2025,Q1,46549180,50.08
BFH,2025,Q2,46642430,57.12
BFH,2025,Q3,45661601,55.77
BFH,2025,Q4,43115116,74.03
BFH,2026,Q1,40407065,74.89
BFIN,2025,Q3,12460678,12.03
BFLY,2024,Q1,184280929,1.08
BFLY,2024,Q2,186147353,0.84
BFLY,2024,Q3,186635110,1.77
BFLY,2024,Q4,216496214,3.12
BFLY,2025,Q1,220861993,2.28
BFLY,2025,Q2,225314153,2.0
BFLY,2025,Q3,226175175,1.93
BFLY,2025,Q4,228205930,3.8
BFRG,2025,Q3,11409745,
BFRG,2025,Q4,12664387,0.88
BFRI,2025,Q3,11648323,
BFRI,2025,Q4,11648323,
BFS,2025,Q3,24412314,31.87
BFS,2025,Q4,24495775,31.53
BFST,2024,Q2,25502175,21.76
BFST,2024,Q3,29541455,25.67
BFST,2024,Q4,29552358,25.7
BFST,2025,Q1,29694986,24.35
BFST,2025,Q2,29602970,24.65
BFST,2025,Q3,29615370,23.61
BFST,2025,Q4,32710447,26.14
BG,2024,Q1,141595107,102.52
BG,2024,Q2,141651464,106.77
BG,2024,Q3,139627104,96.64
BG,2024,Q4,133968048,77.76
BG,2025,Q1,134404972,76.42
BG,2025,Q2,200062018,80.28
BG,2025,Q3,193361047,81.25
BG,2025,Q4,193509080,89.08
BGC,2024,Q1,383896745,7.77
BGC,2024,Q2,377150506,8.3
BGC,2024,Q3,370266004,9.18
BGC,2024,Q4,373430578,9.06
BGC,2025,Q1,378720478,9.17
BGC,2025,Q2,364862092,10.23
BGC,2025,Q3,359294852,9.46
BGC,2025,Q4,364809084,8.93
BGFV,2024,Q1,22624232,3.52
BGFV,2024,Q2,22708865,2.96
BGFV,2024,Q3,22699800,2.09
BGFV,2024,Q4,22687585,1.79
BGFV,2025,Q1,22855063,0.97
BGFV,2025,Q2,22918721,1.42
BGLC,2025,Q3,1796507,
BGLC,2025,Q4,2417314,
BGS,2024,Q1,79051120,11.44
BGS,2024,Q2,79163886,8.08
BGS,2024,Q3,79163886,8.88
BGS,2024,Q4,79138243,6.89
BGS,2025,Q1,79797888,6.87
BGS,2025,Q2,80003749,4.23
BGS,2025,Q3,79977050,4.43
BGS,2025,Q4,80003758,4.3
BGS,2026,Q1,79971360,4.81
BGSF,2025,Q3,11199787,7.1
BGSF,2025,Q4,11243967,
BHB,2025,Q3,16688573,30.46
BHB,2025,Q4,16742104,31.05
BHC,2024,Q1,366796721,10.61
BHC,2024,Q2,367102862,6.97
BHC,2024,Q3,367803401,8.16
BHC,2024,Q4,367933897,8.06
BHC,2025,Q1,369550086,6.47
BHC,2025,Q2,369790319,6.66
BHC,2025,Q3,370516926,6.45
BHC,2025,Q4,370562428,6.95
BHE,2024,Q2,36105783,39.46
BHE,2024,Q3,35996919,44.32
BHE,2024,Q4,36016624,45.4
BHE,2025,Q1,36095562,38.03
BHE,2025,Q2,35910705,38.83
BHE,2025,Q3,35678935,38.55
BHE,2025,Q4,35667045,42.76
BHF,2024,Q1,62111288,51.54
BHF,2024,Q2,60755949,43.34
BHF,2024,Q3,59354252,45.03
BHF,2024,Q4,58060494,48.04
BHF,2025,Q1,57408986,57.99
BHF,2025,Q2,57152371,53.77
BHF,2025,Q3,57171217,53.08
BHF,2025,Q4,57184099,64.79
BHLB,2024,Q2,42984270,22.8
BHLB,2024,Q3,42975514,26.93
BHLB,2024,Q4,46404929,28.43
BHLB,2025,Q1,46311960,26.09
BHLB,2025,Q2,46389917,25.04
BHLB,2025,Q3,83908861,23.71
BHLB,2025,Q4,83816086,26.37
BHM,2025,Q3,4048078,11.98
BHM,2025,Q4,4047114,10.67
BHP,2024,Q3,2535140096,62.11
BHP,2024,Q4,2535140096,48.83
BHP,2025,Q1,2536320000,48.54
BHP,2025,Q3,2540000000,55.75
BHP,2025,Q4,2568862477,60.37
BHR,2024,Q1,66477431,2.0
BHR,2024,Q2,66522206,2.55
BHR,2024,Q3,66522206,3.09
BHR,2024,Q4,67046523,3.0
BHR,2025,Q1,67047000,2.49
BHR,2025,Q2,68219432,2.45
BHR,2025,Q3,68219432,2.73
BHR,2025,Q4,68679318,2.87
BHRB,2025,Q3,15028524,61.69
BHRB,2025,Q4,15038857,62.31
BHST,2025,Q4,22666842,5.19
BHVN,2024,Q1,88291909,54.69
BHVN,2024,Q2,94542253,34.71
BHVN,2024,Q3,101122246,49.97
BHVN,2024,Q4,102054499,37.35
BHVN,2025,Q1,102112524,24.04
BHVN,2025,Q2,105788197,14.11
BHVN,2025,Q3,105855155,15.01
BHVN,2025,Q4,150417084,11.29
BIAF,2025,Q3,4498709,
BIAF,2025,Q4,4498675,
BIDU,2024,Q3,285055008,105.29
BIDU,2024,Q4,285055008,84.31
BIDU,2025,Q1,285055008,92.03
BIDU,2025,Q3,345450000,131.77
BIDU,2025,Q4,2722014080,130.66
BIGC,2024,Q1,77274527,6.89
BIGC,2024,Q2,77753052,8.06
BIGC,2024,Q3,78379980,5.85
BIGC,2024,Q4,78600000,6.12
BIGC,2025,Q1,80098346,5.76
BIGC,2025,Q2,80735080,5.0
BIGC,2025,Q3,81263346,4.99
BIGC,2025,Q4,82200000,4.12
BIIB,2024,Q1,145596895,215.63
BIIB,2024,Q2,145661642,231.82
BIIB,2024,Q3,145719340,193.84
BIIB,2024,Q4,146374937,152.92
BIIB,2025,Q1,146527832,136.84
BIIB,2025,Q2,146614598,125.59
BIIB,2025,Q3,146702272,140.08
BIIB,2025,Q4,146758528,175.99
BILI,2024,Q3,330683008,23.38
BILI,2024,Q4,331871008,18.11
BILI,2025,Q1,334624000,19.11
BILI,2025,Q3,417990000,28.09
BILI,2025,Q4,406603290,24.59
BILL,2024,Q1,106137373,68.72
BILL,2024,Q2,106685275,52.62
BILL,2024,Q3,103496676,52.76
BILL,2024,Q4,101946895,84.71
BILL,2025,Q1,103027139,45.89
BILL,2025,Q2,101628611,46.26
BILL,2025,Q3,100156683,52.97
BILL,2025,Q4,98960440,54.54
BIO,2024,Q1,23445692,345.87
BIO,2024,Q2,22794641,273.11
BIO,2024,Q3,22921856,334.58
BIO,2024,Q4,22940805,328.51
BIO,2025,Q1,22142422,243.56
BIO,2025,Q3,26980000,280.39
BIO,2025,Q4,26974835,302.99
BIO.B,2025,Q3,5068436,
BIO.B,2025,Q4,5066110,
BIOA,2024,Q3,35848738,20.8
BIOA,2024,Q4,35850037,5.79
BIOA,2025,Q1,35850037,3.76
BIOA,2025,Q2,35850037,4.13
BIOA,2025,Q3,35855037,5.88
BIOA,2025,Q4,44379753,13.23
BIP,2025,Q4,460488788,34.74
BIPC,2024,Q3,131991000,43.43
BIPC,2024,Q4,132029000,40.01
BIPC,2025,Q1,119023000,36.19
BIRD,2025,Q3,5670752,5.67
BIRD,2025,Q4,6167752,4.1
BIRK,2024,Q3,187828992,49.29
BIRK,2024,Q4,187828992,56.66
BIRK,2025,Q1,187828992,45.85
BIRK,2025,Q3,187830000,45.25
BIRK,2025,Q4,183906056,40.9
BITF,2025,Q4,602851137,2.35
BIVI,2025,Q2,7534225,0.93
BIVI,2025,Q4,7543571,
BJ,2024,Q1,132961162,75.65
BJ,2024,Q2,148247000,87.84
BJ,2024,Q3,148757000,82.48
BJ,2024,Q4,148776000,89.35
BJ,2025,Q1,148965000,114.1
BJ,2025,Q2,149743000,107.83
BJ,2025,Q3,131753378,93.25
BJ,2025,Q4,130847715,90.03
BJ,2026,Q1,129676588,98.42
BJDX,2025,Q3,1814133,
BJRI,2024,Q2,23383119,34.7
BJRI,2024,Q3,23154521,32.56
BJRI,2024,Q4,22816526,35.14
BJRI,2025,Q1,22718200,34.26
BJRI,2025,Q2,22115837,44.6
BJRI,2025,Q3,22124179,30.53
BJRI,2025,Q4,21197187,39.4
BK,2024,Q1,747815835,57.62
BK,2024,Q2,737957499,59.89
BK,2024,Q3,727078320,71.86
BK,2024,Q4,716320652,76.83
BK,2025,Q1,715434285,83.87
BK,2025,Q2,705240816,91.11
BK,2025,Q3,697349124,108.96
BK,2025,Q4,686907398,116.09
BKD,2024,Q1,193013000,6.61
BKD,2024,Q2,197201000,6.83
BKD,2024,Q3,199241000,6.79
BKD,2024,Q4,200020000,5.03
BKD,2025,Q1,234003000,6.26
BKD,2025,Q2,237490452,6.96
BKD,2025,Q3,237655392,8.47
BKD,2025,Q4,237792413,10.79
BKE,2023,Q4,50445386,47.52
BKE,2024,Q2,50778536,36.94
BKE,2024,Q3,50773796,43.97
BKE,2024,Q4,50773796,50.81
BKE,2025,Q1,51159076,38.32
BKE,2025,Q2,51156966,45.35
BKE,2025,Q3,51156626,58.66
BKE,2025,Q4,51156626,53.42
BKE,2026,Q1,51518086,50.36
BKH,2024,Q1,68933306,54.6
BKH,2024,Q2,69748458,54.38
BKH,2024,Q3,71573235,61.12
BKH,2024,Q4,71617490,58.52
BKH,2025,Q1,72509377,60.65
BKH,2025,Q2,72851741,56.1
BKH,2025,Q3,75473390,61.59
BKH,2025,Q4,75474846,69.42
BKHAU,2025,Q3,4153577,
BKHAU,2025,Q4,4153577,
BKHAU,2026,Q1,4153577,
BKKT,2024,Q1,6231825,0.46
BKKT,2024,Q2,6321593,18.92
BKKT,2024,Q3,6476386,9.57
BKKT,2024,Q4,6532626,24.77
BKKT,2025,Q1,6734323,8.67
BKKT,2025,Q2,14373519,13.95
BKKT,2025,Q3,24038434,33.65
BKKT,2025,Q4,25523039,10.04
BKNG,2024,Q1,33927537,3627.88
BKNG,2024,Q2,33524388,3961.5
BKNG,2024,Q3,33096713,4212.12
BKNG,2024,Q4,32815201,4968.42
BKNG,2025,Q1,32540338,4606.91
BKNG,2025,Q2,32409885,5789.24
BKNG,2025,Q3,32233815,5399.27
BKNG,2025,Q4,31673346,5355.33
BKNG,2026,Q1,774878436,4210.32
BKR,2024,Q1,997997634,33.5
BKR,2024,Q2,993423677,35.17
BKR,2024,Q3,989525809,36.15
BKR,2024,Q4,990111854,41.02
BKR,2025,Q1,990749975,43.95
BKR,2025,Q2,985000000,38.34
BKR,2025,Q3,986000000,48.72
BKR,2025,Q4,987000000,45.54
BKR,2026,Q1,992000000,61.05
BKSY,2024,Q1,146830442,1.36
BKSY,2024,Q2,148910354,1.07
BKSY,2024,Q3,30778934,4.74
BKSY,2024,Q4,31639985,10.79
BKSY,2025,Q1,31652390,7.73
BKSY,2025,Q2,35464515,20.58
BKSY,2025,Q3,35992596,20.15
BKSY,2025,Q4,36994814,18.75
BKTI,2025,Q3,3732241,84.48
BKTI,2025,Q4,3785503,74.59
BKU,2024,Q1,74756756,28.0
BKU,2024,Q2,74753896,29.27
BKU,2024,Q3,74749012,36.44
BKU,2024,Q4,74751086,38.17
BKU,2025,Q1,75211923,34.44
BKU,2025,Q2,75212773,35.59
BKU,2025,Q3,75142571,38.16
BKU,2025,Q4,73638610,44.57
BKV,2024,Q3,84600301,18.29
BKV,2024,Q4,84708373,23.78
BKV,2025,Q1,84708373,21.0
BKV,2025,Q2,84711220,24.12
BKV,2025,Q3,89970076,23.13
BKV,2025,Q4,102288077,27.15
BKYI,2025,Q3,10836618,
BL,2024,Q1,61817410,64.58
BL,2024,Q2,62175084,48.45
BL,2024,Q3,62485521,55.14
BL,2024,Q4,62814333,60.76
BL,2025,Q1,62320133,48.42
BL,2025,Q2,61887825,56.62
BL,2025,Q3,59486668,53.1
BL,2025,Q4,59542335,55.29
BLBD,2024,Q1,32299065,38.34
BLBD,2024,Q2,32355645,53.85
BLBD,2024,Q3,32268022,47.96
BLBD,2024,Q4,32111078,38.63
BLBD,2025,Q1,31565453,32.37
BLBD,2025,Q2,31707943,43.16
BLBD,2025,Q3,31714959,57.55
BLBD,2025,Q4,31591902,47.0
BLBX,2025,Q3,4142093,
BLBX,2025,Q4,4480437,
BLCO,2024,Q2,351895407,14.52
BLCO,2024,Q3,352164025,19.29
BLCO,2024,Q4,352470796,18.06
BLCO,2025,Q1,353396650,14.5
BLCO,2025,Q2,353865790,13.01
BLCO,2025,Q3,354189784,15.07
BLCO,2025,Q4,354318198,17.08
BLD,2024,Q1,31817709,440.73
BLD,2024,Q2,30166212,385.27
BLD,2024,Q3,29502560,406.81
BLD,2024,Q4,29227592,311.34
BLD,2025,Q1,28586765,304.95
BLD,2025,Q2,28138831,323.74
BLD,2025,Q3,28071651,390.86
BLD,2025,Q4,28139530,417.19
BLDE,2024,Q1,77346018,2.85
BLDE,2024,Q2,77934085,3.48
BLDE,2024,Q3,78314023,2.94
BLDE,2024,Q4,79694028,4.25
BLDE,2025,Q1,81017314,2.73
BLDE,2025,Q2,81695605,4.03
BLDE,2025,Q3,86366526,5.06
BLDE,2025,Q4,86989143,4.81
BLDP,2024,Q3,299408000,1.8
BLDP,2024,Q4,299420992,1.66
BLDP,2025,Q1,299660000,1.1
BLDP,2025,Q3,300580000,2.72
BLDP,2025,Q4,300784816,2.54
BLDR,2024,Q1,122057169,208.55
BLDR,2024,Q2,116454416,138.41
BLDR,2024,Q3,115084980,193.86
BLDR,2024,Q4,113621373,142.93
BLDR,2025,Q1,110514818,124.94
BLDR,2025,Q2,110546931,116.69
BLDR,2025,Q3,110580581,121.25
BLDR,2025,Q4,110605069,102.89
BLFS,2024,Q2,46138201,21.43
BLFS,2024,Q3,46387214,25.04
BLFS,2024,Q4,47000000,25.96
BLFS,2025,Q1,47561171,22.84
BLFS,2025,Q2,47905265,21.54
BLFS,2025,Q3,48148046,25.51
BLFS,2025,Q4,48300000,24.18
BLFY,2024,Q2,23213599,9.07
BLFY,2024,Q3,22796274,10.25
BLFY,2024,Q4,22096649,9.81
BLFY,2025,Q1,21720825,9.2
BLFY,2025,Q2,21495657,9.57
BLFY,2025,Q3,20761225,9.09
BLFY,2025,Q4,19132011,12.43
BLIN,2025,Q3,12224399,1.31
BLIN,2025,Q4,12599879,0.83
BLK,2024,Q3,154878930,949.51
BLK,2024,Q4,155253443,1025.11
BLK,2025,Q1,154926181,946.48
BLK,2025,Q2,154853337,1049.25
BLK,2025,Q3,155150909,1165.87
BLK,2025,Q4,155541536,1070.34
BLKB,2024,Q1,51626076,74.14
BLKB,2024,Q2,51626340,76.17
BLKB,2024,Q3,50717678,84.68
BLKB,2024,Q4,49236495,73.92
BLKB,2025,Q1,48517704,62.05
BLKB,2025,Q2,48509032,64.21
BLKB,2025,Q3,47834179,64.31
BLKB,2025,Q4,45933454,63.32
BLMN,2024,Q1,87811000,28.68
BLMN,2024,Q2,85776000,19.23
BLMN,2024,Q3,84830000,16.53
BLMN,2024,Q4,84855000,12.21
BLMN,2025,Q1,84987000,7.17
BLMN,2025,Q2,85068422,8.61
BLMN,2025,Q3,85217091,7.17
BLMN,2025,Q4,85227623,6.17
BLND,2024,Q2,249496552,2.36
BLND,2024,Q3,252182833,3.75
BLND,2024,Q4,255914704,4.21
BLND,2025,Q1,254775978,3.35
BLND,2025,Q2,255696747,3.3
BLND,2025,Q3,256119535,3.65
BLND,2025,Q4,253858348,3.04
BLNE,2025,Q3,27755039,3.96
BLNE,2025,Q4,30647369,1.72
BLNK,2024,Q1,100989408,3.01
BLNK,2024,Q2,101151449,2.74
BLNK,2024,Q3,101175406,1.72
BLNK,2024,Q4,101970907,1.39
BLNK,2025,Q1,102717131,0.92
BLNK,2025,Q2,104714302,0.94
BLNK,2025,Q3,114567268,1.64
BLNK,2025,Q4,141252738,0.67
BLRX,2025,Q4,2610814390,
BLTE,2025,Q4,39339960,159.96
BLUE,2024,Q1,193583000,1.28
BLUE,2024,Q2,193913585,0.98
BLUE,2024,Q3,194444345,0.52
BLUE,2024,Q4,9790070,8.34
BLUE,2025,Q1,9792458,
BLUWU,2025,Q3,25983000,10.09
BLZE,2024,Q2,42900000,6.16
BLZE,2024,Q3,44400000,6.39
BLZE,2024,Q4,54300000,6.02
BLZE,2025,Q1,54900000,4.83
BLZE,2025,Q2,56462752,5.5
BLZE,2025,Q3,57678396,9.28
BLZE,2025,Q4,58705790,4.66
BMA,2024,Q3,62817800,63.5
BMA,2024,Q4,62817800,96.76
BMA,2025,Q1,62817800,75.51
BMA,2025,Q3,63900000,42.29
BMA,2025,Q4,70495523,90.16
BMBL,2024,Q1,126198601,11.35
BMBL,2024,Q2,126539671,10.51
BMBL,2024,Q3,108182365,6.38
BMBL,2024,Q4,105545584,8.14
BMBL,2025,Q1,103291424,4.34
BMBL,2025,Q2,104010519,6.59
BMBL,2025,Q3,112738975,6.09
BMBL,2025,Q4,129815720,3.57
BMEA,2024,Q2,36210167,4.5
BMEA,2024,Q3,36238687,10.1
BMEA,2024,Q4,37572250,3.88
BMEA,2025,Q1,37572250,2.13
BMEA,2025,Q2,59508518,1.8
BMEA,2025,Q3,70703639,2.02
BMEA,2025,Q4,72299440,1.24
BMI,2024,Q1,29393730,161.81
BMI,2024,Q2,29411720,186.35
BMI,2024,Q3,29410656,218.41
BMI,2024,Q4,29410893,212.12
BMI,2025,Q1,29453307,190.25
BMI,2025,Q2,29468808,244.95
BMI,2025,Q3,29469785,178.58
BMI,2025,Q4,29181598,174.41
BMI,2026,Q1,29185570,152.35
BMNR,2025,Q3,384067823,51.93
BMNR,2025,Q4,454862451,27.15
BMNR,2026,Q1,537628819,19.78
BMO,2024,Q3,729412992,90.2
BMO,2024,Q4,729865024,97.05
BMO,2025,Q1,727584000,95.51
BMO,2025,Q3,711630000,130.25
BMO,2025,Q4,708905679,129.79
BMR,2025,Q4,15529854,1.57
BMRA,2025,Q2,2815410,
BMRA,2025,Q4,3020067,
BMRA,2026,Q1,3090269,
BMRC,2025,Q3,16094686,24.28
BMRC,2025,Q4,16126486,26.01
BMRN,2024,Q1,189879803,87.34
BMRN,2024,Q2,190382822,82.33
BMRN,2024,Q3,190583016,70.29
BMRN,2024,Q4,190777052,65.73
BMRN,2025,Q1,191775665,70.69
BMRN,2025,Q2,192014601,54.97
BMRN,2025,Q3,192114344,54.16
BMRN,2025,Q4,192323359,59.43
BMY,2024,Q1,2027100096,54.23
BMY,2024,Q2,2027395178,41.53
BMY,2024,Q3,2028176674,51.74
BMY,2024,Q4,2029312023,56.56
BMY,2025,Q1,2035080810,60.99
BMY,2025,Q2,2035435838,46.29
BMY,2025,Q3,2035753027,45.1
BMY,2025,Q4,2036473705,53.94
BN,2024,Q3,1507709952,53.15
BN,2024,Q4,1508380032,57.45
BN,2025,Q1,1637200000,52.41
BN,2025,Q3,2470000000,68.58
BN,2025,Q4,2247252147,45.89
BNAI,2025,Q3,44880795,
BNAI,2025,Q4,5783524,
BNED,2025,Q2,34053847,11.77
BNED,2025,Q4,34053847,9.19
BNED,2026,Q1,34296119,
BNGO,2024,Q1,66856804,1.11
BNGO,2024,Q2,85997130,0.68
BNGO,2024,Q3,101993225,0.45
BNGO,2024,Q4,3007000,0.29
BNGO,2025,Q1,3364000,
BNGO,2025,Q2,4681000,
BNGO,2025,Q3,10176000,1.71
BNGO,2025,Q4,11092000,1.53
BNL,2024,Q1,188430015,15.67
BNL,2024,Q2,188517485,15.87
BNL,2024,Q3,188547264,18.95
BNL,2024,Q4,188798660,15.86
BNL,2025,Q1,189080202,17.04
BNL,2025,Q2,189129832,16.05
BNL,2025,Q3,189216037,17.87
BNL,2025,Q4,191423427,17.37
BNS,2025,Q4,1236305738,73.69
BNTC,2024,Q1,9367485,
BNTC,2024,Q2,10555728,6.99
BNTC,2024,Q3,23216425,9.19
BNTC,2024,Q4,23451475,12.63
BNTC,2025,Q1,25600210,13.01
BNTC,2025,Q2,26250469,11.7
BNTC,2025,Q3,33862226,14.03
BNTC,2025,Q4,34354334,13.47
BNTX,2024,Q3,237766000,118.77
BNTX,2024,Q4,239740000,113.95
BNTX,2025,Q1,239971008,91.06
BNTX,2025,Q3,240460000,98.62
BNTX,2025,Q4,240455443,95.2
BNZI,2025,Q3,6513153,
BNZI,2025,Q4,16947708,
BOC,2025,Q3,30872876,13.08
BOC,2025,Q4,30085520,12.37
BODI,2025,Q3,4359034,
BODI,2025,Q4,4450721,10.36
BOF,2025,Q3,12345859,
BOF,2025,Q4,14582416,3.18
BOH,2024,Q1,39695792,62.39
BOH,2024,Q2,39730452,57.21
BOH,2024,Q3,39748153,62.77
BOH,2024,Q4,39760303,71.24
BOH,2025,Q1,39734801,68.97
BOH,2025,Q2,39767508,67.53
BOH,2025,Q3,39785092,65.64
BOH,2025,Q4,39657257,68.37
BOH,2026,Q1,39621017,74.25
BOKF,2024,Q1,64515035,92.0
BOKF,2024,Q2,64127824,91.64
BOKF,2024,Q3,64118417,104.62
BOKF,2024,Q4,64226062,106.45
BOKF,2025,Q1,64261824,104.15
BOKF,2025,Q2,63611097,97.63
BOKF,2025,Q3,63247676,111.44
BOKF,2025,Q4,60696695,118.46
BOLD,2024,Q2,22254537,3.87
BOLD,2024,Q3,22300043,3.47
BOLD,2024,Q4,22300043,2.9
BOLD,2025,Q1,22385611,1.51
BOLD,2025,Q2,22385611,1.01
BOLD,2025,Q3,22385611,1.23
BOLD,2025,Q4,22407251,1.2
BOLT,2025,Q3,1919441,
BOLT,2025,Q4,1921567,
BOOM,2024,Q2,20038774,14.42
BOOM,2024,Q3,20026491,12.98
BOOM,2024,Q4,20241851,7.35
BOOM,2025,Q1,20490722,8.42
BOOM,2025,Q2,20581269,8.06
BOOM,2025,Q3,20590482,8.45
BOOM,2025,Q4,20485914,6.69
BOOT,2023,Q4,30300962,76.76
BOOT,2024,Q1,30399070,95.15
BOOT,2024,Q2,30503687,128.93
BOOT,2024,Q3,30525252,167.28
BOOT,2024,Q4,30592974,151.82
BOOT,2025,Q1,30594094,107.43
BOOT,2025,Q2,30555623,152.0
BOOT,2025,Q3,30483634,165.72
BOOT,2025,Q4,30420431,176.47
BORR,2025,Q4,307215419,4.03
BOSC,2025,Q4,7028934,4.56
BOTJ,2025,Q3,4543338,15.6
BOTJ,2025,Q4,4543338,18.58
BOW,2024,Q2,32658823,25.34
BOW,2024,Q3,32658823,28.01
BOW,2024,Q4,32662683,35.52
BOW,2025,Q1,32662683,40.65
BOW,2025,Q2,32781565,37.53
BOW,2025,Q3,32782974,27.04
BOW,2025,Q4,32783451,28.54
BOWNU,2025,Q3,2266500,
BOX,2024,Q1,144353060,28.32
BOX,2024,Q2,145588172,26.44
BOX,2024,Q3,143228163,32.73
BOX,2024,Q4,143703769,31.6
BOX,2025,Q1,143789202,30.86
BOX,2025,Q2,144793367,34.17
BOX,2025,Q3,144885814,32.27
BOX,2025,Q4,143227818,29.91
BOX,2026,Q1,140910671,23.64
BOXL,2025,Q3,5512319,
BOXL,2025,Q4,1370010,
BP,2024,Q3,2653370112,31.39
BP,2024,Q4,2638860032,29.56
BP,2025,Q1,2581220096,33.79
BP,2025,Q3,2630000000,34.46
BP,2025,Q4,16486312994,34.73
BPMC,2024,Q1,62616902,94.86
BPMC,2024,Q2,63345465,107.78
BPMC,2024,Q3,63525838,92.5
BPMC,2024,Q4,63906011,87.22
BPMC,2025,Q1,64582163,88.51
BPOP,2024,Q1,72271778,88.09
BPOP,2024,Q2,72335174,88.43
BPOP,2024,Q3,71306133,100.27
BPOP,2024,Q4,69606726,94.06
BPOP,2025,Q1,68510774,92.37
BPOP,2025,Q2,67582844,110.21
BPOP,2025,Q3,66674855,127.01
BPOP,2025,Q4,65104302,124.52
BPRN,2025,Q3,6762859,31.84
BPRN,2025,Q4,6788551,34.69
BR,2024,Q1,118180477,204.86
BR,2024,Q2,116708830,197.0
BR,2024,Q3,116889364,215.03
BR,2024,Q4,117018687,226.09
BR,2025,Q1,117463440,242.46
BR,2025,Q2,117129320,243.03
BR,2025,Q3,116727559,238.17
BR,2025,Q4,116748715,223.17
BRAG,2025,Q4,25553293,2.1
BRBR,2024,Q1,130433808,59.03
BRBR,2024,Q2,129242457,57.14
BRBR,2024,Q3,128782398,60.72
BRBR,2024,Q4,128283139,75.34
BRBR,2025,Q1,126996712,74.46
BRBR,2025,Q2,125979165,57.93
BRBR,2025,Q3,119672080,36.35
BRBR,2025,Q4,117269523,26.73
BRBS,2024,Q2,73502381,2.61
BRBS,2024,Q3,73516146,2.8
BRBS,2024,Q4,87789843,3.22
BRBS,2025,Q1,91177849,3.26
BRBS,2025,Q2,92125959,3.59
BRBS,2025,Q3,91488661,4.23
BRBS,2025,Q4,91340481,4.27
BRC,2024,Q2,43941713,66.02
BRC,2024,Q3,44045649,76.63
BRC,2024,Q4,44223720,73.85
BRC,2025,Q1,44241601,70.64
BRC,2025,Q2,43776968,67.97
BRCC,2024,Q1,67313454,4.28
BRCC,2024,Q2,70639046,6.13
BRCC,2024,Q3,77269532,3.42
BRCC,2024,Q4,78506525,3.17
BRCC,2025,Q1,78697074,2.09
BRCC,2025,Q2,113820789,1.31
BRCC,2025,Q3,114647011,1.56
BRCC,2025,Q4,115208119,1.11
BRDG,2024,Q2,41754016,7.42
BRDG,2024,Q3,41762675,9.87
BRDG,2024,Q4,44702523,8.4
BRDG,2025,Q1,44634470,9.58
BRDG,2025,Q2,47380206,10.01
BRFH,2025,Q3,15969281,3.48
BRFH,2025,Q4,15969281,
BRFS,2024,Q3,1641120000,4.37
BRFS,2024,Q4,1626390016,4.07
BRFS,2025,Q1,1599800064,3.44
BRID,2025,Q3,9076832,7.95
BRID,2025,Q4,9076832,
BRID,2026,Q1,9076832,
BRK.B,2024,Q1,1311161508,420.52
BRK.B,2024,Q2,1325090508,406.8
BRK.B,2024,Q3,1328097016,460.26
BRK.B,2024,Q4,1335992139,453.28
BRK.B,2025,Q1,1341567639,532.58
BRK.B,2025,Q3,2160000000,502.74
BRKL,2024,Q2,88911623,8.35
BRKL,2024,Q3,89098443,10.09
BRKL,2024,Q4,89104605,11.8
BRKL,2025,Q1,89104605,10.9
BRKL,2025,Q2,89104605,10.55
BRKR,2024,Q1,145335376,93.94
BRKR,2024,Q2,151394441,63.81
BRKR,2024,Q3,151598240,69.06
BRKR,2024,Q4,151705168,58.62
BRKR,2025,Q1,151531803,41.74
BRKR,2025,Q2,151719365,41.2
BRKR,2025,Q3,151941144,32.49
BRKR,2025,Q4,152219250,47.11
BRLS,2025,Q3,21463306,
BRLT,2025,Q3,15170213,2.07
BRLT,2025,Q4,16162992,1.75
BRN,2025,Q3,12538064,
BRN,2025,Q4,12566314,
BRNS,2025,Q3,40830353,1.25
BRNS,2025,Q4,40848893,0.7
BRO,2024,Q1,285249262,87.54
BRO,2024,Q2,285260996,89.41
BRO,2024,Q3,285958390,103.6
BRO,2024,Q4,285931978,102.02
BRO,2025,Q1,286607567,124.4
BRO,2025,Q2,329842812,110.87
BRO,2025,Q3,341420790,93.79
BRO,2025,Q4,340420023,79.7
BRO,2026,Q1,338947841,65.21
BROS,2024,Q1,88419220,33.0
BROS,2024,Q2,113819371,41.4
BROS,2024,Q3,113823181,32.03
BROS,2024,Q4,116247434,52.38
BROS,2025,Q1,126924124,61.74
BROS,2025,Q2,126960284,68.37
BROS,2025,Q3,127031344,52.34
BROS,2025,Q4,127054187,61.22
BRSL,2025,Q4,186851561,15.48
BRSP,2024,Q2,130628662,5.7
BRSP,2024,Q3,129685185,5.6
BRSP,2024,Q4,129685185,5.64
BRSP,2025,Q1,130461995,5.56
BRSP,2025,Q2,129993935,5.05
BRSP,2025,Q3,129732929,5.43
BRSP,2025,Q4,128627246,5.6
BRT,2025,Q3,19020394,15.66
BRT,2025,Q4,18983013,14.7
BRTX,2025,Q3,8876242,
BRTX,2025,Q4,25478170,
BRX,2024,Q1,301298764,23.45
BRX,2024,Q2,301345386,23.09
BRX,2024,Q3,302063370,27.86
BRX,2024,Q4,305932336,27.84
BRX,2025,Q1,306060143,26.55
BRX,2025,Q2,306099542,26.04
BRX,2025,Q3,306100010,27.68
BRX,2025,Q4,306589758,26.22
BRX,2026,Q1,306836617,28.8
BRY,2024,Q2,76938994,6.46
BRY,2024,Q3,76938994,5.14
BRY,2024,Q4,77215989,4.13
BRY,2025,Q1,77596202,3.21
BRY,2025,Q2,77601401,2.77
BRY,2025,Q3,77607094,3.78
BRZE,2024,Q1,73664035,44.3
BRZE,2024,Q2,77451377,38.84
BRZE,2024,Q3,82431280,32.34
BRZE,2024,Q4,87467590,41.88
BRZE,2025,Q1,88615173,36.08
BRZE,2025,Q2,92589236,28.1
BRZE,2025,Q3,99079819,28.44
BRZE,2025,Q4,102267368,34.29
BRZE,2026,Q1,112770651,23.61
BSAAU,2025,Q3,6024500,
BSAAU,2025,Q4,6024500,
BSAAU,2026,Q1,6024500,
BSAC,2025,Q4,188446126794,31.11
BSBK,2025,Q3,12968697,9.1
BSBK,2025,Q4,12919366,8.45
BSBR,2025,Q4,3805028571,6.11
BSET,2025,Q3,8685710,15.64
BSET,2025,Q4,8654370,16.76
BSET,2026,Q1,8647234,
BSGM,2025,Q3,39540603,5.76
BSGM,2025,Q4,97721696,3.03
BSLK,2025,Q3,4366123,
BSM,2024,Q2,210689203,15.67
BSM,2024,Q3,210694933,15.1
BSM,2024,Q4,211137816,14.6
BSM,2025,Q1,211636423,15.27
BSM,2025,Q2,211852971,13.08
BSM,2025,Q3,211862412,13.14
BSM,2025,Q4,212333793,13.29
BSRR,2025,Q3,13482458,28.91
BSRR,2025,Q4,13186503,32.68
BSVN,2025,Q3,9453390,46.27
BSVN,2025,Q4,9519335,40.98
BSX,2024,Q1,1470179843,68.49
BSX,2024,Q2,1472626135,77.01
BSX,2024,Q3,1473827485,83.8
BSX,2024,Q4,1475778104,89.32
BSX,2025,Q1,1479446345,100.88
BSX,2025,Q2,1481751634,107.41
BSX,2025,Q3,1482442039,97.63
BSX,2025,Q4,1483885456,95.35
BSY,2024,Q1,288462583,52.22
BSY,2024,Q2,290620299,49.36
BSY,2024,Q3,290712297,50.81
BSY,2024,Q4,291565797,46.7
BSY,2025,Q1,291843811,39.34
BSY,2025,Q2,292093306,53.97
BSY,2025,Q3,292019441,51.48
BSY,2025,Q4,291357191,38.17
BTAI,2025,Q3,21869491,2.56
BTAI,2025,Q4,27074586,1.6
BTBD,2025,Q3,6154724,
BTBD,2025,Q4,6154724,
BTBT,2024,Q3,147792000,3.51
BTBT,2024,Q4,182435019,2.93
BTBT,2025,Q1,207780871,2.02
BTBT,2025,Q2,321432722,2.19
BTBT,2025,Q3,323674831,3.0
BTBT,2025,Q4,323674819,1.89
BTCS,2025,Q3,46838532,4.83
BTCS,2025,Q4,49754240,2.64
BTE,2025,Q4,765568147,3.23
BTG,2024,Q3,1309090048,3.08
BTG,2024,Q4,1311399936,2.44
BTG,2025,Q1,1318040064,2.85
BTG,2025,Q3,1340000000,4.95
BTG,2025,Q4,1340621856,4.51
BTI,2024,Q3,2208790016,36.58
BTI,2024,Q4,2203520000,36.32
BTI,2025,Q1,2195419904,41.37
BTI,2025,Q3,2049999999,53.08
BTI,2025,Q4,2312454501,56.62
BTM,2025,Q3,35010936,3.36
BTM,2025,Q4,5722398,
BTMD,2025,Q3,32268460,3.0
BTMD,2025,Q4,32300867,2.6
BTOC,2025,Q2,45442479,
BTOC,2025,Q4,45443079,
BTSG,2024,Q1,171320174,10.87
BTSG,2024,Q2,171457499,11.36
BTSG,2024,Q3,174126427,14.68
BTSG,2024,Q4,174973806,17.03
BTSG,2025,Q1,174245248,18.09
BTSG,2025,Q2,177148693,23.59
BTSG,2025,Q3,180352297,29.56
BTSG,2025,Q4,193536850,37.45
BTU,2024,Q1,125800000,24.26
BTU,2024,Q2,125900000,22.12
BTU,2024,Q3,121500000,26.54
BTU,2024,Q4,121567621,20.94
BTU,2025,Q1,121600000,13.55
BTU,2025,Q2,121600000,13.42
BTU,2025,Q3,121600000,26.52
BTU,2025,Q4,121747873,29.7
BUD,2024,Q3,1749939968,66.29
BUD,2024,Q4,1748150016,50.07
BUD,2025,Q1,1731840000,61.56
BUD,2025,Q3,1950000000,59.61
BUD,2025,Q4,1797199994,64.04
BULL,2025,Q4,440715769,7.77
BUR,2024,Q4,219421904,12.75
BUR,2025,Q1,218662589,13.21
BUR,2025,Q2,218811591,14.26
BUR,2025,Q3,218888500,11.96
BUR,2025,Q4,218897440,8.92
BURL,2024,Q1,63919382,232.19
BURL,2024,Q2,63826021,240.0
BURL,2024,Q3,63662358,263.48
BURL,2024,Q4,63481004,285.06
BURL,2025,Q1,63204621,238.33
BURL,2025,Q2,63086660,232.64
BURL,2025,Q3,63035016,254.5
BURL,2025,Q4,62927006,288.85
BURL,2026,Q1,62687426,325.38
BURU,2025,Q3,433644251,
BURU,2025,Q4,154588426,
BUSE,2024,Q2,56854732,24.21
BUSE,2024,Q3,56877956,26.02
BUSE,2024,Q4,56958853,23.57
BUSE,2025,Q1,89490547,21.6
BUSE,2025,Q2,89065910,22.88
BUSE,2025,Q3,88409043,23.15
BUSE,2025,Q4,86227449,23.79
BV,2024,Q2,94600000,13.3
BV,2024,Q4,95500000,15.99
BV,2025,Q1,95300000,12.84
BV,2025,Q2,94900000,16.65
BV,2025,Q3,94700000,13.4
BV,2025,Q4,94200000,12.67
BVFL,2025,Q3,8903927,16.12
BVFL,2025,Q4,8750737,18.14
BVN,2024,Q3,253715008,13.84
BVN,2024,Q4,253715008,11.52
BVN,2025,Q1,253715008,15.63
BVN,2025,Q3,253710000,24.33
BVN,2025,Q4,253986863,27.83
BVS,2024,Q2,65186901,5.75
BVS,2024,Q3,65367830,11.95
BVS,2024,Q4,66156868,10.5
BVS,2025,Q1,66357610,9.15
BVS,2025,Q2,66892303,6.62
BVS,2025,Q3,66976477,6.69
BVS,2025,Q4,67368052,7.44
BW,2024,Q1,89480000,1.13
BW,2024,Q2,92010000,1.45
BW,2024,Q3,92382000,2.04
BW,2024,Q4,95138000,1.64
BW,2025,Q1,98404000,0.67
BW,2025,Q2,101097542,0.96
BW,2025,Q3,111100100,2.9
BW,2025,Q4,135256006,6.34
BWA,2024,Q1,227837662,34.74
BWA,2024,Q2,227768975,32.24
BWA,2024,Q3,218699878,36.29
BWA,2024,Q4,218684028,31.79
BWA,2025,Q1,219720048,28.65
BWA,2025,Q2,216392876,33.48
BWA,2025,Q3,213928111,43.96
BWA,2025,Q4,207048768,45.06
BWAY,2025,Q4,39165806,19.02
BWB,2024,Q1,27373972,11.64
BWB,2024,Q2,27349971,11.61
BWB,2024,Q3,27425690,14.17
BWB,2024,Q4,27596315,13.51
BWB,2025,Q1,27439946,13.89
BWB,2025,Q2,27482534,15.91
BWB,2025,Q3,27584732,17.6
BWB,2025,Q4,27824165,17.53
BWEN,2025,Q3,23200988,2.1
BWEN,2025,Q4,23310715,2.83
BWFG,2025,Q3,7877443,44.25
BWFG,2025,Q4,7976788,45.82
BWIN,2024,Q1,66141707,28.94
BWIN,2024,Q2,66744601,35.47
BWIN,2024,Q3,67569242,49.8
BWIN,2024,Q4,68152042,38.76
BWIN,2025,Q1,70641158,44.69
BWIN,2025,Q2,71314976,42.81
BWIN,2025,Q3,71589503,28.21
BWIN,2025,Q4,96721068,24.03
BWLP,2025,Q4,151342653,13.1
BWMN,2025,Q3,17373129,42.36
BWMN,2025,Q4,17123509,33.02
BWXT,2024,Q1,91408789,102.62
BWXT,2024,Q2,91420040,95.0
BWXT,2024,Q3,91443505,108.7
BWXT,2024,Q4,91483708,111.39
BWXT,2025,Q1,91360726,98.65
BWXT,2025,Q2,91398740,144.06
BWXT,2025,Q3,91426744,184.37
BWXT,2025,Q4,91445088,172.84
BX,2024,Q1,714645995,131.37
BX,2024,Q2,720076731,123.8
BX,2024,Q3,722002699,153.13
BX,2024,Q4,729415925,172.42
BX,2025,Q1,729647970,139.78
BX,2025,Q2,737091668,149.58
BX,2025,Q3,738450871,170.85
BX,2025,Q4,742180737,154.14
BXC,2024,Q3,8380695,105.42
BXC,2025,Q3,7865058,73.08
BXC,2026,Q1,7866824,
BXMT,2024,Q1,173584034,19.91
BXMT,2024,Q2,173620980,17.42
BXMT,2024,Q3,172988799,19.01
BXMT,2024,Q4,171594860,17.41
BXMT,2025,Q1,171580190,20.0
BXMT,2025,Q2,171578766,19.25
BXMT,2025,Q3,167723732,18.41
BXMT,2025,Q4,168738642,19.13
BXP,2024,Q1,157058652,65.31
BXP,2024,Q2,157933760,61.56
BXP,2024,Q3,158110697,80.46
BXP,2024,Q4,158209602,74.36
BXP,2025,Q1,158324596,67.19
BXP,2025,Q2,158375515,67.47
BXP,2025,Q3,158468685,74.34
BXP,2025,Q4,158629124,67.48
BXSL,2024,Q2,200965855,30.62
BXSL,2024,Q3,216670844,29.29
BXSL,2024,Q4,227818928,32.31
BXSL,2025,Q1,228009989,32.36
BXSL,2025,Q2,230232988,30.75
BXSL,2025,Q3,231220381,26.07
BXSL,2025,Q4,232279811,26.33
BY,2024,Q2,44260652,23.74
BY,2024,Q3,44385204,26.77
BY,2024,Q4,44683741,29.0
BY,2025,Q1,46152287,26.16
BY,2025,Q2,45864926,26.73
BY,2025,Q3,45819227,27.73
BY,2025,Q4,45590691,29.15
BYD,2024,Q1,94877204,67.32
BYD,2024,Q2,91762642,55.1
BYD,2024,Q3,88389119,64.65
BYD,2024,Q4,83746400,72.54
BYD,2025,Q1,81403080,65.83
BYD,2025,Q2,80184203,78.23
BYD,2025,Q3,78122443,86.45
BYD,2025,Q4,75492204,85.24
BYFC,2025,Q3,6082794,7.22
BYFC,2025,Q4,6206166,
BYND,2024,Q1,64884712,8.28
BYND,2024,Q2,65038387,6.71
BYND,2024,Q3,65203317,6.78
BYND,2024,Q4,76131339,3.76
BYND,2025,Q1,76471415,3.05
BYND,2025,Q2,76646121,3.49
BYND,2025,Q3,453570181,1.89
BYND,2025,Q4,453570185,0.82
BYON,2024,Q1,45733000,35.91
BYON,2024,Q2,45750000,13.08
BYON,2024,Q3,45817000,10.08
BYON,2024,Q4,53144790,4.93
BYON,2025,Q1,56832000,5.8
BYON,2025,Q2,57405976,6.88
BYON,2025,Q3,68845575,9.79
BYON,2025,Q4,69009239,5.46
BYON,2026,Q1,73938495,4.64
BYRN,2024,Q1,22736497,
BYRN,2024,Q2,22776895,9.98
BYRN,2024,Q3,22509399,16.97
BYRN,2024,Q4,22646926,28.81
BYRN,2025,Q1,22667235,16.84
BYRN,2025,Q2,22703814,30.88
BYRN,2025,Q3,22725515,22.16
BYRN,2025,Q4,22671283,16.79
BYRN,2026,Q1,22685654,
BYSI,2025,Q3,40332320,1.81
BYSI,2025,Q4,41119820,1.63
BZAI,2024,Q1,15162663,
BZAI,2024,Q2,15162663,11.12
BZAI,2024,Q3,15162658,11.28
BZAI,2024,Q4,101683916,
BZAI,2025,Q1,101683916,2.02
BZAI,2025,Q2,102620190,2.98
BZAI,2025,Q3,110988152,3.45
BZAI,2025,Q4,122744509,1.95
BZFD,2025,Q3,35864575,1.7
BZFD,2025,Q4,36296018,0.93
BZH,2024,Q2,31081948,27.48
BZH,2024,Q4,31203088,27.46
BZH,2025,Q1,30303405,20.39
BZH,2025,Q2,29725726,22.37
BZH,2025,Q3,29759950,24.55
BZH,2025,Q4,29506806,20.27
BZUN,2024,Q3,54321800,3.58
BZUN,2024,Q4,53925400,2.72
BZUN,2025,Q1,54133300,2.73
BZUN,2025,Q3,57780000,4.05
BZUN,2025,Q4,57995290,2.66
C,2024,Q2,1907795225,63.46
C,2024,Q3,1891264803,62.6
C,2024,Q4,1884479551,70.39
C,2025,Q1,1867733680,70.99
C,2025,Q2,1840897898,85.12
C,2025,Q3,1789266159,101.5
C,2025,Q4,1749319009,116.69
CAAP,2025,Q4,165219146,26.0
CAAS,2025,Q2,30170702,4.08
CABA,2024,Q2,48848673,7.48
CABA,2024,Q3,48877164,4.72
CABA,2024,Q4,50743101,2.27
CABA,2025,Q1,50743101,1.39
CABA,2025,Q2,91465233,1.52
CABA,2025,Q3,96265204,2.34
CABA,2025,Q4,111322671,2.19
CABO,2024,Q1,5619075,423.13
CABO,2024,Q2,5619085,354.0
CABO,2024,Q3,5619563,349.79
CABO,2024,Q4,5627529,362.12
CABO,2025,Q1,5627768,265.77
CABO,2025,Q2,5628990,135.81
CABO,2025,Q3,5635177,177.05
CABO,2025,Q4,5672182,112.85
CAC,2024,Q2,14574519,33.0
CAC,2024,Q3,14577218,41.32
CAC,2024,Q4,16864810,42.74
CAC,2025,Q1,16902160,40.47
CAC,2025,Q2,16920277,40.58
CAC,2025,Q3,16922225,38.59
CAC,2025,Q4,16925329,43.38
CACC,2024,Q1,12110976,551.55
CACC,2024,Q2,12111173,514.68
CACC,2024,Q3,12112144,443.42
CACC,2024,Q4,12031647,469.46
CACC,2025,Q1,11603475,516.35
CACC,2025,Q2,11237661,509.43
CACC,2025,Q3,11031544,466.93
CACC,2025,Q4,10747682,443.46
CACI,2024,Q1,22296410,378.83
CACI,2024,Q2,22303119,430.13
CACI,2024,Q3,22408154,504.56
CACI,2024,Q4,22419739,404.06
CACI,2025,Q1,21990052,366.92
CACI,2025,Q2,21993445,476.7
CACI,2025,Q3,22079710,498.78
CACI,2025,Q4,22085774,532.81
CACI,2026,Q1,22091305,543.87
CADE,2024,Q3,182636992,31.85
CADE,2024,Q4,182968000,34.45
CADE,2025,Q1,183524992,30.36
CADE,2025,Q3,182220000,37.54
CADE,2025,Q4,186307012,42.84
CADL,2024,Q2,32084777,6.2
CADL,2024,Q3,32475537,6.93
CADL,2024,Q4,47235460,8.68
CADL,2025,Q1,50102679,5.65
CADL,2025,Q2,54895099,5.06
CADL,2025,Q3,54898303,5.1
CADL,2025,Q4,73246927,5.65
CAEP,2025,Q3,28180000,
CAEP,2025,Q4,28180000,
CAG,2024,Q1,478062749,29.64
CAG,2024,Q2,478208750,28.42
CAG,2024,Q3,477273006,32.52
CAG,2024,Q4,477320462,27.75
CAG,2025,Q1,477362470,26.67
CAG,2025,Q2,477442995,20.47
CAG,2025,Q3,478351641,18.31
CAG,2025,Q4,478369475,17.31
CAG,2026,Q1,478437156,15.72
CAH,2024,Q1,243566952,111.9
CAH,2024,Q2,243845343,98.32
CAH,2024,Q3,242010503,110.52
CAH,2024,Q4,241567993,118.27
CAH,2025,Q1,238677005,137.77
CAH,2025,Q2,238793647,168.0
CAH,2025,Q3,237595042,156.96
CAH,2025,Q4,235316016,205.5
CAI,2025,Q3,282146923,30.25
CAI,2025,Q4,282579919,26.98
CAKE,2024,Q1,51115061,36.15
CAKE,2024,Q2,50958407,39.29
CAKE,2024,Q3,50872012,40.55
CAKE,2024,Q4,51039728,47.44
CAKE,2025,Q1,51643000,48.66
CAKE,2025,Q2,49528017,62.66
CAKE,2025,Q3,49810427,54.64
CAKE,2025,Q4,49859091,50.48
CAL,2023,Q4,35502200,30.73
CAL,2024,Q2,35129724,33.6
CAL,2024,Q3,35201446,33.05
CAL,2024,Q4,33629058,23.16
CAL,2025,Q1,33612063,17.23
CAL,2025,Q2,33796728,12.22
CAL,2025,Q3,33842888,13.04
CAL,2025,Q4,33895562,12.17
CAL,2026,Q1,33842239,
CALC,2025,Q3,14257234,3.08
CALC,2025,Q4,15743916,
CALM,2024,Q1,44238326,58.85
CALM,2024,Q2,44238766,61.11
CALM,2024,Q3,44236582,74.84
CALM,2024,Q4,44235087,102.92
CALM,2025,Q1,44245955,90.9
CALM,2025,Q2,48497477,99.63
CALM,2025,Q3,48499606,94.1
CALM,2025,Q4,47654046,79.57
CALM,2026,Q1,47376588,79.15
CALX,2024,Q1,65525049,33.16
CALX,2024,Q2,65800523,35.43
CALX,2024,Q3,66315965,38.79
CALX,2024,Q4,66689039,34.87
CALX,2025,Q1,64820252,35.44
CALX,2025,Q2,65303995,53.19
CALX,2025,Q3,66276473,61.37
CALX,2025,Q4,65607663,52.93
CALX,2026,Q1,63782299,48.99
CAMP,2025,Q3,46881134,
CAMP,2025,Q4,51919321,6.13
CAMT,2025,Q4,45828133,106.35
CAN,2024,Q3,266964000,1.01
CAN,2024,Q4,267510000,2.05
CAN,2025,Q1,353148992,0.88
CAN,2025,Q3,372900000,0.88
CAN,2025,Q4,678353020,0.69
CANF,2025,Q4,2618425,
CAPL,2025,Q3,38120481,21.03
CAPL,2025,Q4,38135078,20.6
CAPNU,2025,Q3,7830000,
CAPNU,2025,Q4,5288092,
CAPR,2024,Q2,32538930,4.77
CAPR,2024,Q3,45469908,15.21
CAPR,2024,Q4,45676202,13.8
CAPR,2025,Q1,45707819,9.49
CAPR,2025,Q2,45716975,9.93
CAPR,2025,Q3,45718475,7.21
CAPR,2025,Q4,57510635,28.86
CAPS,2025,Q3,8306205,
CAPS,2025,Q4,8772872,
CAR,2024,Q3,35664100,87.59
CAR,2024,Q4,35139200,80.61
CAR,2025,Q1,35110400,75.9
CAR,2025,Q2,35193504,169.05
CAR,2025,Q3,35196992,160.57
CAR,2025,Q4,35258652,128.32
CARE,2025,Q3,22087044,19.41
CARE,2025,Q4,22164453,19.66
CARG,2024,Q1,88193268,23.08
CARG,2024,Q2,87369707,26.2
CARG,2024,Q3,87950796,30.03
CARG,2024,Q4,89429066,36.54
CARG,2025,Q1,84630375,29.13
CARG,2025,Q2,85043939,33.47
CARG,2025,Q3,81236954,37.23
CARG,2025,Q4,80972897,38.35
CARM,2025,Q3,41845078,0.27
CARR,2024,Q1,901012491,58.13
CARR,2024,Q2,902751929,63.08
CARR,2024,Q3,897227361,80.49
CARR,2024,Q4,868339902,68.26
CARR,2025,Q1,857309847,63.4
CARR,2025,Q2,851022837,73.19
CARR,2025,Q3,842209781,59.7
CARR,2025,Q4,835843882,52.84
CARS,2024,Q2,66020058,19.7
CARS,2024,Q3,64739273,16.76
CARS,2024,Q4,63847460,17.33
CARS,2025,Q1,62886695,11.27
CARS,2025,Q2,61445496,11.85
CARS,2025,Q3,59813268,12.22
CARS,2025,Q4,58636763,12.2
CART,2024,Q1,264699304,37.29
CART,2024,Q2,260804661,32.14
CART,2024,Q3,256894776,40.74
CART,2024,Q4,264642275,41.42
CART,2025,Q1,260734689,39.89
CART,2025,Q2,263438274,45.24
CART,2025,Q3,262532964,36.76
CART,2025,Q4,240615063,44.98
CARV,2025,Q1,5074283,
CARV,2025,Q3,5095254,2.4
CASH,2024,Q2,24977030,56.57
CASH,2024,Q3,24119508,66.01
CASH,2024,Q4,23845526,73.58
CASH,2025,Q3,22339006,74.01
CASH,2025,Q4,21763685,71.0
CASK,2025,Q3,9173955,0.82
CASK,2025,Q4,10283427,
CASS,2025,Q3,13084279,39.33
CASS,2025,Q4,12901080,41.52
CASY,2024,Q1,37017185,318.45
CASY,2024,Q2,37111457,381.56
CASY,2024,Q3,37115982,375.71
CASY,2024,Q4,37117554,396.23
CASY,2025,Q1,37119004,434.04
CASY,2025,Q2,37180985,510.27
CASY,2025,Q3,37181263,565.32
CASY,2025,Q4,37066933,552.71
CASY,2026,Q1,36959030,727.86
CAT,2024,Q1,489272920,366.43
CAT,2024,Q2,484898116,333.1
CAT,2024,Q3,482802488,391.12
CAT,2024,Q4,477932024,362.76
CAT,2025,Q1,471041788,329.8
CAT,2025,Q2,468478923,388.21
CAT,2025,Q3,467979596,477.15
CAT,2025,Q4,465287332,572.87
CATO,2025,Q1,18313929,3.33
CATO,2025,Q4,17984954,3.09
CATO,2026,Q1,17976854,
CATX,2024,Q2,67427667,9.97
CATX,2024,Q3,67587540,13.35
CATX,2024,Q4,74051841,3.19
CATX,2025,Q1,74228334,2.13
CATX,2025,Q2,74262990,3.44
CATX,2025,Q3,74337990,3.43
CATX,2025,Q4,113933436,2.75
CATY,2024,Q1,72813413,37.83
CATY,2024,Q2,72170433,37.72
CATY,2024,Q3,71198632,42.95
CATY,2024,Q4,70285292,47.61
CATY,2025,Q1,70110365,43.03
CATY,2025,Q2,69093418,45.53
CATY,2025,Q3,68036614,48.01
CATY,2025,Q4,66957659,48.39
CAVA,2024,Q2,114028233,92.75
CAVA,2024,Q3,114320581,123.85
CAVA,2024,Q4,114579714,112.8
CAVA,2025,Q1,115659969,86.41
CAVA,2025,Q2,115659969,84.23
CAVA,2025,Q3,115954290,60.41
CAVA,2025,Q4,115986120,58.69
CB,2024,Q1,406061045,259.13
CB,2024,Q2,403934214,255.08
CB,2024,Q3,403097997,288.39
CB,2024,Q4,400412084,276.3
CB,2025,Q1,400725707,301.99
CB,2025,Q2,398690293,289.72
CB,2025,Q3,393550859,282.25
CB,2025,Q4,390156552,312.12
CB,2026,Q1,387860106,325.93
CBAN,2025,Q3,17434632,17.01
CBAN,2025,Q4,21166315,17.82
CBAT,2024,Q1,89939190,
CBAT,2024,Q2,89939190,1.37
CBAT,2024,Q3,89939190,1.25
CBAT,2024,Q4,89939662,0.94
CBAT,2025,Q1,89939662,0.8
CBAT,2025,Q2,88645836,1.18
CBAT,2025,Q3,88645836,0.89
CBAT,2025,Q4,88645844,
CBFV,2025,Q3,5010883,33.21
CBFV,2025,Q4,5075878,34.86
CBIO,2025,Q3,13892516,11.89
CBIO,2025,Q4,27556767,11.86
CBL,2024,Q1,31872406,22.91
CBL,2024,Q2,31551142,23.38
CBL,2024,Q3,30749272,25.2
CBL,2024,Q4,30935922,29.41
CBL,2025,Q1,30935677,26.58
CBL,2025,Q2,30933176,25.39
CBL,2025,Q3,30682618,30.58
CBL,2025,Q4,30975888,37.0
CBLL,2024,Q3,35824244,
CBLL,2024,Q4,35868339,25.88
CBLL,2025,Q1,36143022,19.21
CBLL,2025,Q2,36663968,18.73
CBLL,2025,Q3,37095690,11.49
CBLL,2025,Q4,37641229,21.93
CBNA,2025,Q3,3210437,32.73
CBNA,2025,Q4,3322762,34.64
CBNK,2025,Q3,16520863,31.9
CBNK,2025,Q4,16369844,28.17
CBRE,2024,Q1,306824423,97.24
CBRE,2024,Q2,306431434,89.11
CBRE,2024,Q3,306017984,124.48
CBRE,2024,Q4,300037482,131.29
CBRE,2025,Q1,298104853,130.78
CBRE,2025,Q2,297554325,140.12
CBRE,2025,Q3,297592997,157.56
CBRE,2025,Q4,295158554,160.79
CBRE,2026,Q1,292816579,135.46
CBRL,2024,Q2,22202296,42.16
CBRL,2024,Q3,22204312,45.35
CBRL,2024,Q4,22259168,52.86
CBRL,2025,Q1,22263481,38.82
CBRL,2025,Q2,22266951,61.08
CBRL,2025,Q3,22268694,44.06
CBRL,2025,Q4,22328095,25.4
CBRL,2026,Q1,22351023,
CBSH,2024,Q1,129536050,53.2
CBSH,2024,Q2,128917831,55.78
CBSH,2024,Q3,128227542,59.4
CBSH,2024,Q4,133881257,62.31
CBSH,2025,Q1,133427562,62.23
CBSH,2025,Q2,133438915,62.17
CBSH,2025,Q3,132414687,59.76
CBSH,2025,Q4,146879273,52.34
CBT,2024,Q1,55258155,92.2
CBT,2024,Q2,54823821,91.89
CBT,2024,Q3,54394228,111.77
CBT,2024,Q4,54221492,91.31
CBT,2025,Q1,53723082,83.14
CBT,2025,Q2,53203624,75.0
CBT,2025,Q3,52898776,76.05
CBT,2025,Q4,52221604,66.28
CBU,2024,Q1,52771156,48.03
CBU,2024,Q2,52543703,47.21
CBU,2024,Q3,52560245,58.07
CBU,2024,Q4,52712324,61.68
CBU,2025,Q1,52851453,56.86
CBU,2025,Q2,52857077,56.87
CBU,2025,Q3,52661489,58.64
CBU,2025,Q4,52723931,57.44
CBUS,2024,Q2,23088529,9.85
CBUS,2024,Q3,26455582,3.26
CBUS,2024,Q4,32638411,2.78
CBUS,2025,Q1,32672181,1.87
CBUS,2025,Q2,52540527,1.38
CBUS,2025,Q3,52707626,1.29
CBUS,2025,Q4,69196122,
CBZ,2024,Q1,50112138,78.5
CBZ,2024,Q2,50161633,74.1
CBZ,2024,Q3,50187891,67.29
CBZ,2024,Q4,53758439,81.83
CBZ,2025,Q1,54395610,75.86
CBZ,2025,Q2,53975243,71.71
CBZ,2025,Q3,54401424,52.96
CBZ,2025,Q4,50073624,50.45
CC,2024,Q1,148895340,26.26
CC,2024,Q2,149269882,22.57
CC,2024,Q3,149410506,20.32
CC,2024,Q4,149440788,16.9
CC,2025,Q1,149674209,13.53
CC,2025,Q2,149698300,11.45
CC,2025,Q3,149891952,15.84
CC,2025,Q4,150085308,11.79
CCAP,2024,Q2,37061547,18.78
CCAP,2024,Q3,37061547,18.5
CCAP,2024,Q4,37061547,19.22
CCAP,2025,Q1,37061547,17.12
CCAP,2025,Q2,37061547,14.1
CCAP,2025,Q3,36992523,14.26
CCAP,2025,Q4,36922692,14.05
CCB,2025,Q3,15121263,108.17
CCB,2025,Q4,15208963,114.59
CCBG,2025,Q3,17068825,41.79
CCBG,2025,Q4,17152261,42.57
CCBG,2026,Q1,17101409,
CCCC,2024,Q2,69337753,4.62
CCCC,2024,Q3,70588959,5.7
CCCC,2024,Q4,70989661,3.6
CCCC,2025,Q1,71007083,1.6
CCCC,2025,Q2,71170815,1.43
CCCC,2025,Q3,96914418,2.22
CCCC,2025,Q4,97578175,1.91
CCCMU,2025,Q3,25705000,
CCCS,2024,Q1,614584238,11.96
CCCS,2024,Q2,623400373,11.11
CCCS,2024,Q3,625502334,11.05
CCCS,2024,Q4,656781611,11.73
CCCS,2025,Q1,659060196,9.03
CCCS,2025,Q2,649943555,9.41
CCCS,2025,Q3,642019656,9.11
CCCS,2025,Q4,607126060,7.95
CCCXU,2025,Q3,41700000,
CCCXU,2025,Q4,216471927,
CCEL,2025,Q3,8055150,4.64
CCEL,2025,Q4,8055150,
CCEL,2026,Q1,8055150,
CCEP,2024,Q3,460372992,78.75
CCEP,2024,Q4,460947008,76.81
CCEP,2025,Q1,459568992,87.03
CCEP,2025,Q3,460950000,90.41
CCEP,2025,Q4,449086551,90.7
CCI,2024,Q1,434523224,105.83
CCI,2024,Q2,434567298,97.7
CCI,2024,Q3,434598208,118.63
CCI,2024,Q4,435431269,90.76
CCI,2025,Q1,435458808,104.23
CCI,2025,Q2,435470061,102.73
CCI,2025,Q3,435479010,96.49
CCI,2025,Q4,436070436,88.87
CCIIU,2025,Q3,26020000,
CCIIU,2025,Q4,26020000,
CCIR,2024,Q3,23715000,
CCIR,2024,Q4,23715000,10.01
CCIR,2025,Q1,23715000,11.21
CCIRU,2025,Q2,23715000,
CCIX,2024,Q1,29475000,
CCIX,2024,Q2,29475000,10.02
CCIX,2024,Q3,29475000,10.02
CCIX,2024,Q4,29475000,10.3
CCIX,2025,Q1,29475000,10.79
CCIX,2025,Q3,36660000,
CCIXU,2025,Q3,29475000,
CCIXU,2025,Q4,29475000,
CCJ,2024,Q3,435180992,47.76
CCJ,2024,Q4,435188992,51.39
CCJ,2025,Q1,435312000,41.16
CCJ,2025,Q3,435410000,83.86
CCJ,2025,Q4,435457978,91.49
CCK,2024,Q1,120757103,79.26
CCK,2024,Q2,120640575,74.39
CCK,2024,Q3,119632290,95.88
CCK,2024,Q4,117552541,82.69
CCK,2025,Q1,116392214,89.26
CCK,2025,Q2,116375594,102.98
CCK,2025,Q3,115347894,96.59
CCK,2025,Q4,113225669,102.97
CCL,2024,Q1,1122320414,16.34
CCL,2024,Q2,1122454762,18.72
CCL,2024,Q3,1154164826,18.48
CCL,2024,Q4,1164202729,24.92
CCL,2025,Q1,1166606981,19.53
CCL,2025,Q2,188478051,28.12
CCLD,2025,Q3,42397039,3.21
CCLD,2025,Q4,42492949,2.92
CCNE,2025,Q3,29476240,24.2
CCNE,2025,Q4,29635224,26.17
CCO,2024,Q2,488946967,1.41
CCO,2024,Q3,489078425,1.6
CCO,2024,Q4,490058313,1.37
CCO,2025,Q1,496715404,1.11
CCO,2025,Q2,497012805,1.17
CCO,2025,Q3,497305185,1.58
CCO,2025,Q4,498488033,2.21
CCOI,2024,Q1,49024447,65.33
CCOI,2024,Q2,49004160,56.44
CCOI,2024,Q3,49024304,75.92
CCOI,2024,Q4,49325993,77.07
CCOI,2025,Q1,49337310,61.31
CCOI,2025,Q2,49182709,48.21
CCOI,2025,Q3,49121159,38.35
CCOI,2025,Q4,50062158,21.56
CCRD,2025,Q2,7792382,28.97
CCRN,2024,Q2,33808610,13.84
CCRN,2024,Q3,32916647,13.44
CCRN,2024,Q4,32812580,18.16
CCRN,2025,Q1,32783168,14.89
CCRN,2025,Q2,32761995,13.05
CCRN,2025,Q3,32759952,14.2
CCRN,2025,Q4,32318741,8.1
CCS,2024,Q1,31790755,96.5
CCS,2024,Q2,31336340,81.66
CCS,2024,Q3,31337062,102.98
CCS,2024,Q4,30961227,73.36
CCS,2025,Q1,30546743,67.1
CCS,2025,Q2,29679781,56.32
CCS,2025,Q3,29384289,63.37
CCS,2025,Q4,29050515,59.35
CCS,2026,Q1,28769306,57.38
CCSI,2024,Q2,19297207,17.18
CCSI,2024,Q3,19303598,23.55
CCSI,2024,Q4,19525597,23.86
CCSI,2025,Q1,19540937,23.08
CCSI,2025,Q2,18977018,23.06
CCSI,2025,Q3,19005775,29.37
CCSI,2025,Q4,18868935,21.82
CCU,2024,Q3,184751008,11.63
CCU,2024,Q4,184751008,11.33
CCU,2025,Q1,184751008,15.2
CCU,2025,Q3,184750000,12.12
CCU,2025,Q4,185520933,12.76
CDE,2024,Q1,399320531,3.77
CDE,2024,Q2,399246926,5.62
CDE,2024,Q3,399240588,6.88
CDE,2024,Q4,638557875,5.72
CDE,2025,Q1,639697401,5.92
CDE,2025,Q2,642715694,8.86
CDE,2025,Q3,642217872,18.76
CDE,2025,Q4,642097555,17.83
CDIO,2025,Q3,1826051,
CDIO,2025,Q4,2959469,
CDLR,2025,Q4,350957583,
CDLX,2024,Q1,48783041,14.49
CDLX,2024,Q2,49840104,8.21
CDLX,2024,Q3,50822443,3.2
CDLX,2024,Q4,52085224,3.71
CDLX,2025,Q1,52502390,1.82
CDLX,2025,Q2,53236901,1.65
CDLX,2025,Q3,54056548,2.43
CDLX,2025,Q4,55054268,1.15
CDNA,2024,Q2,52740008,15.53
CDNA,2024,Q3,53633871,31.22
CDNA,2024,Q4,55425899,21.41
CDNA,2025,Q1,55680549,17.75
CDNA,2025,Q2,53226948,19.54
CDNA,2025,Q3,51432639,14.54
CDNA,2025,Q4,51216344,18.84
CDNA,2026,Q1,51659481,
CDNS,2024,Q1,272134000,311.28
CDNS,2024,Q2,273820000,307.75
CDNS,2024,Q3,274263000,271.03
CDNS,2024,Q4,274108000,300.46
CDNS,2025,Q1,273042000,254.33
CDNS,2025,Q2,272490000,308.15
CDNS,2025,Q3,272201000,351.26
CDNS,2025,Q4,272651000,312.58
CDP,2024,Q1,112634870,24.17
CDP,2024,Q2,112650115,25.03
CDP,2024,Q3,112693206,30.33
CDP,2024,Q4,112699445,30.95
CDP,2025,Q1,112880922,27.27
CDP,2025,Q2,112927513,27.58
CDP,2025,Q3,113210594,29.06
CDP,2025,Q4,113207660,27.8
CDRE,2024,Q2,40607988,33.56
CDRE,2024,Q3,40607988,37.95
CDRE,2024,Q4,40607988,32.3
CDRE,2025,Q1,40659585,29.61
CDRE,2025,Q2,40663844,31.85
CDRE,2025,Q3,40663844,36.51
CDRE,2025,Q4,42726564,40.84
CDT,2025,Q3,1629402,
CDTX,2025,Q3,31439371,95.76
CDW,2024,Q1,134397680,255.78
CDW,2024,Q2,133575556,223.84
CDW,2024,Q3,133264062,226.3
CDW,2024,Q4,132492273,174.04
CDW,2025,Q1,131685150,160.26
CDW,2025,Q2,131060745,178.59
CDW,2025,Q3,130193660,159.28
CDW,2025,Q4,128993588,136.2
CDXS,2024,Q2,70927377,3.1
CDXS,2024,Q3,81377855,3.08
CDXS,2024,Q4,82837311,4.77
CDXS,2025,Q1,82844849,2.69
CDXS,2025,Q2,90267464,2.44
CDXS,2025,Q3,90324383,2.44
CDXS,2025,Q4,90869349,1.63
CDZI,2024,Q1,67793609,2.9
CDZI,2024,Q2,67896161,3.09
CDZI,2024,Q3,75184106,3.03
CDZI,2024,Q4,81785011,5.2
CDZI,2025,Q1,81876376,2.93
CDZI,2025,Q2,82019024,2.99
CDZI,2025,Q3,83110079,4.72
CDZI,2025,Q4,83424366,5.61
CE,2024,Q1,109219856,171.86
CE,2024,Q2,109264181,134.89
CE,2024,Q3,109312221,135.96
CE,2024,Q4,109332326,69.21
CE,2025,Q1,109407366,56.77
CE,2025,Q2,109503729,55.33
CE,2025,Q3,109504894,42.08
CE,2025,Q4,109571972,42.28
CECO,2024,Q2,34960522,28.85
CECO,2024,Q3,34979018,28.2
CECO,2024,Q4,34989986,30.23
CECO,2025,Q1,35267942,22.8
CECO,2025,Q2,35328115,28.31
CECO,2025,Q3,35641031,51.2
CECO,2025,Q4,35665813,59.85
CEG,2024,Q1,315234850,184.85
CEG,2024,Q2,312689080,200.27
CEG,2024,Q3,312766599,260.02
CEG,2024,Q4,312847257,223.71
CEG,2025,Q1,313417370,201.63
CEG,2025,Q2,312405579,322.76
CEG,2025,Q3,312290080,329.07
CEG,2025,Q4,361990335,353.27
CELC,2024,Q2,37028733,16.38
CELC,2024,Q3,37129556,14.91
CELC,2024,Q4,37839392,13.09
CELC,2025,Q1,37866358,10.11
CELC,2025,Q2,42426711,13.35
CELC,2025,Q3,46271259,49.4
CELC,2025,Q4,48336675,99.74
CELH,2024,Q1,233081303,82.92
CELH,2024,Q2,233067644,57.09
CELH,2024,Q3,235031452,31.36
CELH,2024,Q4,235129734,26.34
CELH,2025,Q1,257741256,35.62
CELH,2025,Q2,257946135,46.39
CELH,2025,Q3,257785297,57.49
CELH,2025,Q4,256975993,45.74
CELU,2025,Q3,28216485,2.07
CELZ,2025,Q3,2580532,
CELZ,2025,Q4,3696668,
CENN,2024,Q1,30828795,
CENN,2024,Q2,30828795,1.49
CENN,2024,Q3,30866614,1.17
CENN,2024,Q4,30866614,1.07
CENN,2025,Q1,30866614,
CENN,2025,Q2,51912831,0.77
CENN,2025,Q3,87912831,0.58
CENN,2025,Q4,87912829,
CENTA,2024,Q1,54723064,36.92
CENTA,2024,Q2,54743741,33.03
CENTA,2024,Q3,53271103,31.4
CENTA,2024,Q4,53186394,33.05
CENTA,2025,Q1,51989308,32.73
CENTA,2025,Q2,51618478,31.29
CENTA,2025,Q3,51080111,29.53
CENTA,2025,Q4,51014844,29.19
CENX,2025,Q3,93341969,29.36
CENX,2025,Q4,98974047,39.18
CEP,2025,Q3,10300000,22.38
CEPO,2025,Q3,20500000,10.46
CEPO,2025,Q4,20500000,10.41
CEPT,2025,Q3,24580000,10.51
CEPT,2025,Q4,24580000,11.26
CERO,2025,Q3,21102671,
CERO,2025,Q4,21102671,
CERS,2024,Q2,185297208,1.76
CERS,2024,Q3,185715415,1.74
CERS,2024,Q4,185789815,1.54
CERS,2025,Q1,191160480,1.39
CERS,2025,Q2,191698794,1.41
CERS,2025,Q3,192087501,1.59
CERS,2025,Q4,192171776,2.06
CERT,2024,Q2,160888754,13.85
CERT,2024,Q3,160974813,11.71
CERT,2024,Q4,161017775,10.65
CERT,2025,Q1,162233828,9.9
CERT,2025,Q2,160623580,11.7
CERT,2025,Q3,159273367,12.22
CERT,2025,Q4,159139562,8.81
CETX,2025,Q3,6911663,
CETX,2025,Q4,10078089,
CETY,2025,Q3,5183021,
CEVA,2024,Q1,23582142,22.71
CEVA,2024,Q2,23685941,19.29
CEVA,2024,Q3,23626747,24.15
CEVA,2024,Q4,23806655,31.55
CEVA,2025,Q1,23916361,25.61
CEVA,2025,Q2,23882243,21.98
CEVA,2025,Q3,24017805,26.41
CEVA,2025,Q4,27754136,21.52
CF,2024,Q1,182782174,83.21
CF,2024,Q2,180412286,74.12
CF,2024,Q3,174019929,85.8
CF,2024,Q4,169536803,85.32
CF,2025,Q1,162010025,78.15
CF,2025,Q2,161972955,92.0
CF,2025,Q3,155974644,89.7
CF,2025,Q4,153668821,77.34
CFBK,2025,Q3,6367075,23.95
CFBK,2025,Q4,6434002,24.95
CFFI,2025,Q3,3238232,67.2
CFFI,2025,Q4,3255801,72.59
CFFN,2024,Q2,132736765,5.49
CFFN,2024,Q4,132786365,5.91
CFFN,2025,Q1,132800865,5.6
CFFN,2025,Q2,132822565,6.1
CFFN,2025,Q3,131813305,6.35
CFFN,2025,Q4,129844172,6.81
CFG,2024,Q1,455019971,36.29
CFG,2024,Q2,448300466,36.03
CFG,2024,Q3,440700533,41.07
CFG,2024,Q4,437136981,43.76
CFG,2025,Q1,433649118,40.97
CFG,2025,Q2,431348989,44.75
CFG,2025,Q3,429486191,53.16
CFG,2025,Q4,424983657,58.41
CFLT,2024,Q1,244657840,30.52
CFLT,2024,Q2,250068648,29.53
CFLT,2024,Q3,258085656,20.38
CFLT,2024,Q4,272936813,27.96
CFLT,2025,Q1,286330069,23.44
CFLT,2025,Q2,291931187,24.93
CFLT,2025,Q3,298746315,19.8
CFLT,2025,Q4,308661566,30.24
CFR,2024,Q1,64254270,112.57
CFR,2024,Q2,64020978,101.63
CFR,2024,Q3,64131862,111.86
CFR,2024,Q4,64235032,134.25
CFR,2025,Q1,64287941,125.2
CFR,2025,Q2,64325284,128.54
CFR,2025,Q3,63941101,126.77
CFR,2025,Q4,63201792,126.63
CFSB,2025,Q2,6548575,
CG,2024,Q1,359300000,46.91
CG,2024,Q2,356400000,40.15
CG,2024,Q3,357700000,43.06
CG,2024,Q4,357200000,50.49
CG,2025,Q1,360900000,43.59
CG,2025,Q2,361704907,51.4
CG,2025,Q3,360410486,62.7
CG,2025,Q4,361171067,59.11
CGAU,2025,Q4,199806355,14.37
CGBD,2024,Q1,50794941,
CGBD,2024,Q2,50848458,17.74
CGBD,2024,Q3,50906262,16.97
CGBD,2024,Q4,50956965,17.93
CGBD,2025,Q1,72902981,16.18
CGBD,2025,Q2,72902981,13.68
CGBD,2025,Q3,72902981,12.5
CGBD,2025,Q4,70676923,12.49
CGC,2024,Q2,84856023,6.45
CGC,2024,Q3,105360224,4.82
CGC,2024,Q4,147120088,2.74
CGC,2025,Q1,185192210,0.91
CGC,2025,Q4,377862634,1.14
CGCTU,2025,Q3,27600000,10.17
CGCTU,2025,Q4,27600000,10.29
CGEM,2024,Q2,57976641,17.44
CGEM,2024,Q3,58227593,16.74
CGEM,2024,Q4,58512826,12.18
CGEM,2025,Q1,59014667,7.57
CGEM,2025,Q2,59074391,7.53
CGEM,2025,Q3,59076259,5.93
CGEM,2025,Q4,60526128,10.35
CGEN,2025,Q4,94553191,1.53
CGNT,2026,Q1,73078376,
CGNX,2024,Q1,171662056,42.42
CGNX,2024,Q2,171500835,46.76
CGNX,2024,Q3,171515279,40.5
CGNX,2024,Q4,169865714,35.86
CGNX,2025,Q1,167864778,29.83
CGNX,2025,Q2,167899010,31.72
CGNX,2025,Q3,167598049,45.3
CGNX,2025,Q4,165707920,35.98
CGON,2024,Q2,67077020,31.57
CGON,2024,Q3,67629675,37.73
CGON,2024,Q4,76216855,28.68
CGON,2025,Q1,76225308,24.49
CGON,2025,Q2,76247581,26.0
CGON,2025,Q3,80666179,40.28
CGON,2025,Q4,84435200,41.52
CGTX,2025,Q3,88274258,1.35
CGTX,2025,Q4,89353773,1.35
CHACU,2025,Q3,22640000,
CHACU,2025,Q4,22640000,
CHARU,2025,Q3,8840000,
CHCI,2025,Q3,9867401,14.01
CHCI,2025,Q4,9990448,11.62
CHCO,2024,Q2,14701625,106.25
CHCO,2024,Q3,14702125,117.39
CHCO,2024,Q4,14668119,118.48
CHCO,2025,Q1,14482511,117.47
CHCO,2025,Q2,14494831,122.42
CHCO,2025,Q3,14408651,123.87
CHCO,2025,Q4,14350422,119.2
CHCT,2024,Q2,28057217,23.39
CHCT,2024,Q3,28242370,18.15
CHCT,2024,Q4,28339419,19.21
CHCT,2025,Q1,28337779,18.16
CHCT,2025,Q2,28366744,16.63
CHCT,2025,Q3,28471424,15.3
CHCT,2025,Q4,28571793,16.42
CHD,2024,Q1,244522956,104.31
CHD,2024,Q2,244814961,103.68
CHD,2024,Q3,244997535,104.72
CHD,2024,Q4,245969881,104.71
CHD,2025,Q1,246277335,110.09
CHD,2025,Q2,243608695,96.11
CHD,2025,Q3,240130071,87.63
CHD,2025,Q4,236694241,83.85
CHDN,2024,Q1,73504938,123.75
CHDN,2024,Q2,73416581,139.6
CHDN,2024,Q3,73496741,135.21
CHDN,2024,Q4,73548069,133.54
CHDN,2025,Q1,72232103,111.07
CHDN,2025,Q2,70124315,101.0
CHDN,2025,Q3,69728742,97.01
CHDN,2025,Q4,69696376,113.78
CHDN,2026,Q1,69696908,89.83
CHE,2024,Q1,15139240,641.93
CHE,2024,Q2,15050136,542.58
CHE,2024,Q3,14982607,600.97
CHE,2024,Q4,14636695,529.8
CHE,2025,Q1,14629484,615.32
CHE,2025,Q2,14571695,486.93
CHE,2025,Q3,14164195,447.74
CHE,2025,Q4,13765136,427.86
CHE,2026,Q1,13274104,377.74
CHEF,2024,Q1,39773355,37.66
CHEF,2024,Q2,39805717,39.11
CHEF,2024,Q3,39555254,42.01
CHEF,2024,Q4,40248884,49.32
CHEF,2025,Q1,40674391,54.46
CHEF,2025,Q2,40762658,63.81
CHEF,2025,Q3,40685549,58.33
CHEF,2025,Q4,40694233,62.33
CHEK,2024,Q3,5849220,
CHEK,2024,Q4,5849220,
CHEK,2025,Q1,5851040,
CHEK,2025,Q3,5850000,
CHGG,2024,Q1,102217351,7.57
CHGG,2024,Q2,103669879,3.16
CHGG,2024,Q3,104307327,1.77
CHGG,2024,Q4,105109136,1.61
CHGG,2025,Q1,106570452,0.64
CHGG,2025,Q2,108326990,1.21
CHGG,2025,Q3,109273108,1.51
CHGG,2025,Q4,111798694,0.93
CHH,2024,Q1,48162146,126.35
CHH,2024,Q2,47214338,119.0
CHH,2024,Q3,46907321,130.3
CHH,2024,Q4,46728074,141.98
CHH,2025,Q1,46399559,132.78
CHH,2025,Q2,46268374,126.88
CHH,2025,Q3,46272618,106.91
CHH,2025,Q4,45971393,95.26
CHKP,2024,Q3,109983000,192.81
CHKP,2024,Q4,109983000,186.7
CHKP,2025,Q1,108369000,227.92
CHKP,2025,Q3,109980000,206.91
CHKP,2025,Q4,107354723,185.56
CHMG,2025,Q3,4794349,52.52
CHMG,2025,Q4,4818467,55.8
CHMI,2025,Q3,36739538,2.39
CHMI,2025,Q4,36739538,2.55
CHPGU,2025,Q3,8617125,
CHPGU,2025,Q4,1142125,
CHPT,2024,Q2,425303705,1.51
CHPT,2024,Q3,431580576,1.37
CHPT,2024,Q4,442340874,1.07
CHPT,2025,Q1,458200956,0.61
CHPT,2025,Q2,461649680,0.7
CHPT,2025,Q3,23353260,10.92
CHPT,2025,Q4,23653089,6.64
CHPT,2026,Q1,24416236,
CHR,2025,Q4,4686248,
CHRD,2024,Q1,41693424,178.24
CHRD,2024,Q2,61879575,167.68
CHRD,2024,Q3,61130474,130.23
CHRD,2024,Q4,59629556,116.92
CHRD,2025,Q1,57754754,112.72
CHRD,2025,Q2,57258101,96.85
CHRD,2025,Q3,56865300,99.37
CHRD,2025,Q4,56842530,92.7
CHRS,2024,Q1,114725740,2.39
CHRS,2024,Q2,115208583,1.73
CHRS,2024,Q3,115213407,1.04
CHRS,2024,Q4,115896849,1.38
CHRS,2025,Q1,115933276,0.81
CHRS,2025,Q2,116227275,0.73
CHRS,2025,Q3,120871013,1.64
CHRS,2025,Q4,149889902,1.42
CHRW,2024,Q1,117094728,76.14
CHRW,2024,Q2,117283235,88.12
CHRW,2024,Q3,118205199,110.37
CHRW,2024,Q4,118705622,103.32
CHRW,2025,Q1,118730622,102.4
CHRW,2025,Q2,118091162,95.95
CHRW,2025,Q3,118137178,132.4
CHRW,2025,Q4,118620833,160.76
CHSN,2025,Q4,38907905,
CHTR,2024,Q1,144029995,290.63
CHTR,2024,Q2,142741186,298.96
CHTR,2024,Q3,142195750,324.08
CHTR,2024,Q4,141946426,342.77
CHTR,2025,Q1,140364226,368.53
CHTR,2025,Q2,136590984,408.81
CHTR,2025,Q3,129409366,275.11
CHTR,2025,Q4,126631549,208.75
CHTR,2026,Q1,122984536,215.88
CHWY,2023,Q4,120217588,23.63
CHWY,2024,Q1,136052148,15.91
CHWY,2024,Q2,137046700,27.24
CHWY,2024,Q3,143738664,29.29
CHWY,2024,Q4,161719529,33.49
CHWY,2025,Q1,193939665,32.51
CHWY,2025,Q2,195511443,42.62
CHWY,2025,Q3,225061523,40.45
CHWY,2025,Q4,238520324,33.05
CHWY,2026,Q1,240198735,27.0
CHX,2024,Q1,190400000,35.89
CHX,2024,Q2,190500000,33.21
CHX,2024,Q3,190500000,30.15
CHX,2024,Q4,190800000,27.19
CHX,2025,Q1,191400000,
CHYM,2025,Q3,342395697,20.17
CHYM,2025,Q4,351967531,25.17
CI,2024,Q1,284074001,363.19
CI,2024,Q2,279548797,330.57
CI,2024,Q3,278152606,346.44
CI,2024,Q4,273678464,276.14
CI,2025,Q1,267142597,329.0
CI,2025,Q2,266928075,330.58
CI,2025,Q3,267125816,288.25
CI,2025,Q4,263528277,275.23
CIA,2025,Q3,54615810,5.25
CIA,2025,Q4,54625652,4.83
CIB,2024,Q3,113031000,31.38
CIB,2024,Q4,113031000,31.51
CIB,2025,Q1,113031000,40.2
CIB,2025,Q3,240460000,51.94
CIB,2025,Q4,260690503,63.61
CIEN,2024,Q1,144602692,49.45
CIEN,2024,Q2,143705017,48.18
CIEN,2024,Q3,144427200,61.59
CIEN,2024,Q4,142115595,84.81
CIEN,2025,Q1,142145676,60.43
CIEN,2025,Q2,141367218,81.33
CIEN,2025,Q3,141055908,145.67
CIEN,2025,Q4,140854735,233.87
CIEN,2026,Q1,141398427,388.23
CIFR,2024,Q1,310029275,5.15
CIFR,2024,Q2,328941426,4.15
CIFR,2024,Q3,347806123,3.87
CIFR,2024,Q4,361529468,4.64
CIFR,2025,Q1,371213387,2.3
CIFR,2025,Q2,393282654,4.78
CIFR,2025,Q3,395092054,12.59
CIFR,2025,Q4,405119407,14.76
CIGI,2025,Q4,49778127,147.01
CIIT,2025,Q3,16531803,
CIIT,2025,Q4,24531803,
CIIT,2026,Q1,25331803,
CIM,2024,Q1,241418876,4.61
CIM,2024,Q2,80530696,12.8
CIM,2024,Q3,80875336,15.83
CIM,2024,Q4,80922573,14.0
CIM,2025,Q1,80970690,12.83
CIM,2025,Q2,81072943,13.87
CIM,2025,Q3,83151407,13.22
CIM,2025,Q4,83402526,12.43
CINF,2024,Q1,156558411,124.17
CINF,2024,Q2,156240158,118.1
CINF,2024,Q3,156315102,136.12
CINF,2024,Q4,156523953,143.7
CINF,2025,Q1,156303610,147.72
CINF,2025,Q2,156376422,148.92
CINF,2025,Q3,156018513,158.1
CINF,2025,Q4,155617576,163.32
CINF,2026,Q1,154686742,157.35
CING,2025,Q3,6757070,
CING,2025,Q4,11628613,
CINT,2025,Q4,23802836,4.07
CIO,2024,Q1,40154055,5.21
CIO,2024,Q2,40154055,4.98
CIO,2024,Q3,40154055,5.84
CIO,2024,Q4,40358240,5.52
CIO,2025,Q1,40358240,5.19
CIO,2025,Q2,40363640,5.34
CIO,2025,Q3,40363640,6.96
CION,2024,Q1,53589124,11.0
CION,2024,Q2,53454318,12.12
CION,2024,Q3,53285943,11.9
CION,2024,Q4,53026694,11.4
CION,2025,Q1,52687464,10.35
CION,2025,Q2,52086802,9.57
CION,2025,Q3,51670947,9.48
CION,2025,Q4,50496524,9.67
CISO,2025,Q3,44046343,1.05
CISO,2025,Q4,45313337,0.48
CIVB,2025,Q3,19312879,20.31
CIVB,2025,Q4,20735289,22.22
CIVI,2024,Q1,100091389,75.91
CIVI,2024,Q2,98349643,69.0
CIVI,2024,Q3,96514065,50.67
CIVI,2024,Q4,93017260,45.87
CIVI,2025,Q1,92579894,34.89
CIVI,2025,Q2,92660009,27.52
CIVI,2025,Q3,85303179,32.5
CIVI,2025,Q4,85313356,27.09
CIX,2025,Q3,12323057,23.4
CIX,2025,Q4,12323057,23.27
CJMB,2025,Q3,4623027,
CJMB,2025,Q4,5627368,
CKPT,2024,Q1,36150279,2.05
CKPT,2024,Q2,44317841,2.15
CKPT,2024,Q3,48132500,2.24
CKPT,2024,Q4,83063733,3.2
CKPT,2025,Q1,86320002,
CKX,2025,Q3,2053129,11.14
CKX,2025,Q4,2053129,
CL,2024,Q1,820441114,90.05
CL,2024,Q2,817087145,97.04
CL,2024,Q3,817010957,103.81
CL,2024,Q4,811536437,90.91
CL,2025,Q1,810420118,93.7
CL,2025,Q2,808220815,90.9
CL,2025,Q3,806064942,79.94
CL,2025,Q4,801548028,79.02
CLAR,2024,Q1,38298162,6.75
CLAR,2024,Q2,38362162,6.73
CLAR,2024,Q3,38362162,4.5
CLAR,2024,Q4,38362162,4.51
CLAR,2025,Q1,38401824,3.75
CLAR,2025,Q2,38401824,3.47
CLAR,2025,Q3,38401824,3.5
CLAR,2025,Q4,38401824,3.35
CLB,2024,Q2,46912971,20.29
CLB,2024,Q3,46950125,18.53
CLB,2024,Q4,46826820,17.31
CLB,2025,Q1,46882935,14.99
CLB,2025,Q2,46893842,11.52
CLB,2025,Q3,46563387,12.36
CLB,2025,Q4,46050433,16.03
CLBK,2024,Q2,104727144,14.97
CLBK,2024,Q3,104723454,17.07
CLBK,2024,Q4,104730129,15.81
CLBK,2025,Q1,104927561,15.0
CLBK,2025,Q2,104927137,14.51
CLBK,2025,Q3,104313352,15.01
CLBK,2025,Q4,104118378,15.54
CLBR.U,2025,Q3,30015922,
CLBR.U,2025,Q4,29509698,
CLBT,2025,Q4,249439817,18.03
CLDI,2025,Q3,7167721,
CLDI,2025,Q4,10895725,
CLDT,2024,Q1,48908369,10.11
CLDT,2024,Q2,48909949,8.52
CLDT,2024,Q3,48911492,8.52
CLDT,2024,Q4,48974708,8.95
CLDT,2025,Q1,48984249,7.13
CLDT,2025,Q2,48978564,6.97
CLDT,2025,Q3,48516000,6.71
CLDT,2025,Q4,47254037,6.81
CLDX,2024,Q1,65910548,41.97
CLDX,2024,Q2,66287596,37.01
CLDX,2024,Q3,66344236,33.99
CLDX,2024,Q4,66383811,25.27
CLDX,2025,Q1,66394241,18.15
CLDX,2025,Q2,66406544,20.35
CLDX,2025,Q3,66449471,25.87
CLDX,2025,Q4,66566346,27.16
CLF,2024,Q1,475476193,22.74
CLF,2024,Q2,468040431,15.39
CLF,2024,Q3,493943553,12.77
CLF,2024,Q4,494481275,9.4
CLF,2025,Q1,494656203,8.22
CLF,2025,Q2,494695276,7.6
CLF,2025,Q3,494707468,12.2
CLF,2025,Q4,570390499,13.28
CLF,2026,Q1,570414657,8.45
CLFD,2024,Q1,14233283,30.84
CLFD,2024,Q2,14237943,38.56
CLFD,2024,Q3,14288607,38.96
CLFD,2024,Q4,14131537,31.0
CLFD,2025,Q1,13830950,29.72
CLFD,2025,Q2,13806049,43.41
CLFD,2025,Q3,13839096,34.38
CLFD,2025,Q4,13685411,29.15
CLGN,2025,Q4,12803006,1.4
CLH,2024,Q1,53935124,201.31
CLH,2024,Q2,53972593,226.15
CLH,2024,Q3,53899103,241.71
CLH,2024,Q4,53856836,230.14
CLH,2025,Q1,53579601,197.1
CLH,2025,Q2,53632607,231.18
CLH,2025,Q3,53431835,232.22
CLH,2025,Q4,52910946,234.48
CLIR,2025,Q3,53273405,0.77
CLIR,2025,Q4,5408723,0.56
CLLS,2025,Q4,72339441,4.84
CLMB,2025,Q3,4613446,134.84
CLMB,2025,Q4,4605692,102.79
CLMT,2024,Q2,85893687,16.05
CLMT,2024,Q3,85904105,17.82
CLMT,2024,Q4,86207118,22.02
CLMT,2025,Q1,86621470,12.68
CLMT,2025,Q2,86752229,15.76
CLMT,2025,Q3,86754321,18.25
CLMT,2025,Q4,86776552,19.87
CLNE,2024,Q1,223263055,2.68
CLNE,2024,Q2,223427400,2.67
CLNE,2024,Q3,223456532,3.11
CLNE,2024,Q4,223605152,2.51
CLNE,2025,Q1,220981915,1.55
CLNE,2025,Q2,219289216,1.95
CLNE,2025,Q3,219300999,2.58
CLNE,2025,Q4,219430950,2.1
CLNN,2025,Q3,10333980,6.02
CLNN,2025,Q4,11778307,
CLOV,2024,Q1,406788098,0.79
CLOV,2024,Q2,407819384,1.23
CLOV,2024,Q3,412076431,2.82
CLOV,2024,Q4,418531705,3.15
CLOV,2025,Q1,416541578,3.59
CLOV,2025,Q2,420139394,2.79
CLOV,2025,Q3,424304898,3.06
CLOV,2025,Q4,92373157,2.35
CLPR,2025,Q3,16146546,3.8
CLPR,2025,Q4,16146546,3.82
CLPT,2025,Q3,28423308,21.79
CLPT,2025,Q4,29663875,13.68
CLRB,2025,Q3,4240134,
CLRB,2025,Q4,4240129,
CLRO,2025,Q3,1734250,
CLRO,2025,Q4,2675412,
CLS,2024,Q4,115959118,92.3
CLS,2025,Q1,114991980,78.81
CLS,2025,Q2,115032686,156.11
CLS,2025,Q3,115036621,246.38
CLS,2025,Q4,114967854,295.61
CLS,2026,Q1,114973107,281.68
CLSD,2025,Q3,5233981,3.97
CLSK,2024,Q1,227870260,21.21
CLSK,2024,Q2,248119133,15.95
CLSK,2024,Q3,292561667,9.34
CLSK,2024,Q4,280807606,9.21
CLSK,2025,Q1,280943856,6.72
CLSK,2025,Q2,281083382,11.03
CLSK,2025,Q3,255583445,14.5
CLSK,2025,Q4,255752913,10.12
CLST,2025,Q3,4113660,
CLST,2025,Q4,4058297,
CLVT,2024,Q1,668237610,7.43
CLVT,2024,Q2,724140994,5.69
CLVT,2024,Q3,710403567,7.1
CLVT,2024,Q4,691638374,5.08
CLVT,2025,Q1,683086894,3.93
CLVT,2025,Q2,672219064,4.3
CLVT,2025,Q3,661435069,3.83
CLVT,2025,Q4,640698582,3.34
CLW,2024,Q2,16632041,48.47
CLW,2024,Q3,16567722,28.54
CLW,2024,Q4,16175161,29.77
CLW,2025,Q1,16255627,25.37
CLW,2025,Q2,16104144,27.24
CLW,2025,Q3,16038337,20.76
CLW,2025,Q4,16038485,17.4
CLW,2026,Q1,16125253,
CLX,2024,Q1,124188188,153.11
CLX,2024,Q2,123861545,136.47
CLX,2024,Q3,123781318,162.91
CLX,2024,Q4,123189867,162.41
CLX,2025,Q1,123252807,147.25
CLX,2025,Q2,122309414,120.07
CLX,2025,Q3,121980379,123.3
CLX,2025,Q4,120911863,100.83
CLYM,2024,Q2,67060163,7.11
CLYM,2024,Q3,67223760,5.09
CLYM,2024,Q4,67475395,1.8
CLYM,2025,Q1,67575767,1.22
CLYM,2025,Q2,67764100,1.24
CLYM,2025,Q3,68184435,2.01
CLYM,2025,Q4,47767980,4.0
CM,2024,Q3,944972992,61.34
CM,2024,Q4,942374976,63.23
CM,2025,Q1,940024000,56.3
CM,2025,Q3,928770000,79.89
CM,2025,Q4,926610598,90.61
CMA,2024,Q1,132587251,54.99
CMA,2024,Q2,132669896,51.04
CMA,2024,Q3,131514178,59.91
CMA,2024,Q4,131350607,61.85
CMA,2025,Q1,131412824,59.06
CMA,2025,Q2,128525470,59.65
CMA,2025,Q3,127742643,68.52
CMA,2025,Q4,127794128,86.93
CMBT,2025,Q1,194216992,9.08
CMBT,2025,Q3,194480000,9.39
CMBT,2025,Q4,296531565,9.65
CMC,2024,Q1,115708291,58.77
CMC,2024,Q2,114992420,54.99
CMC,2024,Q3,113909587,54.96
CMC,2024,Q4,113641513,49.6
CMC,2025,Q1,113000577,46.01
CMC,2025,Q2,111930530,48.91
CMC,2025,Q3,110968083,57.28
CMC,2025,Q4,110907418,69.22
CMC,2026,Q1,110887384,61.43
CMCO,2024,Q2,28880349,34.54
CMCO,2024,Q3,28689854,36.0
CMCO,2024,Q4,28612530,37.24
CMCO,2025,Q1,28632239,16.93
CMCO,2025,Q4,28739366,17.25
CMCSA,2024,Q1,3914181673,43.35
CMCSA,2024,Q2,3863057248,39.16
CMCSA,2024,Q3,3817095628,41.77
CMCSA,2024,Q4,3771578226,37.53
CMCSA,2025,Q1,3724259552,36.9
CMCSA,2025,Q2,3682762127,35.69
CMCSA,2025,Q3,3634450130,31.42
CMCSA,2025,Q4,3588401619,29.89
CMCSA,2026,Q1,3562784182,28.71
CMCT,2025,Q4,2699686,
CMDB,2025,Q4,24180472,15.41
CME,2024,Q1,360062233,215.29
CME,2024,Q2,360093640,196.6
CME,2024,Q3,360359063,220.65
CME,2024,Q4,360354174,232.23
CME,2025,Q1,360356107,265.29
CME,2025,Q2,360377042,275.62
CME,2025,Q3,360596647,270.19
CME,2025,Q4,4584000,273.08
CME,2026,Q1,362356209,295.35
CMG,2024,Q1,37563000,2906.77
CMG,2024,Q2,1371372000,62.65
CMG,2024,Q3,1363639000,57.62
CMG,2024,Q4,1358751000,60.3
CMG,2025,Q1,1349790000,50.21
CMG,2025,Q2,1340885000,56.15
CMG,2025,Q3,1322278000,39.19
CMG,2025,Q4,1302423000,37.0
CMI,2024,Q1,136779875,294.65
CMI,2024,Q2,137047646,276.93
CMI,2024,Q3,137181852,323.79
CMI,2024,Q4,137481164,348.6
CMI,2025,Q1,137754897,313.44
CMI,2025,Q2,137786038,327.5
CMI,2025,Q3,138036253,422.37
CMI,2025,Q4,138165463,510.45
CMMB,2025,Q4,575381320,
CMP,2024,Q2,41449384,10.33
CMP,2024,Q4,41504100,11.25
CMP,2025,Q1,41620522,9.29
CMP,2025,Q2,41688657,20.09
CMP,2025,Q3,41819495,19.2
CMP,2025,Q4,41863273,19.64
CMPO,2024,Q1,20632837,7.23
CMPO,2024,Q2,30000843,6.8
CMPO,2024,Q3,82677354,14.02
CMPO,2024,Q4,100462844,15.33
CMPO,2025,Q1,102317852,10.87
CMPO,2025,Q2,102357732,14.09
CMPO,2025,Q3,124961235,20.82
CMPO,2025,Q4,289642587,19.28
CMPR,2024,Q1,25450907,88.51
CMPR,2024,Q2,25066128,87.61
CMPR,2024,Q3,25153537,81.92
CMPR,2024,Q4,24820543,71.72
CMPR,2025,Q1,24878772,45.23
CMPR,2025,Q2,24481085,47.0
CMPR,2025,Q3,24671784,63.04
CMPR,2025,Q4,24285192,66.59
CMPS,2024,Q1,68380857,8.32
CMPS,2024,Q2,68388194,6.04
CMPS,2024,Q3,68420818,6.3
CMPS,2024,Q4,92673132,3.78
CMPS,2025,Q1,93561753,2.86
CMPS,2025,Q2,95941264,2.8
CMPS,2025,Q3,96017044,5.73
CMPS,2025,Q4,96017039,6.9
CMPX,2024,Q2,137589171,1.0
CMPX,2024,Q3,137589171,1.84
CMPX,2024,Q4,138282498,1.45
CMPX,2025,Q1,138282498,1.9
CMPX,2025,Q2,138282498,2.6
CMPX,2025,Q3,177862102,3.5
CMPX,2025,Q4,180087915,5.37
CMRE,2024,Q3,119463000,15.72
CMRE,2024,Q4,119799000,12.85
CMRE,2025,Q1,119961000,9.84
CMRE,2025,Q3,120270000,11.91
CMRE,2025,Q4,120583929,15.79
CMS,2024,Q1,298635428,60.34
CMS,2024,Q2,298729438,59.53
CMS,2024,Q3,298784865,70.63
CMS,2024,Q4,298794638,66.65
CMS,2025,Q1,299123745,75.11
CMS,2025,Q2,299335461,69.28
CMS,2025,Q3,304319765,73.26
CMS,2025,Q4,306420901,69.93
CMS,2026,Q1,308919602,77.58
CMT,2025,Q3,8857907,20.55
CMT,2025,Q4,8833231,20.05
CMTG,2024,Q2,138954433,8.02
CMTG,2024,Q3,139362657,7.49
CMTG,2024,Q4,139362657,4.52
CMTG,2025,Q1,139362657,3.73
CMTG,2025,Q2,139822001,2.85
CMTG,2025,Q3,140218764,3.32
CMTG,2025,Q4,140218764,3.06
CMTL,2025,Q3,29610417,2.58
CMTL,2025,Q4,29629375,5.29
CMTL,2026,Q1,29679464,
CNA,2024,Q2,270836385,46.07
CNA,2024,Q3,270842416,48.94
CNA,2024,Q4,270861659,48.37
CNA,2025,Q1,270621865,50.79
CNA,2025,Q2,270665399,46.53
CNA,2025,Q3,270666584,46.46
CNA,2025,Q4,270673371,47.74
CNC,2024,Q1,533656000,78.48
CNC,2024,Q2,526030000,66.3
CNC,2024,Q3,504865000,75.28
CNC,2024,Q4,496044000,60.58
CNC,2025,Q1,497603000,60.71
CNC,2025,Q2,491133000,54.28
CNC,2025,Q3,491518000,35.68
CNC,2025,Q4,491771000,41.15
CNC,2026,Q1,493797000,32.74
CNDT,2024,Q2,162398252,3.26
CNDT,2024,Q3,159889601,4.03
CNDT,2024,Q4,161830138,4.04
CNDT,2025,Q1,161830138,2.7
CNDT,2025,Q2,157974022,2.64
CNDT,2025,Q3,152889491,2.8
CNDT,2025,Q4,154709174,1.92
CNET,2025,Q3,3268469,
CNET,2025,Q4,3268429,
CNFR,2025,Q3,12222881,
CNFR,2025,Q4,26222881,
CNH,2024,Q1,1257481824,12.96
CNH,2024,Q2,1253775140,10.13
CNH,2024,Q3,1248983000,11.1
CNH,2024,Q4,1248023791,11.33
CNH,2025,Q1,1249431633,12.28
CNH,2025,Q2,1250820050,12.96
CNH,2025,Q3,1246404668,10.85
CNH,2025,Q4,1240946574,9.22
CNI,2024,Q3,629500032,117.15
CNI,2024,Q4,628800000,101.51
CNI,2025,Q1,627324032,97.46
CNI,2025,Q3,616500000,94.3
CNI,2025,Q4,614433951,98.85
CNK,2024,Q1,122348675,17.97
CNK,2024,Q2,122387242,21.62
CNK,2024,Q3,122371884,27.84
CNK,2024,Q4,122303972,30.98
CNK,2025,Q1,115013716,24.89
CNK,2025,Q2,115035514,30.18
CNK,2025,Q3,117475902,28.02
CNK,2025,Q4,115526237,23.24
CNL,2025,Q4,92537998,14.59
CNM,2023,Q4,179075072,40.41
CNM,2024,Q1,192151694,57.25
CNM,2024,Q2,192918657,48.94
CNM,2024,Q3,192647223,44.4
CNM,2024,Q4,190189434,50.91
CNM,2025,Q1,190058509,48.31
CNM,2025,Q2,189654473,60.35
CNM,2025,Q3,190688721,53.83
CNM,2025,Q4,188802673,51.97
CNM,2026,Q1,188072306,49.4
CNMD,2024,Q1,30800747,80.08
CNMD,2024,Q2,30829285,69.32
CNMD,2024,Q3,30890853,71.92
CNMD,2024,Q4,30908835,68.44
CNMD,2025,Q1,30939865,60.39
CNMD,2025,Q2,30954963,52.08
CNMD,2025,Q3,30967954,47.03
CNMD,2025,Q4,30833536,40.6
CNNE,2024,Q2,62734645,18.14
CNNE,2024,Q3,62739664,19.06
CNNE,2024,Q4,62794359,19.86
CNNE,2025,Q1,62818001,18.33
CNNE,2025,Q2,56014815,20.85
CNNE,2025,Q3,49285406,18.31
CNNE,2025,Q4,46324719,15.73
CNO,2024,Q1,108259664,27.48
CNO,2024,Q2,105764929,27.72
CNO,2024,Q3,103209019,35.1
CNO,2024,Q4,100877837,37.21
CNO,2025,Q1,99141400,41.65
CNO,2025,Q2,96931934,38.58
CNO,2025,Q3,95353512,39.55
CNO,2025,Q4,94277712,42.47
CNOB,2024,Q1,38333053,19.5
CNOB,2024,Q2,38368217,18.89
CNOB,2024,Q3,38370317,25.05
CNOB,2024,Q4,38374263,22.91
CNOB,2025,Q1,38469975,24.31
CNOB,2025,Q2,50270162,23.16
CNOB,2025,Q3,50273089,24.81
CNOB,2025,Q4,50273382,26.22
CNP,2024,Q1,639724143,28.49
CNP,2024,Q2,641966980,30.98
CNP,2024,Q3,651727276,29.42
CNP,2024,Q4,651729244,31.73
CNP,2025,Q1,652728398,36.23
CNP,2025,Q2,652864878,36.74
CNP,2025,Q3,652868273,38.8
CNP,2025,Q4,652871584,38.34
CNP,2026,Q1,654169480,43.16
CNQ,2025,Q4,2081578000,33.85
CNR,2024,Q1,29388005,83.76
CNR,2024,Q2,29393226,102.03
CNR,2024,Q3,29394466,104.65
CNR,2024,Q4,54016722,106.68
CNR,2025,Q1,52660076,77.1
CNR,2025,Q2,51471519,69.74
CNR,2025,Q3,51239470,83.48
CNR,2025,Q4,50979544,88.51
CNS,2024,Q1,50540398,76.89
CNS,2024,Q2,50551178,72.56
CNS,2024,Q3,50557758,95.95
CNS,2024,Q4,50969757,92.34
CNS,2025,Q1,50979157,80.25
CNS,2025,Q2,50996660,75.35
CNS,2025,Q3,51007541,65.61
CNS,2025,Q4,51390184,62.78
CNTA,2024,Q2,113314295,9.03
CNTA,2024,Q3,131845476,15.99
CNTA,2024,Q4,133184349,16.75
CNTA,2025,Q1,133618774,14.38
CNTA,2025,Q2,134073436,13.14
CNTA,2025,Q3,134447836,24.25
CNTA,2025,Q4,154568531,25.01
CNTB,2025,Q3,55903513,
CNTB,2025,Q4,56521282,
CNTX,2024,Q2,74998312,2.0
CNTX,2024,Q3,74998312,1.96
CNTX,2024,Q4,89704194,1.05
CNTX,2025,Q1,89704194,0.61
CNTX,2025,Q2,89704194,0.66
CNTX,2025,Q3,91879177,
CNTX,2025,Q4,91879177,1.47
CNTY,2025,Q3,29445056,2.61
CNTY,2025,Q4,28628541,1.33
CNVS,2025,Q1,15984129,3.16
CNVS,2025,Q4,19427699,2.11
CNX,2024,Q1,153245448,23.72
CNX,2024,Q2,151226872,24.3
CNX,2024,Q3,149271235,32.57
CNX,2024,Q4,148842396,36.67
CNX,2025,Q1,144722731,31.48
CNX,2025,Q2,141418560,33.68
CNX,2025,Q3,134832658,32.12
CNX,2025,Q4,142368170,36.77
CNXC,2024,Q1,65991915,66.22
CNXC,2024,Q2,65328966,63.28
CNXC,2024,Q3,64818749,51.25
CNXC,2024,Q4,64398533,43.27
CNXC,2025,Q1,63883477,55.64
CNXC,2025,Q2,63025120,52.86
CNXC,2025,Q3,62257439,46.15
CNXC,2025,Q4,61597304,41.58
CNXC,2026,Q1,61004826,27.36
CNXN,2024,Q2,26293202,64.2
CNXN,2024,Q3,26289480,75.43
CNXN,2024,Q4,26160014,69.27
CNXN,2025,Q1,25397238,62.42
CNXN,2025,Q2,25389003,65.78
CNXN,2025,Q3,25245224,61.99
CNXN,2025,Q4,25198472,57.76
COCH,2025,Q3,23809975,0.78
COCH,2025,Q4,28934960,0.66
COCO,2024,Q2,56782291,27.85
COCO,2024,Q3,56731939,28.31
COCO,2024,Q4,56986193,36.91
COCO,2025,Q1,56733572,30.65
COCO,2025,Q2,56822981,36.1
COCO,2025,Q3,56948258,42.47
COCO,2025,Q4,57082173,53.01
COCP,2025,Q3,13784065,
COCP,2025,Q4,13785759,
CODA,2025,Q3,11248867,8.03
CODA,2025,Q4,11270575,9.3
CODA,2026,Q1,11276152,
CODI,2023,Q3,71820329,
CODI,2024,Q1,75384052,24.07
CODI,2024,Q2,75652286,21.89
CODI,2024,Q3,75652286,22.13
CODI,2024,Q4,75235966,23.08
CODI,2025,Q3,75236000,6.62
CODI,2025,Q4,75235966,4.8
CODX,2024,Q1,31278418,
CODX,2024,Q2,31911002,1.25
CODX,2024,Q3,31929752,1.25
CODX,2024,Q4,33572643,0.75
CODX,2025,Q1,33712530,0.31
CODX,2025,Q2,38523582,0.28
CODX,2025,Q3,60892582,0.34
CODX,2025,Q4,60892580,0.17
COEP,2025,Q3,5340111,
COEP,2025,Q4,6223221,
COF,2024,Q1,381922067,148.89
COF,2024,Q2,381856146,138.45
COF,2024,Q3,381510336,149.73
COF,2024,Q4,381327698,178.32
COF,2025,Q1,383137556,179.3
COF,2025,Q2,639517306,212.76
COF,2025,Q3,635733605,212.58
COF,2025,Q4,621931593,242.36
COFS,2025,Q3,15023732,28.96
COFS,2025,Q4,14981917,29.52
COGT,2024,Q2,109450463,8.43
COGT,2024,Q3,110461729,10.8
COGT,2024,Q4,113850090,7.8
COGT,2025,Q1,113856454,5.99
COGT,2025,Q2,139700796,7.18
COGT,2025,Q3,142376529,14.36
COGT,2025,Q4,162308820,35.52
COHN,2025,Q3,2035863,
COHN,2025,Q4,2448559,
COHR,2024,Q1,152461013,60.62
COHR,2024,Q2,153300385,72.46
COHR,2024,Q3,154663982,88.91
COHR,2024,Q4,154967323,94.73
COHR,2025,Q1,155440611,64.94
COHR,2025,Q2,155805474,89.21
COHR,2025,Q3,157153611,107.72
COHR,2025,Q4,187481852,184.57
COHU,2024,Q1,47085873,33.33
COHU,2024,Q2,46919550,33.1
COHU,2024,Q3,46613736,25.7
COHU,2024,Q4,46710033,26.7
COHU,2025,Q1,46502690,14.71
COHU,2025,Q2,46681643,19.24
COHU,2025,Q3,46692617,20.33
COHU,2025,Q4,46888325,23.27
COIN,2024,Q1,199758519,265.12
COIN,2024,Q2,202952721,222.23
COIN,2024,Q3,204910047,178.17
COIN,2024,Q4,210155374,248.3
COIN,2025,Q1,211407406,172.23
COIN,2025,Q2,215159125,350.49
COIN,2025,Q3,228162467,337.49
COIN,2025,Q4,223041278,226.14
COKE,2024,Q1,8368993,846.41
COKE,2024,Q2,7755983,1085.0
COKE,2024,Q3,7755983,1316.4
COKE,2024,Q4,7713088,1259.99
COKE,2025,Q1,7713088,1350.0
COKE,2025,Q2,76838945,111.65
COKE,2025,Q3,75402476,117.16
COKE,2025,Q4,56517334,153.3
COLAU,2025,Q3,7944290,
COLAU,2025,Q4,4494439,
COLB,2024,Q1,209378282,19.35
COLB,2024,Q2,209481301,19.89
COLB,2024,Q3,209531207,26.11
COLB,2024,Q4,209649030,27.01
COLB,2025,Q1,210200798,24.94
COLB,2025,Q2,210301407,23.38
COLB,2025,Q3,299120976,25.74
COLB,2025,Q4,295550687,27.95
COLD,2024,Q1,284040294,24.92
COLD,2024,Q2,284155561,25.54
COLD,2024,Q3,284258255,28.27
COLD,2024,Q4,284393914,21.4
COLD,2025,Q1,284725573,21.46
COLD,2025,Q2,284797783,16.63
COLD,2025,Q3,284854479,12.24
COLD,2025,Q4,284879678,12.86
COLL,2024,Q2,32213751,32.2
COLL,2024,Q3,32250236,38.64
COLL,2024,Q4,31485523,28.65
COLL,2025,Q1,32142192,29.85
COLL,2025,Q2,31502127,29.57
COLL,2025,Q3,31610976,34.99
COLL,2025,Q4,31753211,46.3
COLM,2024,Q1,59124030,81.18
COLM,2024,Q2,58552010,79.08
COLM,2024,Q3,57194480,83.19
COLM,2024,Q4,55342827,83.93
COLM,2025,Q1,54743898,75.69
COLM,2025,Q2,54770067,61.08
COLM,2025,Q3,53888892,52.3
COLM,2025,Q4,52351552,55.09
COMM,2024,Q1,212276658,1.31
COMM,2024,Q2,215850184,1.23
COMM,2024,Q3,215878782,6.11
COMM,2024,Q4,216557148,5.21
COMM,2025,Q1,216597038,5.31
COMM,2025,Q2,221525707,8.28
COMM,2025,Q3,221548707,15.48
COMM,2025,Q4,225462013,18.13
COMP,2024,Q2,505199755,3.6
COMP,2024,Q3,510307191,6.11
COMP,2024,Q4,517671325,5.85
COMP,2025,Q1,521246363,8.73
COMP,2025,Q2,525865413,6.28
COMP,2025,Q3,561061452,8.03
COMP,2025,Q4,742274683,10.57
CON,2024,Q2,126593503,
CON,2024,Q3,127343503,22.36
CON,2024,Q4,128125952,19.78
CON,2025,Q1,128171952,21.7
CON,2025,Q2,128170952,20.57
CON,2025,Q3,128170202,20.93
CON,2025,Q4,128634749,19.68
COO,2024,Q1,198756284,101.46
COO,2024,Q2,199119880,87.3
COO,2024,Q3,199155603,110.34
COO,2024,Q4,199582626,91.93
COO,2025,Q1,199981183,84.35
COO,2025,Q2,199512504,71.16
COO,2025,Q3,198808921,68.56
COO,2025,Q4,195978026,81.96
COO,2026,Q1,195114398,71.5
COOK,2024,Q2,129466276,2.4
COOK,2024,Q3,130601857,3.68
COOK,2024,Q4,130648819,2.39
COOK,2025,Q1,135690256,1.68
COOK,2025,Q2,135886236,1.71
COOK,2025,Q3,137026317,1.22
COOK,2025,Q4,137251532,1.08
COOP,2024,Q1,64720963,77.95
COOP,2024,Q2,64483836,81.23
COOP,2024,Q3,63983716,92.18
COOP,2024,Q4,63594620,96.01
COOP,2025,Q1,63985389,119.6
COOP,2025,Q2,63993269,149.21
COP,2024,Q1,1169533976,127.28
COP,2024,Q2,1161249790,114.38
COP,2024,Q3,1150912478,105.28
COP,2024,Q4,1272380205,99.17
COP,2025,Q1,1262410026,105.02
COP,2025,Q2,1248942311,89.74
COP,2025,Q3,1235718250,94.59
COP,2025,Q4,1222339152,93.61
COPL.U,2025,Q3,17978393,
COPL.U,2025,Q4,17978393,
COR,2024,Q1,199451791,242.99
COR,2024,Q2,197046826,225.3
COR,2024,Q3,193280140,225.08
COR,2024,Q4,193917082,224.68
COR,2025,Q1,193823487,278.09
COR,2025,Q2,193877881,299.85
COR,2025,Q3,193993444,312.53
COR,2025,Q4,194530682,337.75
CORT,2024,Q1,104112088,25.19
CORT,2024,Q2,104492469,32.49
CORT,2024,Q3,104775137,46.28
CORT,2024,Q4,105503432,50.39
CORT,2025,Q1,106044696,114.22
CORT,2025,Q2,105371729,73.4
CORT,2025,Q3,105188217,83.11
CORT,2025,Q4,106374020,34.8
CORZ,2024,Q1,177783480,3.54
CORZ,2024,Q2,258223230,9.3
CORZ,2024,Q3,279253024,11.86
CORZ,2024,Q4,294122589,14.05
CORZ,2025,Q1,297821835,7.24
CORZ,2025,Q2,305408442,17.07
CORZ,2025,Q3,310061300,17.94
CORZ,2025,Q4,315332655,14.56
COSM,2025,Q3,34919920,1.11
COSM,2025,Q4,41067312,0.5
COSO,2025,Q3,11978921,21.81
COSO,2025,Q4,11985414,23.25
COST,2024,Q1,443504036,732.63
COST,2024,Q2,443335024,849.99
COST,2024,Q3,443073537,886.52
COST,2024,Q4,443898870,916.27
COST,2025,Q1,443683357,945.78
COST,2025,Q2,443477086,989.94
COST,2025,Q3,443179176,925.63
COST,2025,Q4,443869411,862.34
COST,2026,Q1,443652540,996.43
COTY,2024,Q1,867838983,11.96
COTY,2024,Q2,867845212,10.02
COTY,2024,Q3,869898360,9.39
COTY,2024,Q4,871993285,6.96
COTY,2025,Q1,872289960,5.47
COTY,2025,Q2,966500000,4.65
COTY,2025,Q3,968100000,4.04
COTY,2025,Q4,971600000,3.08
COUR,2024,Q1,156111926,14.02
COUR,2024,Q2,156916076,7.16
COUR,2024,Q3,158399814,7.94
COUR,2024,Q4,160205628,8.5
COUR,2025,Q1,161400000,6.66
COUR,2025,Q2,163700000,8.76
COUR,2025,Q3,166400000,11.71
COUR,2025,Q4,168200000,7.36
COYA,2025,Q3,20924456,5.7
COYA,2025,Q4,23457183,5.8
CP,2024,Q1,932704551,88.17
CP,2024,Q2,933125135,78.73
CP,2024,Q3,933344882,85.54
CP,2024,Q4,933713487,72.37
CP,2025,Q1,930456061,70.21
CP,2025,Q2,917976339,79.27
CP,2025,Q3,900831248,74.49
CP,2025,Q4,897958953,73.63
CPA,2024,Q3,30654600,93.84
CPA,2024,Q4,30654800,87.88
CPA,2025,Q1,30234800,92.46
CPA,2025,Q3,41170000,118.82
CPA,2025,Q4,41138553,120.61
CPAY,2024,Q1,70268506,308.54
CPAY,2024,Q2,69432952,266.41
CPAY,2024,Q3,69710982,312.76
CPAY,2024,Q4,70249923,338.42
CPAY,2025,Q1,70493451,348.72
CPAY,2025,Q2,70614383,331.82
CPAY,2025,Q3,69958056,288.06
CPAY,2025,Q4,68050296,300.93
CPB,2024,Q1,298102601,44.45
CPB,2024,Q2,298553885,45.19
CPB,2024,Q3,298105916,48.92
CPB,2024,Q4,298109244,41.88
CPB,2025,Q1,298181866,39.92
CPB,2025,Q2,298129972,30.65
CPB,2025,Q3,297992525,31.58
CPB,2025,Q4,298134245,27.87
CPB,2026,Q1,298146488,22.27
CPBI,2025,Q1,4224078,
CPBI,2025,Q4,4205255,
CPF,2024,Q2,27063644,21.2
CPF,2024,Q3,27064501,29.51
CPF,2024,Q4,27065570,29.05
CPF,2025,Q1,26975928,27.04
CPF,2025,Q2,26981436,28.03
CPF,2025,Q3,26827512,30.34
CPF,2025,Q4,26289976,31.16
CPHC,2025,Q3,5099272,16.39
CPHC,2025,Q4,5123785,15.4
CPHI,2025,Q3,5022002,
CPHI,2025,Q4,40522002,
CPIX,2025,Q3,14956627,3.12
CPIX,2025,Q4,14956627,3.98
CPK,2024,Q1,22270177000,107.3
CPK,2024,Q2,22449929,106.2
CPK,2024,Q3,22780819,124.17
CPK,2024,Q4,22982417,121.35
CPK,2025,Q1,23327358,128.43
CPK,2025,Q2,23544479000,120.22
CPK,2025,Q3,23650684000,134.69
CPK,2025,Q4,23936406,124.76
CPNG,2024,Q1,1613184828,17.79
CPNG,2024,Q2,1618901401,20.95
CPNG,2024,Q3,1624056504,24.55
CPNG,2024,Q4,1647684518,21.98
CPNG,2025,Q1,1657810034,21.93
CPNG,2025,Q2,1665262233,29.96
CPNG,2025,Q3,1668844548,32.2
CPNG,2025,Q4,1670388566,23.59
CPRI,2023,Q4,116566663,50.24
CPRI,2024,Q1,116649222,45.3
CPRI,2024,Q2,117789174,33.08
CPRI,2024,Q3,117894437,42.44
CPRI,2024,Q4,117909795,21.06
CPRI,2025,Q1,117920594,19.73
CPRI,2025,Q2,119048057,17.7
CPRI,2025,Q3,119143278,19.92
CPRI,2025,Q4,119161865,24.4
CPRT,2024,Q1,961461830,57.92
CPRT,2024,Q2,962297603,54.16
CPRT,2024,Q3,963287376,52.4
CPRT,2024,Q4,963528402,57.39
CPRT,2025,Q1,966092956,56.59
CPRT,2025,Q2,966936214,49.07
CPRT,2025,Q3,967731528,44.97
CPRT,2025,Q4,968017684,39.15
CPRT,2026,Q1,963308388,33.2
CPRX,2024,Q1,118115079,15.94
CPRX,2024,Q2,118687897,15.49
CPRX,2024,Q3,119273436,19.88
CPRX,2024,Q4,121449655,20.87
CPRX,2025,Q1,121975152,24.25
CPRX,2025,Q2,122391010,21.7
CPRX,2025,Q3,122912387,19.7
CPRX,2025,Q4,122123884,23.34
CPS,2024,Q1,17290145,16.56
CPS,2024,Q2,17318907,12.44
CPS,2024,Q3,17326531,13.87
CPS,2024,Q4,17326531,13.56
CPS,2025,Q1,17548147,15.32
CPS,2025,Q2,17633413,21.5
CPS,2025,Q3,17637009,36.93
CPS,2025,Q4,17637008,32.83
CPSH,2025,Q3,17979277,3.57
CPSH,2025,Q4,17991780,3.09
CPSS,2025,Q3,22071046,7.55
CPSS,2025,Q4,21760275,9.33
CPT,2024,Q1,106535189,98.4
CPT,2024,Q2,106634893,109.11
CPT,2024,Q3,106681321,123.53
CPT,2024,Q4,106757212,116.04
CPT,2025,Q1,106837968,122.3
CPT,2025,Q2,106852727,112.69
CPT,2025,Q3,106395330,106.78
CPT,2025,Q4,103408210,110.08
CQP,2024,Q2,484043623,49.11
CQP,2024,Q3,484046623,48.72
CQP,2024,Q4,484048123,53.12
CQP,2025,Q1,484048123,66.04
CQP,2025,Q2,484048123,56.05
CQP,2025,Q3,484052623,53.82
CQP,2025,Q4,484054123,53.48
CR,2024,Q1,57157884,135.13
CR,2024,Q2,57210051,144.98
CR,2024,Q3,57232071,158.28
CR,2024,Q4,57398023,151.75
CR,2025,Q1,57501189,153.18
CR,2025,Q2,57546840,189.89
CR,2025,Q3,57596887,184.14
CR,2025,Q4,57674297,184.43
CRAI,2024,Q3,6779710,175.32
CRAI,2025,Q3,6562262,208.53
CRAI,2026,Q1,6566183,
CRAQU,2025,Q3,23660000,10.17
CRAQU,2025,Q4,23660000,
CRBG,2024,Q1,611640610,28.73
CRBG,2024,Q2,592013501,29.12
CRBG,2024,Q3,568870117,29.16
CRBG,2024,Q4,555995957,29.93
CRBG,2025,Q1,550265579,31.57
CRBG,2025,Q2,538681830,35.5
CRBG,2025,Q3,520493819,32.05
CRBG,2025,Q4,481685891,30.17
CRBP,2025,Q3,17553037,12.65
CRBP,2025,Q4,17736464,8.14
CRBU,2024,Q2,90362771,1.64
CRBU,2024,Q3,90552687,1.96
CRBU,2024,Q4,93004602,1.59
CRBU,2025,Q1,93004602,0.91
CRBU,2025,Q2,93123239,1.26
CRBU,2025,Q3,93468038,2.33
CRBU,2025,Q4,96637202,1.59
CRC,2024,Q1,68530744,55.1
CRC,2024,Q2,67876933,53.22
CRC,2024,Q3,91705360,52.47
CRC,2024,Q4,90778229,51.89
CRC,2025,Q1,89175034,43.97
CRC,2025,Q2,83679985,45.67
CRC,2025,Q3,83711931,53.18
CRC,2025,Q4,88597474,44.71
CRCL,2025,Q3,216487160,132.58
CRCL,2025,Q4,228100955,79.3
CRCT,2024,Q1,51394617,4.76
CRCT,2024,Q2,53522018,5.99
CRCT,2024,Q3,53395799,6.93
CRCT,2024,Q4,52358754,5.7
CRCT,2025,Q1,51646042,5.15
CRCT,2025,Q2,53976481,6.77
CRCT,2025,Q3,53255194,6.29
CRCT,2025,Q4,56748942,4.95
CRD.B,2025,Q3,30091584,9.78
CRD.B,2025,Q4,29688043,10.72
CRDF,2024,Q1,44724591,5.34
CRDF,2024,Q2,46549634,2.22
CRDF,2024,Q3,51133747,2.67
CRDF,2024,Q4,66524294,4.34
CRDF,2025,Q1,66525854,3.14
CRDF,2025,Q2,66525854,3.15
CRDF,2025,Q3,67360564,2.06
CRDF,2025,Q4,68364979,2.81
CRDL,2025,Q4,100257009,0.95
CRDO,2024,Q1,163068000,21.19
CRDO,2024,Q2,164305000,31.94
CRDO,2024,Q3,165965000,30.8
CRDO,2024,Q4,167157000,67.21
CRDO,2025,Q1,169699000,40.16
CRDO,2025,Q2,171641835,92.59
CRDO,2025,Q3,172995595,145.61
CRDO,2025,Q4,180631719,143.89
CRDO,2026,Q1,184449940,93.87
CREG,2025,Q3,20809123,
CREG,2025,Q4,22959128,
CREX,2025,Q3,10518932,2.29
CREX,2025,Q4,10519000,2.61
CRGO,2025,Q4,51376890,2.28
CRGX,2024,Q2,45904634,16.42
CRGX,2024,Q3,46027727,18.45
CRGX,2024,Q4,46052368,14.42
CRGX,2025,Q1,46113353,4.07
CRGX,2025,Q2,48364311,4.12
CRGY,2024,Q2,111516601,11.85
CRGY,2024,Q3,162345725,10.95
CRGY,2024,Q4,192525271,14.61
CRGY,2025,Q1,255246489,11.24
CRGY,2025,Q2,254615178,8.6
CRGY,2025,Q3,254631591,8.92
CRGY,2025,Q4,327900272,8.39
CRH,2024,Q1,686677448,86.26
CRH,2024,Q2,682777425,74.98
CRH,2024,Q3,679336658,92.74
CRH,2024,Q4,676475037,92.52
CRH,2025,Q1,676004196,87.97
CRH,2025,Q2,672659283,91.8
CRH,2025,Q3,670270575,119.9
CRH,2025,Q4,668250818,124.8
CRI,2024,Q1,36498558,84.68
CRI,2024,Q2,36132947,61.97
CRI,2024,Q3,36038814,64.98
CRI,2024,Q4,36010750,54.19
CRI,2025,Q1,36441222,40.9
CRI,2025,Q2,36432176,30.13
CRI,2025,Q3,36447868,28.22
CRI,2025,Q4,36447868,32.43
CRI,2026,Q1,36386140,35.76
CRIS,2024,Q1,5894085,
CRIS,2024,Q2,5978945,6.9
CRIS,2024,Q3,8466957,5.39
CRIS,2024,Q4,8487818,3.06
CRIS,2025,Q1,10462250,2.1
CRIS,2025,Q2,12498853,2.32
CRIS,2025,Q3,12928853,1.66
CRIS,2025,Q4,12928853,0.99
CRK,2024,Q2,292260645,10.38
CRK,2024,Q3,292260645,11.13
CRK,2024,Q4,292919009,18.22
CRK,2025,Q1,292917808,20.34
CRK,2025,Q2,293066820,27.67
CRK,2025,Q3,293054806,19.83
CRK,2025,Q4,294021740,23.18
CRL,2024,Q1,51511687,270.95
CRL,2024,Q2,51630726,206.58
CRL,2024,Q3,51136178,196.97
CRL,2024,Q4,51141607,184.6
CRL,2025,Q1,49115712,150.52
CRL,2025,Q2,49214178,151.73
CRL,2025,Q3,49215471,156.46
CRL,2025,Q4,49227800,199.48
CRM,2024,Q1,970000000,301.18
CRM,2024,Q2,969000000,257.1
CRM,2024,Q3,956000000,273.71
CRM,2024,Q4,957000000,334.33
CRM,2025,Q1,961000000,268.36
CRM,2025,Q2,956000000,272.69
CRM,2025,Q3,952000000,237.0
CRM,2025,Q4,937000000,264.91
CRM,2026,Q1,923000000,186.67
CRMD,2024,Q2,55859964,4.33
CRMD,2024,Q3,60677204,8.08
CRMD,2024,Q4,65181771,8.1
CRMD,2025,Q1,67824659,6.16
CRMD,2025,Q2,74648992,12.32
CRMD,2025,Q3,78789045,11.63
CRMD,2025,Q4,79050395,11.63
CRMT,2025,Q2,8277627,56.04
CRMT,2025,Q4,8294807,25.26
CRMT,2026,Q1,8302450,
CRNC,2024,Q1,41777242,15.75
CRNC,2024,Q2,41804112,2.83
CRNC,2024,Q3,42827789,3.15
CRNC,2024,Q4,43198993,7.85
CRNC,2025,Q1,43258066,7.9
CRNC,2025,Q2,43319651,10.21
CRNC,2025,Q3,44938757,12.46
CRNC,2025,Q4,45018082,10.69
CRNT,2025,Q4,88392925,2.1
CRNX,2024,Q1,78859510,46.81
CRNX,2024,Q2,80035610,44.79
CRNX,2024,Q3,92737627,51.1
CRNX,2024,Q4,93048538,51.13
CRNX,2025,Q1,93680130,33.54
CRNX,2025,Q2,94175994,28.76
CRNX,2025,Q3,94891840,41.65
CRNX,2025,Q4,104705330,46.55
CRON,2024,Q1,382011178,2.61
CRON,2024,Q2,382280725,2.33
CRON,2024,Q3,382294707,2.19
CRON,2024,Q4,382530780,2.02
CRON,2025,Q1,385419021,1.81
CRON,2025,Q2,382939590,1.91
CRON,2025,Q3,382893267,2.78
CRON,2025,Q4,379051102,2.63
CROX,2024,Q1,60702500,143.8
CROX,2024,Q2,59385132,145.94
CROX,2024,Q3,58282156,144.81
CROX,2024,Q4,56056159,109.53
CROX,2025,Q1,56074561,106.2
CROX,2025,Q2,54617358,101.28
CROX,2025,Q3,51915657,83.55
CROX,2025,Q4,50233596,85.52
CRS,2024,Q1,49608268,71.42
CRS,2024,Q2,49947498,109.58
CRS,2024,Q3,49844858,159.58
CRS,2024,Q4,49948637,169.71
CRS,2025,Q1,49779343,181.18
CRS,2025,Q2,49850095,276.38
CRS,2025,Q3,49818822,245.54
CRS,2025,Q4,49809717,314.84
CRSP,2024,Q1,84918093,68.16
CRSP,2024,Q2,85168158,54.01
CRSP,2024,Q3,85353479,46.98
CRSP,2024,Q4,85774474,39.36
CRSP,2025,Q1,86363684,34.03
CRSP,2025,Q2,90950423,48.64
CRSP,2025,Q3,95300233,64.81
CRSP,2025,Q4,95985312,52.44
CRSR,2024,Q1,103905563,12.34
CRSR,2024,Q2,104146380,11.04
CRSR,2024,Q3,104700368,6.96
CRSR,2024,Q4,104855199,6.61
CRSR,2025,Q1,105821145,8.86
CRSR,2025,Q2,106036975,9.43
CRSR,2025,Q3,106575210,8.92
CRSR,2025,Q4,106662337,5.94
CRTO,2024,Q1,56687497,35.07
CRTO,2024,Q2,55985114,37.72
CRTO,2024,Q3,55182166,40.24
CRTO,2024,Q4,54343496,39.56
CRTO,2025,Q1,53141869,35.41
CRTO,2025,Q2,52327360,23.96
CRUS,2023,Q4,53934984,83.19
CRUS,2024,Q1,53568913,92.56
CRUS,2024,Q2,53411205,127.66
CRUS,2024,Q3,53139913,124.21
CRUS,2024,Q4,53144927,99.58
CRUS,2025,Q1,51560135,99.66
CRUS,2025,Q2,51332178,104.26
CRUS,2025,Q3,51030389,125.29
CRUS,2025,Q4,51007389,118.5
CRVL,2024,Q1,17121778,262.96
CRVL,2024,Q2,17131193,254.27
CRVL,2024,Q3,17126171,326.89
CRVL,2024,Q4,51359138,111.26
CRVL,2025,Q1,51350686,111.97
CRVL,2025,Q4,51152437,67.67
CRVO,2025,Q3,9252719,8.09
CRVO,2025,Q4,9258719,7.9
CRVS,2024,Q2,62551281,1.82
CRVS,2024,Q3,64257251,5.28
CRVS,2024,Q4,68135796,5.35
CRVS,2025,Q1,77114636,3.18
CRVS,2025,Q2,74514039,4.0
CRVS,2025,Q3,74681872,7.37
CRVS,2025,Q4,83992407,7.7
CRWD,2024,Q1,229383465,320.59
CRWD,2024,Q2,230883142,383.19
CRWD,2024,Q3,232717008,280.47
CRWD,2024,Q4,233851230,342.16
CRWD,2025,Q1,247873415,352.58
CRWD,2025,Q2,249248174,509.31
CRWD,2025,Q3,250955140,490.38
CRWD,2025,Q4,252098440,468.76
CRWD,2026,Q1,253614090,390.41
CRWS,2025,Q1,10567543,3.64
CRWS,2025,Q4,10697787,2.77
CRWV,2025,Q1,361875093,37.08
CRWV,2025,Q2,370470348,163.06
CRWV,2025,Q3,386401201,136.85
CRWV,2025,Q4,419028081,71.61
CSAI,2025,Q3,19516540,1.26
CSAI,2025,Q4,24510140,0.81
CSBR,2025,Q2,13777170,7.37
CSBR,2025,Q4,13886326,6.91
CSBR,2026,Q1,13886826,
CSCI,2025,Q4,3183330,
CSCO,2024,Q1,4049187080,49.91
CSCO,2024,Q2,4028814776,47.51
CSCO,2024,Q3,3990734794,53.22
CSCO,2024,Q4,3982758260,59.2
CSCO,2025,Q1,3978292432,61.71
CSCO,2025,Q2,3959998180,69.38
CSCO,2025,Q3,3953196953,68.42
CSCO,2025,Q4,3951094563,77.03
CSCO,2026,Q1,3949893042,77.59
CSGP,2024,Q1,408342326,96.6
CSGP,2024,Q2,409816848,74.14
CSGP,2024,Q3,409959517,75.44
CSGP,2024,Q4,410125610,71.59
CSGP,2025,Q1,421886653,79.23
CSGP,2025,Q2,423650362,80.4
CSGP,2025,Q3,423822791,84.37
CSGP,2025,Q4,419793301,67.24
CSGS,2024,Q1,29685975,51.54
CSGS,2024,Q2,29503059,41.17
CSGS,2024,Q3,29092661,48.65
CSGS,2024,Q4,28839469,51.11
CSGS,2025,Q1,28976940,60.47
CSGS,2025,Q2,28768398,65.31
CSGS,2025,Q3,28520177,64.38
CSGS,2025,Q4,28501936,76.69
CSIQ,2024,Q3,66174900,16.76
CSIQ,2024,Q4,66174900,11.12
CSIQ,2025,Q1,66174900,8.65
CSIQ,2025,Q3,66970000,13.04
CSIQ,2025,Q4,66972249,23.77
CSL,2024,Q1,47601842,391.85
CSL,2024,Q2,46242911,405.21
CSL,2024,Q3,45327469,449.75
CSL,2024,Q4,44558131,368.84
CSL,2025,Q1,43253572,340.5
CSL,2025,Q2,42750735,373.4
CSL,2025,Q3,41785774,328.96
CSL,2025,Q4,40883868,319.86
CSL,2026,Q1,40465076,333.62
CSPI,2025,Q3,9904783,11.55
CSPI,2025,Q4,9913027,12.5
CSR,2024,Q1,14912055,57.14
CSR,2024,Q2,15300140,67.63
CSR,2024,Q3,16571975,70.47
CSR,2024,Q4,16726594,66.15
CSR,2025,Q1,16735009,64.75
CSR,2025,Q2,16756689,60.19
CSR,2025,Q3,16703468,58.9
CSR,2025,Q4,16774337,66.72
CSTE,2025,Q4,34573899,1.86
CSTL,2024,Q1,27607183,22.15
CSTL,2024,Q2,27736760,21.77
CSTL,2024,Q3,28007301,28.52
CSTL,2024,Q4,28514109,26.65
CSTL,2025,Q1,28872315,20.02
CSTL,2025,Q2,29008281,20.42
CSTL,2025,Q3,29188659,22.77
CSTL,2025,Q4,29731198,38.9
CSTM,2024,Q4,143523308,10.27
CSTM,2025,Q1,142917999,10.09
CSTM,2025,Q2,139539023,13.3
CSTM,2025,Q3,137801779,14.88
CSTM,2025,Q4,135069771,18.85
CSV,2024,Q2,15208587,26.84
CSV,2024,Q3,15223104,32.83
CSV,2024,Q4,15649702,39.85
CSV,2025,Q1,15692935,38.75
CSV,2025,Q2,15698487,45.74
CSV,2025,Q3,15745193,44.54
CSV,2025,Q4,15751228,42.3
CSW,2025,Q1,16807675,291.52
CSW,2025,Q4,16470230,293.53
CSWC,2023,Q4,42981139,23.7
CSWC,2024,Q2,46870897,26.09
CSWC,2024,Q3,47686685,25.29
CSWC,2024,Q4,50581840,21.82
CSWC,2025,Q1,53710750,22.32
CSWC,2025,Q2,55628458,22.04
CSWC,2025,Q3,57466998,21.86
CSWC,2025,Q4,60162020,22.15
CSWI,2024,Q1,15527723,234.6
CSWI,2024,Q2,15530737,265.31
CSWI,2024,Q3,16816110,366.39
CSWI,2024,Q4,16783080,352.8
CSWI,2025,Q1,16807675,
CSX,2024,Q1,1954927162,37.07
CSX,2024,Q2,1938739661,33.45
CSX,2024,Q3,1928419153,34.53
CSX,2024,Q4,1894616582,32.27
CSX,2025,Q1,1878545871,29.43
CSX,2025,Q2,1864277014,32.63
CSX,2025,Q3,1862136956,35.51
CSX,2025,Q4,1859556799,36.25
CSX,2026,Q1,1858138856,41.05
CTAS,2024,Q1,101463249,687.03
CTAS,2024,Q2,100768931,700.26
CTAS,2024,Q3,403298633,205.88
CTAS,2024,Q4,403543932,182.7
CTAS,2025,Q1,403786963,205.53
CTAS,2025,Q2,402977926,222.87
CTAS,2025,Q3,401866678,205.26
CTAS,2025,Q4,399889646,188.07
CTAS,2026,Q1,400087119,169.14
CTBI,2025,Q3,18115847,55.95
CTBI,2025,Q4,18150771,56.5
CTEV,2025,Q3,16525644,53.08
CTEV,2025,Q4,16552723,42.75
CTGO,2025,Q3,14964048,24.93
CTGO,2025,Q4,16821321,26.41
CTKB,2024,Q2,131505592,5.58
CTKB,2024,Q3,128810614,5.54
CTKB,2024,Q4,128097379,6.49
CTKB,2025,Q1,126659196,4.01
CTKB,2025,Q2,127223778,3.4
CTKB,2025,Q3,127864830,3.47
CTKB,2025,Q4,128550136,5.05
CTLP,2024,Q1,72809713,6.43
CTLP,2024,Q2,72986172,6.6
CTLP,2024,Q3,72986172,7.4
CTLP,2024,Q4,73034575,9.51
CTLP,2025,Q1,73058462,7.87
CTLP,2025,Q2,73368777,10.99
CTLP,2025,Q3,73697229,10.57
CTLP,2025,Q4,73720194,10.62
CTM,2025,Q3,94612750,1.09
CTM,2025,Q4,94612750,0.9
CTMX,2024,Q2,78117601,1.22
CTMX,2024,Q3,78258879,1.18
CTMX,2024,Q4,80099889,1.03
CTMX,2025,Q1,80621293,0.64
CTMX,2025,Q2,164912906,2.27
CTMX,2025,Q3,169435395,3.19
CTMX,2025,Q4,170186742,4.26
CTNM,2025,Q3,22765839,11.75
CTNM,2025,Q4,32673536,11.43
CTNT,2025,Q3,2727712,
CTNT,2025,Q4,2727712,
CTO,2024,Q1,22946442,16.95
CTO,2024,Q2,23120163,17.46
CTO,2024,Q3,29976153,19.02
CTO,2024,Q4,31842639,19.71
CTO,2025,Q1,32934716,19.31
CTO,2025,Q2,32939610,17.26
CTO,2025,Q3,32372291,16.3
CTO,2025,Q4,32559588,18.41
CTO,2026,Q1,33783592,18.49
CTOR,2025,Q3,84797846,2.03
CTOR,2025,Q4,88275204,
CTOS,2024,Q1,250075110,5.82
CTOS,2024,Q2,251411684,4.35
CTOS,2024,Q3,251411684,3.45
CTOS,2024,Q4,225650684,4.81
CTOS,2025,Q1,226475766,4.22
CTOS,2025,Q2,226559586,4.94
CTOS,2025,Q3,226559586,6.42
CTOS,2025,Q4,226625924,5.76
CTOS,2026,Q1,227432821,
CTRA,2024,Q1,744232925,27.88
CTRA,2024,Q2,739274446,26.67
CTRA,2024,Q3,736613020,23.95
CTRA,2024,Q4,764151477,25.54
CTRA,2025,Q1,763260740,28.9
CTRA,2025,Q2,763139972,25.38
CTRA,2025,Q3,761377552,23.65
CTRA,2025,Q4,759272715,26.32
CTRE,2024,Q1,142064269,24.37
CTRE,2024,Q2,154209269,25.1
CTRE,2024,Q3,171450194,30.86
CTRE,2024,Q4,187661893,27.05
CTRE,2025,Q1,191688997,28.58
CTRE,2025,Q2,200300322,30.6
CTRE,2025,Q3,223300322,34.68
CTRE,2025,Q4,223404715,36.16
CTRI,2024,Q1,88517521,
CTRI,2024,Q2,88517521,19.48
CTRI,2024,Q3,88517521,16.15
CTRI,2024,Q4,88517521,19.31
CTRI,2025,Q1,88558945,16.39
CTRI,2025,Q2,88649154,22.44
CTRI,2025,Q3,88649154,21.17
CTRI,2025,Q4,100816444,25.25
CTRM,2024,Q3,9662350,
CTRM,2024,Q4,9662350,
CTRM,2025,Q1,9662350,
CTRM,2025,Q3,9660000,
CTRM,2025,Q4,9662354,
CTRN,2025,Q1,8277733,22.14
CTRN,2025,Q4,8345260,41.56
CTRN,2026,Q1,8343340,
CTS,2024,Q2,30365139,50.63
CTS,2024,Q3,30115545,48.38
CTS,2024,Q4,30041311,52.73
CTS,2025,Q1,29843811,41.55
CTS,2025,Q2,29476637,42.61
CTS,2025,Q3,29052423,39.94
CTS,2025,Q4,28695710,42.87
CTSH,2024,Q1,497198868,73.29
CTSH,2024,Q2,495657976,68.0
CTSH,2024,Q3,495824260,77.18
CTSH,2024,Q4,494615514,76.9
CTSH,2025,Q1,492941963,76.5
CTSH,2025,Q2,488395937,78.03
CTSH,2025,Q3,482646473,67.07
CTSH,2025,Q4,478246920,83.0
CTSO,2025,Q3,62804305,0.93
CTSO,2025,Q4,62700000,0.64
CTVA,2024,Q1,696976000,57.67
CTVA,2024,Q2,692247000,53.94
CTVA,2024,Q3,687293000,58.79
CTVA,2024,Q4,685556000,56.96
CTVA,2025,Q1,682170000,62.93
CTVA,2025,Q2,679100000,74.53
CTVA,2025,Q3,675732000,67.63
CTVA,2025,Q4,672524000,67.03
CTXR,2025,Q3,20762917,1.24
CTXR,2025,Q4,22376427,
CUB,2024,Q2,23000000,
CUB,2024,Q3,23000000,10.0
CUB,2024,Q4,23000000,10.1
CUB,2025,Q1,23000000,10.27
CUB,2025,Q3,30670000,10.51
CUBE,2024,Q1,224972363,45.22
CUBE,2024,Q2,225198729,45.17
CUBE,2024,Q3,226153290,53.83
CUBE,2024,Q4,227880222,42.85
CUBE,2025,Q1,227954012,42.71
CUBE,2025,Q2,228035275,42.5
CUBE,2025,Q3,228035931,40.66
CUBE,2025,Q4,227093909,36.05
CUBI,2024,Q1,31521931,53.06
CUBI,2024,Q2,31667655,47.98
CUBI,2024,Q3,31342107,46.45
CUBI,2024,Q4,31346507,48.68
CUBI,2025,Q1,31479132,50.2
CUBI,2025,Q2,31623490,58.74
CUBI,2025,Q3,34168077,65.37
CUBI,2025,Q4,34212174,73.12
CUBWU,2025,Q3,23000000,
CUBWU,2025,Q4,23000000,
CUE,2025,Q3,78737736,0.72
CUE,2025,Q4,97660791,0.31
CUK,2024,Q1,1122320414,14.73
CUK,2024,Q2,1122454762,17.22
CUK,2024,Q3,1154164826,16.67
CUK,2024,Q4,1164202729,22.51
CUK,2025,Q1,1166606981,17.53
CUK,2025,Q2,1167404107,25.51
CUK,2025,Q3,1167541049,26.44
CUK,2025,Q4,1236706612,30.33
CUK,2026,Q1,1239000212,
CULP,2025,Q2,12559129,3.93
CULP,2025,Q4,12662784,3.56
CULP,2026,Q1,12662784,
CURB,2024,Q3,105041594,
CURB,2024,Q4,105043781,23.22
CURB,2025,Q1,105215056,24.19
CURB,2025,Q2,105214628,22.83
CURB,2025,Q3,105368120,22.3
CURB,2025,Q4,105367939,23.21
CURI,2024,Q1,53598489,
CURI,2024,Q2,54600316,1.14
CURI,2024,Q3,55479190,1.91
CURI,2024,Q4,57625988,1.53
CURI,2025,Q1,57625988,2.68
CURI,2025,Q2,57929733,5.63
CURI,2025,Q3,58298507,5.3
CURI,2025,Q4,58974338,3.8
CURV,2023,Q4,104102736,5.77
CURV,2024,Q2,104350021,7.49
CURV,2024,Q3,104680230,3.93
CURV,2024,Q4,104756572,5.23
CURV,2025,Q1,104928245,5.48
CURV,2025,Q2,105020625,2.95
CURV,2025,Q3,99165951,1.75
CURV,2025,Q4,99196942,0.98
CURV,2026,Q1,99316586,
CUZ,2024,Q1,152071718,24.04
CUZ,2024,Q2,152140188,23.15
CUZ,2024,Q3,152140188,29.48
CUZ,2024,Q4,167660480,30.64
CUZ,2025,Q1,167911653,29.5
CUZ,2025,Q2,167967656,30.03
CUZ,2025,Q3,167965499,28.94
CUZ,2025,Q4,167981990,25.78
CV,2025,Q3,46843225,
CV,2025,Q4,49838211,
CVAC,2024,Q3,224314000,2.94
CVAC,2024,Q4,224338000,3.41
CVAC,2025,Q1,224338000,2.77
CVAC,2025,Q3,224340000,5.39
CVAC,2025,Q4,225172758,4.52
CVBF,2024,Q1,139639680,17.84
CVBF,2024,Q2,139682875,17.24
CVBF,2024,Q3,139677614,17.82
CVBF,2024,Q4,139617917,21.41
CVBF,2025,Q1,137804604,18.46
CVBF,2025,Q2,137817599,19.79
CVBF,2025,Q3,136809068,18.91
CVBF,2025,Q4,135800301,18.6
CVCO,2023,Q4,8346618,346.62
CVCO,2024,Q1,8283185,399.06
CVCO,2024,Q2,8253272,346.17
CVCO,2024,Q3,8106672,428.24
CVCO,2024,Q4,8013148,446.23
CVCO,2025,Q1,8021720,519.63
CVCO,2025,Q2,7917647,434.43
CVCO,2025,Q3,7805037,580.73
CVCO,2025,Q4,7761163,590.74
CVE,2024,Q3,1856099968,16.73
CVE,2024,Q4,1826620032,15.15
CVE,2025,Q1,1821629952,13.91
CVE,2025,Q3,1770000000,16.99
CVE,2025,Q4,1883400091,16.92
CVEO,2025,Q3,11515223,23.0
CVEO,2025,Q4,10950296,22.87
CVGI,2024,Q2,34501771,4.9
CVGI,2024,Q3,34498579,3.25
CVGI,2024,Q4,34640434,2.48
CVGI,2025,Q1,34635779,1.15
CVGI,2025,Q2,37025454,1.66
CVGI,2025,Q3,36731381,1.7
CVGI,2025,Q4,36636720,1.44
CVGW,2024,Q1,17800265,27.81
CVGW,2024,Q2,17800095,22.7
CVGW,2024,Q3,17801574,28.53
CVGW,2024,Q4,17837351,25.5
CVGW,2025,Q1,17836507,23.99
CVGW,2025,Q2,17837172,26.59
CVGW,2025,Q3,17853323,25.74
CVGW,2025,Q4,17874079,21.75
CVGW,2026,Q1,17874079,
CVI,2024,Q1,100530599,35.66
CVI,2024,Q2,100530599,26.77
CVI,2024,Q3,100530599,23.03
CVI,2024,Q4,100530599,18.74
CVI,2025,Q1,100530599,19.4
CVI,2025,Q2,100530599,26.85
CVI,2025,Q3,100530599,36.48
CVI,2025,Q4,100530599,25.44
CVKD,2025,Q3,2075845,
CVKD,2025,Q4,2506817,
CVLG,2024,Q2,10820868,49.29
CVLG,2024,Q3,10829667,52.84
CVLG,2024,Q4,21850403,54.51
CVLG,2025,Q1,21855878,22.2
CVLG,2025,Q2,20346273,24.11
CVLG,2025,Q3,20347178,21.66
CVLG,2025,Q4,20383043,22.04
CVLT,2023,Q4,43661621,79.85
CVLT,2024,Q1,43401217,101.43
CVLT,2024,Q2,43713342,121.57
CVLT,2024,Q3,43725960,153.85
CVLT,2024,Q4,43997606,150.91
CVLT,2025,Q1,44125430,157.76
CVLT,2025,Q2,44459659,174.33
CVLT,2025,Q3,44094362,188.78
CVLT,2025,Q4,43974387,125.36
CVM,2025,Q3,8408746,9.2
CVM,2025,Q4,8457967,5.26
CVNA,2024,Q1,116947248,87.91
CVNA,2024,Q2,123824087,128.72
CVNA,2024,Q3,128510301,174.11
CVNA,2024,Q4,134046880,203.36
CVNA,2025,Q1,135023435,209.08
CVNA,2025,Q2,138083496,336.96
CVNA,2025,Q3,141423193,377.24
CVNA,2025,Q4,142736197,422.02
CVRX,2025,Q3,26210109,8.07
CVRX,2025,Q4,26311607,7.1
CVS,2024,Q1,1255372972,79.76
CVS,2024,Q2,1257979270,59.06
CVS,2024,Q3,1258407645,62.88
CVS,2024,Q4,1260795063,44.89
CVS,2025,Q1,1265019429,67.75
CVS,2025,Q2,1268326375,68.98
CVS,2025,Q3,1269432485,75.39
CVS,2025,Q4,1272211063,79.36
CVU,2025,Q3,13185249,2.52
CVU,2025,Q4,13209669,3.96
CVV,2025,Q3,6937338,3.36
CVV,2025,Q4,6937338,
CVX,2024,Q1,1847009033,157.74
CVX,2024,Q2,1828917113,156.42
CVX,2024,Q3,1797091325,147.27
CVX,2024,Q4,1760598537,144.84
CVX,2025,Q1,1746393905,167.29
CVX,2025,Q2,1727990376,143.19
CVX,2025,Q3,2013521597,155.29
CVX,2025,Q4,1995385539,152.41
CW,2024,Q1,38298789,255.94
CW,2024,Q2,38299338,270.98
CW,2024,Q3,37948183,328.69
CW,2024,Q4,37658818,354.87
CW,2025,Q1,37689284,317.27
CW,2025,Q2,37678109,488.55
CW,2025,Q3,36874638,542.94
CW,2025,Q4,36869530,551.27
CWAN,2024,Q1,146215459,17.69
CWAN,2024,Q2,160483489,18.52
CWAN,2024,Q3,172050286,25.25
CWAN,2024,Q4,216231925,27.52
CWAN,2025,Q1,254586549,26.8
CWAN,2025,Q2,287938740,21.93
CWAN,2025,Q3,288154032,18.02
CWAN,2025,Q4,294353077,24.12
CWBC,2025,Q3,19158428,20.84
CWBC,2025,Q4,19169415,22.5
CWCO,2025,Q3,15931336,35.28
CWCO,2025,Q4,15964209,35.29
CWD,2025,Q3,5617985,
CWD,2025,Q4,6682240,1.24
CWEN,2024,Q1,82391441,23.05
CWEN,2024,Q2,82829344,24.69
CWEN,2024,Q3,82829344,30.68
CWEN,2024,Q4,82833226,26.0
CWEN,2025,Q1,83218834,30.27
CWEN,2025,Q3,202190000,28.25
CWEN,2025,Q4,203773676,33.26
CWEN.A,2024,Q1,34613853,21.51
CWEN.A,2024,Q2,34613853,22.66
CWEN.A,2024,Q3,34613853,28.47
CWEN.A,2024,Q4,34613853,24.45
CWEN.A,2025,Q1,34613853,28.46
CWEN.A,2025,Q2,34613853,30.26
CWEN.A,2025,Q3,34613853,26.93
CWEN.A,2025,Q4,34613853,31.42
CWH,2024,Q1,45072058,27.85
CWH,2024,Q2,45129062,17.86
CWH,2024,Q3,45491530,24.22
CWH,2024,Q4,62541422,21.08
CWH,2025,Q1,62569449,16.16
CWH,2025,Q2,62648648,17.19
CWH,2025,Q3,62819556,15.79
CWH,2025,Q4,63519784,9.73
CWK,2024,Q1,229047181,10.46
CWK,2024,Q2,229249806,10.4
CWK,2024,Q3,229486924,13.63
CWK,2024,Q4,229726875,13.08
CWK,2025,Q1,231287422,10.22
CWK,2025,Q2,231527014,11.07
CWK,2025,Q3,231604548,15.92
CWK,2025,Q4,231821697,
CWST,2024,Q1,57120029,98.87
CWST,2024,Q2,57145697,99.22
CWST,2024,Q3,62325452,99.49
CWST,2024,Q4,62370275,105.81
CWST,2025,Q1,62475240,111.51
CWST,2025,Q2,62502263,115.38
CWST,2025,Q3,62505316,94.88
CWST,2025,Q4,62526567,97.94
CWT,2024,Q1,57754106,46.48
CWT,2024,Q2,58825117,48.49
CWT,2024,Q3,59473289,54.22
CWT,2024,Q4,59488444,45.33
CWT,2025,Q1,59570140,48.46
CWT,2025,Q2,59581155,45.48
CWT,2025,Q3,59591341,45.89
CWT,2025,Q4,59642844,43.33
CXAI,2025,Q3,25850177,0.74
CXAI,2025,Q4,33773696,0.33
CXDO,2025,Q3,30731048,6.5
CXDO,2025,Q4,31152603,6.47
CXM,2024,Q2,148652353,9.62
CXM,2024,Q3,136970240,7.73
CXM,2024,Q4,138048271,8.45
CXM,2025,Q1,139788231,8.35
CXM,2025,Q2,142831141,8.46
CXM,2025,Q3,142422232,7.72
CXM,2025,Q4,145436454,7.78
CXM,2026,Q1,147704641,6.0
CXT,2024,Q1,57126938,61.9
CXT,2024,Q2,57137005,61.42
CXT,2024,Q3,57178212,56.1
CXT,2024,Q4,57236301,58.22
CXT,2025,Q1,57365810,51.4
CXT,2025,Q2,57418206,53.9
CXT,2025,Q3,57422039,67.07
CXT,2025,Q4,57443573,47.07
CXW,2024,Q1,111256728,15.61
CXW,2024,Q2,110270512,12.98
CXW,2024,Q3,110270512,12.65
CXW,2024,Q4,108864211,21.74
CXW,2025,Q1,109158412,20.29
CXW,2025,Q2,107059948,21.07
CXW,2025,Q3,104584655,20.35
CXW,2025,Q4,97709228,19.11
CYBR,2024,Q3,43146700,291.61
CYBR,2024,Q4,49291600,333.15
CYBR,2025,Q1,49458700,338.0
CYBR,2025,Q3,50480000,483.15
CYBR,2025,Q4,50476951,446.06
CYCC,2025,Q3,4900142,
CYCC,2025,Q4,5519456,
CYCN,2025,Q3,3925314,
CYCN,2025,Q4,4330314,
CYCU,2025,Q3,2712489,0.39
CYCU,2025,Q4,5509988,
CYH,2024,Q1,138966388,3.5
CYH,2024,Q2,138943526,3.36
CYH,2024,Q3,138948058,6.07
CYH,2024,Q4,138923216,2.99
CYH,2025,Q1,140306440,2.7
CYH,2025,Q2,140119116,3.4
CYH,2025,Q3,138519615,3.21
CYH,2025,Q4,138625756,3.12
CYH,2026,Q1,140916712,2.94
CYN,2025,Q3,7974380,
CYN,2025,Q4,13608281,
CYRX,2024,Q1,49257444,17.7
CYRX,2024,Q2,49412294,6.91
CYRX,2024,Q3,49430583,8.11
CYRX,2024,Q4,49910391,7.78
CYRX,2025,Q1,50137218,6.08
CYRX,2025,Q2,50066968,7.46
CYRX,2025,Q3,50068904,9.48
CYRX,2025,Q4,49856135,9.6
CYTK,2024,Q1,104853918,70.11
CYTK,2024,Q2,117659578,54.18
CYTK,2024,Q3,118014240,52.8
CYTK,2024,Q4,118410689,47.04
CYTK,2025,Q1,119427293,40.19
CYTK,2025,Q2,119657156,33.04
CYTK,2025,Q3,122264929,54.96
CYTK,2025,Q4,123162807,63.54
CZFS,2025,Q3,4806377,60.28
CZFS,2025,Q4,4807219,57.02
CZNC,2025,Q3,17801873,19.81
CZNC,2025,Q4,17910243,20.17
CZR,2024,Q1,216415536,43.74
CZR,2024,Q2,216337975,39.74
CZR,2024,Q3,212480370,41.74
CZR,2024,Q4,212013306,33.42
CZR,2025,Q1,207968119,25.0
CZR,2025,Q2,207991539,28.39
CZR,2025,Q3,204107943,27.02
CZR,2025,Q4,203521021,23.39
CZR,2026,Q1,203676930,26.43
CZWI,2025,Q3,9659745,16.07
CZWI,2025,Q4,9628612,17.82
D,2024,Q1,838210685,49.19
D,2024,Q2,838938399,49.0
D,2024,Q3,840009626,57.79
D,2024,Q4,852050458,53.86
D,2025,Q1,852790571,56.07
D,2025,Q2,853433625,56.52
D,2025,Q3,853913277,61.17
D,2025,Q4,878785631,58.59
DAAQU,2025,Q3,17250000,
DAAQU,2025,Q4,17250000,
DAC,2025,Q4,18264294,94.18
DADA,2024,Q3,259804992,1.9
DADA,2024,Q4,259804992,1.21
DADA,2025,Q1,259804992,
DAIC,2025,Q3,27773322,
DAIC,2025,Q4,29293322,
DAIO,2025,Q3,9391883,3.34
DAIO,2025,Q4,9391922,3.17
DAKT,2024,Q1,46189311,9.96
DAKT,2024,Q2,48121000,13.95
DAKT,2024,Q3,48523000,12.91
DAKT,2024,Q4,48810000,16.86
DAKT,2025,Q1,49006000,12.18
DAKT,2025,Q2,49113282,15.12
DAKT,2025,Q3,48530238,20.92
DAKT,2025,Q4,48747817,19.77
DAKT,2026,Q1,48298110,19.55
DAL,2024,Q1,645312283,47.87
DAL,2024,Q2,645419328,47.44
DAL,2024,Q3,645281221,50.79
DAL,2024,Q4,645962006,60.5
DAL,2025,Q1,652955169,43.6
DAL,2025,Q2,660000000,49.18
DAL,2025,Q3,652962768,56.75
DAL,2025,Q4,653130708,69.4
DAL,2026,Q1,656994112,66.48
DALN,2025,Q2,4739025,
DAN,2024,Q1,144963217,12.7
DAN,2024,Q2,144977322,12.12
DAN,2024,Q3,144979127,10.56
DAN,2024,Q4,145037398,11.56
DAN,2025,Q1,145739284,13.33
DAN,2025,Q2,131153633,17.15
DAN,2025,Q3,116837366,20.04
DAN,2025,Q4,108642939,23.76
DAO,2024,Q3,31230600,4.15
DAO,2024,Q4,31230600,7.4
DAO,2025,Q1,31230600,7.63
DAO,2025,Q3,119380000,9.94
DAO,2025,Q4,119569244,10.08
DAR,2024,Q1,159779553,46.51
DAR,2024,Q2,159023946,36.75
DAR,2024,Q3,159048249,37.16
DAR,2024,Q4,158873042,33.69
DAR,2025,Q1,158158847,31.24
DAR,2025,Q2,158185905,37.94
DAR,2025,Q3,158186082,30.87
DAR,2025,Q4,158186084,36.0
DAR,2026,Q1,158603548,61.85
DARE,2025,Q3,14289229,2.1
DARE,2025,Q4,14559502,1.93
DASH,2024,Q1,381687286,137.72
DASH,2024,Q2,384626260,108.78
DASH,2024,Q3,388981171,142.73
DASH,2024,Q4,394485016,167.75
DASH,2025,Q1,398681310,182.77
DASH,2025,Q2,402361247,246.51
DASH,2025,Q3,406334617,271.99
DASH,2025,Q4,409966858,226.48
DATS,2025,Q3,4264329,
DATS,2025,Q4,4324329,
DAVA,2024,Q3,44675400,25.54
DAVA,2024,Q4,45383900,30.9
DAVA,2025,Q1,45383900,19.51
DAVA,2025,Q3,56210000,9.1
DAVA,2025,Q4,54327605,6.32
DAVE,2025,Q3,12190000,199.35
DAVE,2025,Q4,12245516,221.41
DAWN,2024,Q2,87760456,13.78
DAWN,2024,Q3,100846294,13.93
DAWN,2024,Q4,101354516,12.67
DAWN,2025,Q1,101362468,7.93
DAWN,2025,Q2,102431933,6.5
DAWN,2025,Q3,102675502,7.05
DAWN,2025,Q4,103297691,9.32
DAY,2024,Q1,157900000,66.21
DAY,2024,Q2,158100000,49.6
DAY,2024,Q3,157700000,61.25
DAY,2024,Q4,158921563,72.64
DAY,2025,Q1,159881069,58.33
DAY,2025,Q2,159692530,55.39
DAY,2025,Q3,160034963,68.89
DAY,2025,Q4,160034972,69.16
DB,2025,Q4,1902873264,38.56
DBD,2024,Q2,37566668,38.48
DBD,2024,Q3,37576678,44.66
DBD,2024,Q4,37595784,43.04
DBD,2025,Q1,37263876,43.72
DBD,2025,Q2,36633544,55.4
DBD,2025,Q3,35867156,57.03
DBD,2025,Q4,35173038,67.89
DBI,2023,Q4,49124473,8.85
DBI,2024,Q2,50070340,6.83
DBI,2024,Q3,47766748,7.38
DBI,2024,Q4,40195442,5.34
DBI,2025,Q1,40242472,3.65
DBI,2025,Q2,41091653,2.38
DBI,2025,Q3,41810747,3.54
DBI,2025,Q4,41903371,7.43
DBI,2026,Q1,42973499,
DBRG,2024,Q1,173614726,19.27
DBRG,2024,Q2,173698729,13.7
DBRG,2024,Q3,174022711,14.13
DBRG,2024,Q4,174312312,11.28
DBRG,2025,Q1,176116333,8.82
DBRG,2025,Q2,180887000,10.35
DBRG,2025,Q3,182615000,11.7
DBRG,2025,Q4,183014794,15.34
DBRG,2026,Q1,182368000,15.42
DBVT,2024,Q2,96498927,0.8
DBVT,2024,Q3,96501526,0.7
DBVT,2024,Q4,136948872,
DBVT,2025,Q1,136948872,
DBVT,2025,Q2,136973697,9.16
DBVT,2025,Q3,169113619,10.0
DBVT,2025,Q4,296042447,19.17
DBX,2024,Q1,250339500,24.3
DBX,2024,Q2,245866446,22.47
DBX,2024,Q3,231123704,25.43
DBX,2024,Q4,224824684,30.04
DBX,2025,Q1,204571028,26.71
DBX,2025,Q2,193414444,28.6
DBX,2025,Q3,182734460,30.21
DBX,2025,Q4,165704072,27.8
DC,2024,Q1,87703942,2.37
DC,2024,Q2,90870964,2.55
DC,2024,Q3,93722514,2.36
DC,2024,Q4,95570483,2.2
DC,2025,Q1,111876843,2.65
DC,2025,Q2,112343862,3.69
DC,2025,Q3,113262094,4.55
DC,2025,Q4,133517177,5.68
DCBO,2025,Q4,28747289,22.2
DCGO,2024,Q1,102961495,4.04
DCGO,2024,Q2,101682770,3.09
DCGO,2024,Q3,101980995,3.32
DCGO,2024,Q4,101910883,4.24
DCGO,2025,Q1,100183888,2.64
DCGO,2025,Q2,97808137,1.57
DCGO,2025,Q3,97813372,1.36
DCGO,2025,Q4,98750251,0.88
DCI,2024,Q1,120369127,74.68
DCI,2024,Q2,120405214,71.56
DCI,2024,Q3,119732101,73.7
DCI,2024,Q4,119424543,67.35
DCI,2025,Q1,119517825,67.06
DCI,2025,Q2,116519946,69.35
DCI,2025,Q3,115907357,81.85
DCI,2025,Q4,115336687,88.66
DCI,2026,Q1,115814243,84.87
DCO,2025,Q3,14946052,96.13
DCO,2025,Q4,14986947,95.13
DCOM,2024,Q1,38931833,19.26
DCOM,2024,Q2,39147850,20.4
DCOM,2024,Q3,39151650,28.8
DCOM,2024,Q4,43622292,30.74
DCOM,2025,Q1,43799076,27.88
DCOM,2025,Q2,43891098,26.94
DCOM,2025,Q3,43894345,29.83
DCOM,2025,Q4,43905888,30.09
DCTH,2025,Q3,35313718,10.75
DCTH,2025,Q4,34746187,10.1
DD,2024,Q1,418104390,76.67
DD,2024,Q2,417495113,80.49
DD,2024,Q3,417955411,89.11
DD,2024,Q4,418049127,76.25
DD,2025,Q1,418498705,74.68
DD,2025,Q2,418716685,68.59
DD,2025,Q3,418975324,77.9
DD,2025,Q4,408923857,40.2
DDD,2024,Q1,133803000,4.44
DDD,2024,Q2,133573776,3.07
DDD,2024,Q3,135620168,2.84
DDD,2024,Q4,135538470,3.28
DDD,2025,Q1,136412866,2.12
DDD,2025,Q2,128252556,1.54
DDD,2025,Q3,128738014,2.9
DDD,2025,Q4,146066333,1.77
DDI,2025,Q4,2477672,8.63
DDOG,2024,Q1,308455905,123.6
DDOG,2024,Q2,311110360,129.69
DDOG,2024,Q3,313213676,115.06
DDOG,2024,Q4,317257399,142.89
DDOG,2025,Q1,319498060,99.21
DDOG,2025,Q2,323270704,134.33
DDOG,2025,Q3,325443373,142.4
DDOG,2025,Q4,328274648,135.99
DDS,2024,Q2,12247445,440.39
DDS,2024,Q3,12192670,383.69
DDS,2024,Q4,11917962,431.74
DDS,2025,Q1,11918431,358.13
DDS,2025,Q2,11651202,417.83
DDS,2025,Q3,11626733,614.48
DDS,2025,Q4,11626733,606.34
DDS,2026,Q1,11630838,
DE,2024,Q1,278358210,410.74
DE,2024,Q2,275570318,373.63
DE,2024,Q3,273599818,417.33
DE,2024,Q4,271575282,423.7
DE,2025,Q1,271413927,469.35
DE,2025,Q2,270827055,508.49
DE,2025,Q3,270329392,457.26
DE,2025,Q4,270445437,465.57
DE,2026,Q1,270107282,563.3
DEA,2024,Q1,102998979,11.51
DEA,2024,Q2,103034602,12.37
DEA,2024,Q3,105668880,13.58
DEA,2024,Q4,107970559,11.36
DEA,2025,Q1,112262895,10.6
DEA,2025,Q2,45354115,22.2
DEA,2025,Q3,46108379,22.93
DEA,2025,Q4,46318716,21.19
DEA,2026,Q1,46449374,21.43
DEC,2025,Q4,76070756,14.48
DECK,2023,Q4,25668220,668.43
DECK,2024,Q1,25442495,941.26
DECK,2024,Q2,25410572,967.95
DECK,2024,Q3,151921988,159.45
DECK,2024,Q4,151773639,203.09
DECK,2025,Q1,149435875,111.81
DECK,2025,Q2,148343362,103.07
DECK,2025,Q3,145744833,101.37
DECK,2025,Q4,141949971,103.67
DEFT,2025,Q4,385827975,0.75
DEI,2024,Q1,167378737,13.87
DEI,2024,Q2,167409392,13.31
DEI,2024,Q3,167435259,17.57
DEI,2024,Q4,167446350,18.56
DEI,2025,Q1,167446350,16.0
DEI,2025,Q2,167446350,15.04
DEI,2025,Q3,167462059,15.57
DEI,2025,Q4,167462215,10.99
DELL,2023,Q4,353480523,76.5
DELL,2024,Q1,305216717,114.11
DELL,2024,Q2,328262341,137.91
DELL,2024,Q3,328262341,118.54
DELL,2024,Q4,276762341,115.24
DELL,2025,Q1,276762341,91.15
DELL,2025,Q2,344000000,122.6
DELL,2025,Q3,336904619,141.77
DELL,2025,Q4,333917807,125.88
DELL,2026,Q1,318358135,164.13
DENN,2024,Q1,52018583,8.96
DENN,2024,Q2,51373969,7.1
DENN,2024,Q3,51329094,6.45
DENN,2024,Q4,51611066,6.05
DENN,2025,Q1,51251066,3.67
DENN,2025,Q2,51498994,4.1
DENN,2025,Q3,51498994,5.23
DEO,2024,Q3,555105984,140.34
DEO,2024,Q4,555534016,127.13
DEO,2025,Q1,555547008,104.79
DEO,2025,Q3,556600000,95.43
DEO,2025,Q4,555853076,86.27
DERM,2025,Q3,21135905,7.12
DERM,2025,Q4,21330696,7.71
DEVS,2025,Q3,3841642,
DEVS,2025,Q4,4380012,
DEVS,2026,Q1,5335682,
DFDV,2025,Q3,31401212,15.31
DFDV,2025,Q4,29497394,5.05
DFH,2024,Q2,34501990,25.82
DFH,2024,Q3,34250080,36.21
DFH,2024,Q4,35710848,23.27
DFH,2025,Q1,35827866,22.56
DFH,2025,Q2,35155531,25.13
DFH,2025,Q3,35028565,25.92
DFH,2025,Q4,34083246,17.1
DFIN,2024,Q2,29033479,59.62
DFIN,2024,Q3,28858237,65.83
DFIN,2024,Q4,28609147,62.73
DFIN,2025,Q1,27638838,43.71
DFIN,2025,Q2,27494777,61.65
DFIN,2025,Q3,26537083,51.43
DFIN,2025,Q4,25619983,46.69
DFLI,2025,Q3,120787052,0.59
DFLI,2025,Q4,12148783,
DFS,2024,Q1,250599037,131.09
DFS,2024,Q2,251071540,130.81
DFS,2024,Q3,251226920,140.29
DFS,2024,Q4,251604129,173.23
DFS,2025,Q1,251653378,
DG,2024,Q1,219671316,156.06
DG,2024,Q2,219894652,132.23
DG,2024,Q3,219915184,84.57
DG,2024,Q4,219925670,75.82
DG,2025,Q1,219947078,87.93
DG,2025,Q2,220070611,114.38
DG,2025,Q3,220106028,103.35
DG,2025,Q4,220118871,132.77
DG,2026,Q1,220226320,118.73
DGICB,2025,Q3,5576775,
DGICB,2025,Q4,5576775,
DGII,2024,Q2,36415184,22.93
DGII,2024,Q3,36582896,27.53
DGII,2024,Q4,36899190,30.23
DGII,2025,Q1,37066698,27.83
DGII,2025,Q2,37122182,34.86
DGII,2025,Q3,37232593,36.46
DGII,2025,Q4,37611160,43.29
DGLY,2025,Q3,1898436,
DGX,2024,Q1,111091574,133.11
DGX,2024,Q2,111317208,136.88
DGX,2024,Q3,111615181,155.25
DGX,2024,Q4,110978069,150.86
DGX,2025,Q1,111635472,169.2
DGX,2025,Q2,111823441,179.63
DGX,2025,Q3,111242362,190.58
DGX,2025,Q4,109866320,173.53
DGX,2026,Q1,110696429,195.98
DGXX,2025,Q4,69807449,2.55
DH,2024,Q2,117123112,5.46
DH,2024,Q3,115522829,4.47
DH,2024,Q4,112911325,4.11
DH,2025,Q1,107341903,2.89
DH,2025,Q2,104746981,3.9
DH,2025,Q3,103011649,4.06
DH,2025,Q4,104020957,2.87
DHAI,2025,Q1,1690356,0.23
DHC,2024,Q1,240393722,2.46
DHC,2024,Q2,240574611,3.05
DHC,2024,Q3,241275373,4.19
DHC,2024,Q4,241271703,2.3
DHC,2025,Q1,241250885,2.4
DHC,2025,Q2,241414357,3.58
DHC,2025,Q3,242146962,4.41
DHC,2025,Q4,242121025,4.85
DHI,2024,Q1,329312248,164.55
DHI,2024,Q2,326040096,140.93
DHI,2024,Q3,321169526,190.77
DHI,2024,Q4,315122486,139.82
DHI,2025,Q1,307181294,127.13
DHI,2025,Q2,298123529,128.92
DHI,2025,Q3,292060538,169.47
DHI,2025,Q4,289703395,144.03
DHI,2026,Q1,283579613,137.22
DHIL,2025,Q3,2705296,140.01
DHIL,2025,Q4,2705375,169.5
DHR,2024,Q1,740686541,249.72
DHR,2024,Q2,722213081,249.85
DHR,2024,Q3,722275141,278.02
DHR,2024,Q4,714709852,229.55
DHR,2025,Q1,715669594,205.0
DHR,2025,Q2,716051590,197.54
DHR,2025,Q3,706349563,198.26
DHR,2025,Q4,707139356,228.92
DHR,2026,Q1,707770627,189.6
DHT,2025,Q4,160799407,12.21
DHX,2024,Q2,48403864,2.09
DHX,2024,Q3,48332278,1.84
DHX,2024,Q4,48922271,1.77
DHX,2025,Q1,48751219,1.39
DHX,2025,Q2,48010352,2.97
DHX,2025,Q3,47157027,2.78
DHX,2025,Q4,44970004,1.55
DIBS,2024,Q2,39693138,4.49
DIBS,2024,Q3,36513040,4.41
DIBS,2024,Q4,35402431,3.54
DIBS,2025,Q1,35684049,3.04
DIBS,2025,Q2,36246609,2.75
DIBS,2025,Q3,36614348,2.59
DIBS,2025,Q4,36192104,5.99
DIN,2024,Q1,15404569,46.48
DIN,2024,Q2,15299015,36.2
DIN,2024,Q3,15246473,31.23
DIN,2024,Q4,15253787,30.1
DIN,2025,Q1,15625779,23.27
DIN,2025,Q2,15379323,24.33
DIN,2025,Q3,14423699,24.72
DIN,2025,Q4,13046383,32.14
DINO,2024,Q1,192157440,60.37
DINO,2024,Q2,190816714,53.34
DINO,2024,Q3,188151863,44.57
DINO,2024,Q4,188407343,35.05
DINO,2025,Q1,188409780,32.88
DINO,2025,Q2,187080559,41.08
DINO,2025,Q3,183948233,52.34
DINO,2025,Q4,180273187,46.08
DIOD,2024,Q1,46122904,70.5
DIOD,2024,Q2,46331581,71.93
DIOD,2024,Q3,46332882,64.09
DIOD,2024,Q4,46333930,61.67
DIOD,2025,Q1,46401358,43.17
DIOD,2025,Q2,46442735,52.89
DIOD,2025,Q3,46385331,53.21
DIOD,2025,Q4,45877458,49.34
DIS,2024,Q1,1823043026,122.36
DIS,2024,Q2,1813587380,99.29
DIS,2024,Q3,1810939306,96.19
DIS,2024,Q4,1807788865,111.35
DIS,2025,Q1,1797746311,98.7
DIS,2025,Q2,1797933833,124.01
DIS,2025,Q3,1785288846,114.5
DIS,2025,Q4,1771519851,113.77
DIT,2026,Q1,1320464,
DJCO,2025,Q3,1377722,465.14
DJCO,2025,Q4,1377722,487.32
DJT,2024,Q1,176700583,61.96
DJT,2024,Q2,194715772,32.75
DJT,2024,Q3,216924448,16.07
DJT,2024,Q4,220065365,34.1
DJT,2025,Q1,220624508,19.54
DJT,2025,Q2,277067396,18.04
DJT,2025,Q3,279997636,16.42
DJT,2025,Q4,276731315,13.24
DK,2024,Q1,64131074,30.74
DK,2024,Q2,64538625,24.76
DK,2024,Q3,63195165,18.75
DK,2024,Q4,62513232,18.5
DK,2025,Q1,60727290,15.07
DK,2025,Q2,60152407,21.18
DK,2025,Q3,60051553,32.27
DK,2025,Q4,59808421,29.66
DKL,2024,Q2,47229951,40.48
DKL,2024,Q3,51466664,43.72
DKL,2024,Q4,53667523,42.26
DKL,2025,Q1,53440788,43.26
DKL,2025,Q2,53463829,42.95
DKL,2025,Q3,53480401,45.54
DKL,2025,Q4,53512343,44.62
DKNG,2024,Q1,476223693,45.41
DKNG,2024,Q2,485530405,38.17
DKNG,2024,Q3,487627739,39.2
DKNG,2024,Q4,489956221,37.2
DKNG,2025,Q1,496285631,33.21
DKNG,2025,Q2,496470071,42.89
DKNG,2025,Q3,497772508,37.4
DKNG,2025,Q4,492991385,34.46
DKS,2023,Q4,58173624,146.95
DKS,2024,Q1,58877702,224.86
DKS,2024,Q2,57919522,214.85
DKS,2024,Q3,57842090,208.7
DKS,2024,Q4,57903976,228.84
DKS,2025,Q1,56285053,201.56
DKS,2025,Q2,56476478,197.81
DKS,2025,Q3,56526050,222.22
DKS,2025,Q4,66398273,197.97
DKS,2026,Q1,65474242,198.29
DLB,2024,Q1,59749655,83.77
DLB,2024,Q2,59676844,79.23
DLB,2024,Q3,59765030,76.53
DLB,2024,Q4,61206298,78.1
DLB,2025,Q1,61405584,80.31
DLB,2025,Q2,61184140,74.26
DLB,2025,Q3,60845846,72.37
DLB,2025,Q4,60884768,64.22
DLHC,2025,Q3,14493035,5.65
DLHC,2025,Q4,14493035,
DLO,2024,Q3,150763008,8.0
DLO,2024,Q4,151122000,11.26
DLO,2025,Q1,151420992,8.34
DLO,2025,Q3,312460000,14.28
DLO,2025,Q4,294931956,14.14
DLPN,2025,Q3,12122422,
DLPN,2025,Q4,12419646,
DLR,2024,Q1,312426614,144.04
DLR,2024,Q2,327411046,152.05
DLR,2024,Q3,331712606,161.83
DLR,2024,Q4,336644245,177.33
DLR,2025,Q1,336791489,143.29
DLR,2025,Q2,341050435,174.33
DLR,2025,Q3,343501552,172.88
DLR,2025,Q4,343615444,154.71
DLTH,2025,Q1,31774348,1.74
DLTH,2025,Q4,33361992,2.08
DLTH,2026,Q1,33398984,
DLTR,2024,Q1,217983018,133.15
DLTR,2024,Q2,214944000,106.77
DLTR,2024,Q3,214992119,70.32
DLTR,2024,Q4,215038638,74.94
DLTR,2025,Q1,215083014,75.07
DLTR,2025,Q2,208695818,99.04
DLTR,2025,Q3,203967842,94.37
DLTR,2025,Q4,198853187,123.01
DLTR,2026,Q1,197298217,109.51
DLX,2024,Q1,44045836,20.59
DLX,2024,Q2,44211138,22.46
DLX,2024,Q3,44272246,19.49
DLX,2024,Q4,44430803,22.59
DLX,2025,Q1,44739840,15.81
DLX,2025,Q2,44885245,15.91
DLX,2025,Q3,45007664,19.36
DLX,2025,Q4,45081499,22.33
DMAA,2024,Q4,33517143,
DMAA,2025,Q1,33517143,10.02
DMAA,2025,Q3,29170000,10.27
DMAAU,2025,Q3,33517143,
DMAAU,2025,Q4,10717143,
DMAC,2025,Q3,52077439,6.87
DMAC,2025,Q4,53882506,7.96
DMLP,2025,Q3,48255450,25.89
DMLP,2025,Q4,48255450,22.36
DMRC,2025,Q3,21756987,9.77
DMRC,2025,Q4,22093287,6.56
DMYY.U,2025,Q3,2338586,
DMYY.U,2025,Q4,2742453,
DNA,2024,Q1,1709063953,1.16
DNA,2024,Q2,1724120468,0.33
DNA,2024,Q3,45199331,8.15
DNA,2024,Q4,45808499,9.82
DNA,2025,Q1,46344630,5.7
DNA,2025,Q2,47089598,11.25
DNA,2025,Q3,48523595,14.58
DNA,2025,Q4,49941878,8.31
DNB,2024,Q1,442717512,10.04
DNB,2024,Q2,441786135,9.26
DNB,2024,Q3,441525440,11.51
DNB,2024,Q4,441516369,12.46
DNB,2025,Q1,446424575,8.94
DNB,2025,Q2,446189224,9.09
DNLI,2024,Q1,142609036,20.52
DNLI,2024,Q2,143165264,23.22
DNLI,2024,Q3,143921624,29.13
DNLI,2024,Q4,145215391,20.38
DNLI,2025,Q1,145276299,13.6
DNLI,2025,Q2,146212278,13.99
DNLI,2025,Q3,146661833,14.52
DNLI,2025,Q4,158591491,16.51
DNN,2024,Q3,892369984,1.83
DNN,2024,Q4,892617984,1.8
DNN,2025,Q1,895744000,1.3
DNN,2025,Q3,897190000,2.75
DNN,2025,Q4,897290586,2.66
DNOW,2024,Q1,106802549,15.2
DNOW,2024,Q2,106469995,13.73
DNOW,2024,Q3,105846155,12.93
DNOW,2024,Q4,105687410,13.01
DNOW,2025,Q1,105568170,17.08
DNOW,2025,Q2,105011966,14.83
DNOW,2025,Q3,105011966,15.25
DNOW,2025,Q4,186346145,13.25
DNTH,2024,Q2,29354320,25.88
DNTH,2024,Q3,29596965,27.38
DNTH,2024,Q4,32125179,21.8
DNTH,2025,Q1,32159982,18.14
DNTH,2025,Q2,32188345,18.63
DNTH,2025,Q3,42876015,39.35
DNTH,2025,Q4,44471094,41.21
DNUT,2024,Q1,168731000,15.24
DNUT,2024,Q2,169357000,10.76
DNUT,2024,Q3,169799000,10.74
DNUT,2024,Q4,170060000,9.93
DNUT,2025,Q1,170300000,4.92
DNUT,2025,Q2,171200000,2.91
DNUT,2025,Q3,171300000,3.87
DNUT,2025,Q4,172200000,4.02
DOC,2024,Q1,703781516,18.75
DOC,2024,Q2,699291414,19.6
DOC,2024,Q3,699442979,22.87
DOC,2024,Q4,699564637,20.27
DOC,2025,Q1,694732106,20.22
DOC,2025,Q2,694923453,17.51
DOC,2025,Q3,694949823,19.15
DOC,2025,Q4,695043997,16.08
DOCN,2024,Q1,91091324,38.18
DOCN,2024,Q2,92062346,34.75
DOCN,2024,Q3,92282286,40.39
DOCN,2024,Q4,92067799,34.07
DOCN,2025,Q1,91033528,33.39
DOCN,2025,Q2,91037498,28.56
DOCN,2025,Q3,91492142,34.16
DOCN,2025,Q4,91996094,48.12
DOCS,2023,Q4,122161566,28.04
DOCS,2024,Q1,122999951,26.91
DOCS,2024,Q2,125165430,27.97
DOCS,2024,Q3,128135991,43.57
DOCS,2024,Q4,133502334,53.39
DOCS,2025,Q1,136906542,58.03
DOCS,2025,Q2,136400248,61.34
DOCS,2025,Q3,137373858,73.15
DOCS,2025,Q4,133811547,44.28
DOCU,2024,Q1,205415129,59.55
DOCU,2024,Q2,204716354,53.5
DOCU,2024,Q3,202972713,62.09
DOCU,2024,Q4,202023141,89.94
DOCU,2025,Q1,202489720,81.4
DOCU,2025,Q2,202062772,77.89
DOCU,2025,Q3,201104117,72.09
DOCU,2025,Q4,200272740,68.4
DOCU,2026,Q1,194427928,47.41
DOLE,2025,Q4,95164645,14.99
DOMH,2025,Q3,16012435,7.09
DOMH,2025,Q4,22613781,4.95
DOMO,2024,Q2,34911044,7.72
DOMO,2024,Q3,35367207,7.51
DOMO,2024,Q4,35843916,7.08
DOMO,2025,Q1,36675927,7.76
DOMO,2025,Q2,36971409,13.97
DOMO,2025,Q3,37967567,15.84
DOMO,2025,Q4,38534833,8.43
DOMO,2026,Q1,41882739,
DOOO,2026,Q1,38303785,
DORM,2024,Q1,31012972,96.39
DORM,2024,Q2,30572287,91.48
DORM,2024,Q3,30517484,113.12
DORM,2024,Q4,30581562,129.55
DORM,2025,Q1,30511174,120.54
DORM,2025,Q2,30534243,122.67
DORM,2025,Q3,30562644,155.88
DORM,2025,Q4,30183260,123.19
DOUG,2024,Q2,91832616,1.16
DOUG,2024,Q3,89166991,1.83
DOUG,2024,Q4,88737838,1.67
DOUG,2025,Q1,88737838,1.72
DOUG,2025,Q2,88708101,2.32
DOUG,2025,Q3,88818970,2.86
DOUG,2025,Q4,88217442,2.37
DOV,2024,Q1,137430160,177.19
DOV,2024,Q2,137457619,180.45
DOV,2024,Q3,137191966,191.74
DOV,2024,Q4,137225409,187.6
DOV,2025,Q1,137104367,175.68
DOV,2025,Q2,137134453,183.23
DOV,2025,Q3,137153223,166.83
DOV,2025,Q4,134866626,195.24
DOV,2026,Q1,134661414,208.45
DOW,2024,Q1,703205830,57.93
DOW,2024,Q2,700921028,53.05
DOW,2024,Q3,700091690,54.63
DOW,2024,Q4,703831931,40.13
DOW,2025,Q1,706861738,34.92
DOW,2025,Q2,708844151,26.48
DOW,2025,Q3,710767392,22.93
DOW,2025,Q4,717534072,23.38
DOW,2026,Q1,720741438,41.65
DOX,2024,Q3,115000000,87.48
DOX,2024,Q4,112819000,85.14
DOX,2025,Q1,112163000,91.5
DOX,2025,Q3,112890000,82.05
DOX,2025,Q4,109991998,80.51
DOYU,2024,Q3,31635600,10.83
DOYU,2024,Q4,31635600,11.21
DOYU,2025,Q1,31635600,7.47
DOYU,2025,Q3,30180000,7.52
DOYU,2025,Q4,31635576,6.8
DPRO,2025,Q4,29344775,6.91
DPZ,2024,Q1,34880217,496.88
DPZ,2024,Q2,34973166,516.33
DPZ,2024,Q3,34531978,430.14
DPZ,2024,Q4,34296712,419.76
DPZ,2025,Q1,34241477,459.45
DPZ,2025,Q2,33948921,450.6
DPZ,2025,Q3,33786218,431.71
DPZ,2025,Q4,33628897,416.82
DPZ,2026,Q1,33261870,358.79
DQ,2024,Q3,65760000,20.37
DQ,2024,Q4,65760000,19.44
DQ,2025,Q1,65760000,18.11
DQ,2025,Q3,67060000,28.13
DQ,2025,Q4,67056718,29.5
DRCT,2025,Q3,20431828,
DRCT,2025,Q4,2803037,0.06
DRDBU,2025,Q3,23000000,
DRDBU,2025,Q4,23000000,
DRH,2024,Q1,210064433,9.61
DRH,2024,Q2,207257610,8.45
DRH,2024,Q3,207592210,8.73
DRH,2024,Q4,208089563,9.03
DRH,2025,Q1,206311246,7.72
DRH,2025,Q2,204954590,7.66
DRH,2025,Q3,203703182,7.96
DRH,2025,Q4,203703182,8.96
DRI,2024,Q1,119358947,167.15
DRI,2024,Q2,118862950,151.32
DRI,2024,Q3,117500476,164.13
DRI,2024,Q4,117146786,186.69
DRI,2025,Q1,117026246,207.76
DRI,2025,Q2,117033830,217.97
DRI,2025,Q3,116313762,190.36
DRI,2025,Q4,115139249,184.02
DRI,2026,Q1,114535003,196.04
DRIO,2025,Q3,6768184,
DRIO,2025,Q4,7300406,
DRMA,2025,Q3,1026457,
DRMA,2025,Q4,4022143,
DRRX,2025,Q2,31054187,0.64
DRS,2024,Q2,263702807,25.51
DRS,2024,Q3,264397059,28.22
DRS,2024,Q4,265157699,32.31
DRS,2025,Q1,266049205,32.88
DRS,2025,Q2,266123634,46.48
DRS,2025,Q3,266026725,45.4
DRS,2025,Q4,265846193,34.09
DRTS,2025,Q4,88009737,4.95
DRVN,2024,Q1,164079581,15.79
DRVN,2024,Q2,164082430,12.73
DRVN,2024,Q3,164113794,14.27
DRVN,2024,Q4,163842248,16.14
DRVN,2025,Q1,164274617,17.14
DRVN,2025,Q2,164279951,17.56
DRVN,2025,Q3,164454218,16.11
DSGN,2024,Q2,56620525,3.35
DSGN,2024,Q3,56621037,5.38
DSGN,2024,Q4,56762678,6.17
DSGN,2025,Q1,56768678,3.86
DSGN,2025,Q2,56948126,3.37
DSGN,2025,Q3,56963757,7.53
DSGN,2025,Q4,61672279,9.38
DSGN,2026,Q1,62456974,
DSGR,2024,Q2,46757360,30.0
DSGR,2024,Q3,46837880,38.51
DSGR,2024,Q4,46558913,34.4
DSGR,2025,Q1,46438341,28.0
DSGR,2025,Q2,46275093,27.47
DSGR,2025,Q3,46227784,30.08
DSGR,2025,Q4,46186293,27.39
DSGX,2026,Q1,86024747,71.56
DSP,2024,Q1,16509766,10.66
DSP,2024,Q2,16264415,9.87
DSP,2024,Q3,16047982,11.07
DSP,2024,Q4,16353549,18.99
DSP,2025,Q1,15846372,12.41
DSP,2025,Q2,16254640,13.23
DSP,2025,Q3,16678890,8.63
DSP,2025,Q4,17755759,12.04
DSS,2025,Q3,9092518,
DSS,2025,Q4,9992518,
DSX,2025,Q4,115787434,1.66
DT,2023,Q4,295999246,54.69
DT,2024,Q1,297338732,46.44
DT,2024,Q2,297905424,44.74
DT,2024,Q3,298484021,53.47
DT,2024,Q4,299350033,54.35
DT,2025,Q1,299666804,47.15
DT,2025,Q2,301506242,55.21
DT,2025,Q3,301488271,48.45
DT,2025,Q4,298251114,43.34
DTE,2024,Q1,206937244,112.14
DTE,2024,Q2,207020080,111.01
DTE,2024,Q3,207100586,128.41
DTE,2024,Q4,207242390,120.75
DTE,2025,Q1,207515682,138.27
DTE,2025,Q2,207587803,132.46
DTE,2025,Q3,207683012,141.43
DTE,2025,Q4,207803764,128.98
DTI,2025,Q3,35198778,2.3
DTI,2025,Q4,35185760,
DTIL,2025,Q3,13256751,5.52
DTIL,2025,Q4,24726695,4.16
DTM,2024,Q1,97109100,61.1
DTM,2024,Q2,97111676,71.03
DTM,2024,Q3,97156144,78.66
DTM,2024,Q4,101358534,99.43
DTM,2025,Q1,101590686,96.48
DTM,2025,Q2,101592505,109.91
DTM,2025,Q3,101673925,113.06
DTM,2025,Q4,101721471,119.68
DTSQU,2025,Q3,8900900,
DTSQU,2025,Q4,3653409,
DTSS,2025,Q2,8256816,
DTSS,2025,Q4,10447153,
DTST,2025,Q3,7498358,4.32
DTST,2025,Q4,7792267,5.12
DUK,2024,Q1,771768612,96.71
DUK,2024,Q2,772201706,100.23
DUK,2024,Q3,772482405,115.3
DUK,2024,Q4,776461008,107.74
DUK,2025,Q1,777257107,121.97
DUK,2025,Q2,777624467,118.0
DUK,2025,Q3,777661224,123.75
DUK,2025,Q4,777670866,117.21
DUOL,2024,Q1,36989041,220.58
DUOL,2024,Q2,37436672,208.67
DUOL,2024,Q3,37897481,282.02
DUOL,2024,Q4,39044190,324.23
DUOL,2025,Q1,39260633,310.54
DUOL,2025,Q2,39694545,410.02
DUOL,2025,Q3,40013533,321.84
DUOL,2025,Q4,40594239,175.5
DUOT,2025,Q3,20415288,7.36
DUOT,2025,Q4,29542860,11.25
DV,2024,Q1,171796441,35.16
DV,2024,Q2,170044811,19.47
DV,2024,Q3,169165009,16.84
DV,2024,Q4,166011725,19.21
DV,2025,Q1,162502601,13.37
DV,2025,Q2,163628379,14.97
DV,2025,Q3,161107214,11.98
DV,2025,Q4,161987971,11.44
DVA,2024,Q1,87700000,138.05
DVA,2024,Q2,83900000,138.57
DVA,2024,Q3,90132000,163.93
DVA,2024,Q4,90369000,149.55
DVA,2025,Q1,75500000,152.97
DVA,2025,Q2,71500000,142.45
DVA,2025,Q3,70600000,132.87
DVA,2025,Q4,66800000,113.61
DVAX,2024,Q1,130891710,12.41
DVAX,2024,Q2,131044383,11.23
DVAX,2024,Q3,131454561,11.14
DVAX,2024,Q4,124070829,12.77
DVAX,2025,Q1,120080650,12.97
DVAX,2025,Q2,117267482,9.92
DVAX,2025,Q3,117424968,9.93
DVAX,2025,Q4,117424970,15.38
DVLT,2025,Q3,285217148,1.09
DVLT,2025,Q4,614308267,0.65
DVN,2024,Q1,632000000,50.18
DVN,2024,Q2,626200000,47.4
DVN,2024,Q3,656900000,39.12
DVN,2024,Q4,649000000,32.73
DVN,2025,Q1,642100000,37.4
DVN,2025,Q2,634800000,31.81
DVN,2025,Q3,627300000,35.06
DVN,2025,Q4,620000000,36.63
DWSN,2025,Q3,31047801,1.76
DWSN,2025,Q4,31052840,1.56
DWTX,2025,Q3,2293162,
DWTX,2025,Q4,33401553,
DX,2024,Q1,64160931,12.45
DX,2024,Q2,74707776,11.94
DX,2024,Q3,79303524,12.76
DX,2024,Q4,90468433,12.65
DX,2025,Q1,105331440,13.02
DX,2025,Q2,129912157,12.22
DX,2025,Q3,146821745,12.29
DX,2025,Q4,201983261,14.01
DX,2026,Q1,215150907,12.76
DXC,2023,Q4,182870646,22.87
DXC,2024,Q1,178912976,21.21
DXC,2024,Q2,180813230,19.09
DXC,2024,Q3,181024487,20.75
DXC,2024,Q4,181048561,19.98
DXC,2025,Q1,181266304,17.05
DXC,2025,Q2,178998669,15.29
DXC,2025,Q3,174133947,13.63
DXC,2025,Q4,169759963,14.65
DXCM,2024,Q1,397683837,138.7
DXCM,2024,Q2,400726824,113.38
DXCM,2024,Q3,390595390,67.04
DXCM,2024,Q4,390772018,77.77
DXCM,2025,Q1,392107501,68.29
DXCM,2025,Q2,392155265,87.29
DXCM,2025,Q3,390016272,67.29
DXCM,2025,Q4,384864842,66.37
DXLG,2024,Q2,58228053,3.64
DXLG,2024,Q3,58257724,2.94
DXLG,2024,Q4,54307237,2.69
DXLG,2025,Q1,53524864,1.46
DXLG,2025,Q2,53815004,1.11
DXLG,2025,Q3,53883153,1.31
DXLG,2025,Q4,54656415,0.92
DXLG,2026,Q1,54810511,
DXPE,2024,Q2,15788714,45.84
DXPE,2024,Q3,15694883,53.36
DXPE,2024,Q4,15695088,82.62
DXPE,2025,Q1,15694290,82.26
DXPE,2025,Q2,15694084,87.65
DXPE,2025,Q3,15679290,119.07
DXPE,2025,Q4,15522213,109.79
DXST,2025,Q4,11250000,
DXYZ,2024,Q3,10879900,
DXYZ,2024,Q4,10879900,
DXYZ,2025,Q1,10879900,
DY,2024,Q1,29091670,143.53
DY,2024,Q2,29093184,168.76
DY,2024,Q3,29104143,197.1
DY,2024,Q4,29175865,174.06
DY,2025,Q1,28979138,152.34
DY,2025,Q2,28924837,244.39
DY,2025,Q3,28954101,291.76
DY,2025,Q4,28956051,337.9
DY,2026,Q1,29970067,338.82
DYAI,2025,Q3,36187798,1.18
DYAI,2025,Q4,36438703,
DYCQU,2025,Q3,2206382,
DYN,2024,Q2,100400798,35.29
DYN,2024,Q3,101765958,35.92
DYN,2024,Q4,113121357,23.56
DYN,2025,Q1,113666578,10.46
DYN,2025,Q2,142263740,9.52
DYN,2025,Q3,142824687,12.65
DYN,2025,Q4,164950540,19.56
DYNXU,2025,Q3,16600000,
DYNXU,2025,Q4,16600000,
E,2025,Q4,3146765114,37.94
EA,2023,Q4,267350461,136.81
EA,2024,Q1,266378719,132.67
EA,2024,Q2,264199931,139.33
EA,2024,Q3,262272821,143.44
EA,2024,Q4,260617594,146.3
EA,2025,Q1,250765972,144.52
EA,2025,Q2,250207303,159.7
EA,2025,Q3,249404562,201.7
EA,2025,Q4,250253713,204.33
EAF,2024,Q1,257167127,1.38
EAF,2024,Q2,257167127,0.97
EAF,2024,Q3,257167127,1.32
EAF,2024,Q4,257263710,1.73
EAF,2025,Q1,258112957,0.87
EAF,2025,Q2,258151443,0.97
EAF,2025,Q3,25820110,12.82
EAF,2025,Q4,25820110,15.51
EARN,2025,Q1,37559195,5.41
EAT,2024,Q1,44490516,49.68
EAT,2024,Q2,44958136,72.39
EAT,2024,Q3,44428089,76.53
EAT,2024,Q4,44406857,132.29
EAT,2025,Q1,44451153,149.05
EAT,2025,Q2,44498111,180.33
EAT,2025,Q3,44431215,126.68
EAT,2025,Q4,43550328,143.52
EB,2024,Q1,81453841,5.48
EB,2024,Q2,80452711,4.84
EB,2024,Q3,81233850,2.73
EB,2024,Q4,78982413,3.36
EB,2025,Q1,80242095,2.11
EB,2025,Q2,80853054,2.63
EB,2025,Q3,82036252,2.52
EB,2025,Q4,85077325,4.45
EBAY,2024,Q1,506000000,52.78
EBAY,2024,Q2,489000000,53.72
EBAY,2024,Q3,479000000,65.11
EBAY,2024,Q4,466000000,61.95
EBAY,2025,Q1,461000000,67.73
EBAY,2025,Q2,457000000,74.46
EBAY,2025,Q3,452000000,90.95
EBAY,2025,Q4,448000000,87.1
EBC,2024,Q1,176631477,13.78
EBC,2024,Q2,215648299,13.98
EBC,2024,Q3,214663419,16.39
EBC,2024,Q4,212992318,17.25
EBC,2025,Q1,211089947,16.4
EBC,2025,Q2,211477512,15.27
EBC,2025,Q3,210797930,18.15
EBC,2025,Q4,234637772,18.43
EBF,2023,Q4,25874699,21.91
EBF,2024,Q2,25984014,21.89
EBF,2024,Q3,26003854,24.32
EBF,2024,Q4,26012603,21.09
EBF,2025,Q1,26053221,20.09
EBF,2025,Q2,25795161,18.14
EBF,2025,Q3,25629751,18.28
EBF,2025,Q4,25292866,18.01
EBMT,2025,Q3,7952177,17.27
EBMT,2025,Q4,7965431,19.9
EBS,2024,Q1,52401850,2.53
EBS,2024,Q2,52906624,6.82
EBS,2024,Q3,54184186,8.35
EBS,2024,Q4,54337026,9.56
EBS,2025,Q1,54277827,4.86
EBS,2025,Q2,53351099,6.38
EBS,2025,Q3,52519964,8.82
EBS,2025,Q4,51770857,12.36
EC,2024,Q3,2055830016,8.93
EC,2024,Q4,2055830016,7.92
EC,2025,Q1,2055830016,10.44
EC,2025,Q3,2060000000,9.21
EC,2025,Q4,2145330893,10.02
ECBK,2025,Q3,8796890,
ECBK,2025,Q4,8778585,17.39
ECDA,2025,Q3,2497056,
ECG,2024,Q3,50972059,
ECG,2024,Q4,50999228,65.75
ECG,2025,Q1,50999581,37.09
ECG,2025,Q2,51006575,63.53
ECG,2025,Q3,51006575,85.75
ECG,2025,Q4,51006719,85.56
ECL,2024,Q1,285569775,230.9
ECL,2024,Q2,284537616,238.0
ECL,2024,Q3,283161817,255.33
ECL,2024,Q4,282997058,234.32
ECL,2025,Q1,283512618,253.52
ECL,2025,Q2,283624912,269.44
ECL,2025,Q3,283235653,273.86
ECL,2025,Q4,281969448,262.52
ECO,2025,Q4,35433544,33.84
ECOR,2025,Q3,7995903,4.95
ECOR,2025,Q4,8083558,4.48
ECPG,2024,Q2,23690958,41.73
ECPG,2024,Q3,23691291,47.27
ECPG,2024,Q4,23691291,47.77
ECPG,2025,Q1,23349200,34.28
ECPG,2025,Q2,23011773,38.71
ECPG,2025,Q3,22303676,41.74
ECPG,2025,Q4,21410273,54.35
ECVT,2024,Q2,116466232,8.97
ECVT,2024,Q3,116509803,6.85
ECVT,2024,Q4,117367433,7.64
ECVT,2025,Q1,117400510,6.2
ECVT,2025,Q2,114417966,8.23
ECVT,2025,Q3,114019414,8.76
ECVT,2025,Q4,110586098,9.73
ECX,2025,Q4,310505777,1.72
ED,2024,Q1,345834711,90.81
ED,2024,Q2,346147200,89.42
ED,2024,Q3,346412190,104.13
ED,2024,Q4,346711639,89.23
ED,2025,Q1,360296124,110.59
ED,2025,Q2,360651665,100.35
ED,2025,Q3,360935608,100.52
ED,2025,Q4,361247438,99.32
EDAP,2025,Q4,37481986,
EDBL,2025,Q3,5126655,
EDIT,2024,Q1,82237974,7.42
EDIT,2024,Q2,82476436,4.67
EDIT,2024,Q3,82548099,3.41
EDIT,2024,Q4,82976284,1.27
EDIT,2025,Q1,83712859,1.16
EDIT,2025,Q2,89920164,2.2
EDIT,2025,Q3,97618660,3.47
EDIT,2025,Q4,97871999,2.05
EDSA,2025,Q3,8333823,2.47
EDSA,2025,Q4,8348161,1.42
EDU,2024,Q3,163528992,75.84
EDU,2024,Q4,163528992,64.18
EDU,2025,Q1,163528992,47.81
EDU,2025,Q3,171420000,53.07
EDU,2025,Q4,166712131,55.03
EDUC,2025,Q1,8583201,
EDUC,2025,Q4,8511364,
EE,2024,Q1,25104117,16.02
EE,2024,Q2,25051298,18.44
EE,2024,Q3,24263103,22.01
EE,2024,Q4,23869545,30.25
EE,2025,Q1,31996814,28.68
EE,2025,Q3,114020000,25.19
EE,2025,Q4,114030961,28.05
EEFT,2024,Q1,45871136,109.93
EEFT,2024,Q2,44914254,103.5
EEFT,2024,Q3,43931630,99.23
EEFT,2024,Q4,43742542,102.84
EEFT,2025,Q1,43244856,106.85
EEFT,2025,Q2,40996169,101.38
EEFT,2025,Q3,42044681,87.81
EEFT,2025,Q4,39330671,76.11
EEX,2025,Q3,197807355,5.09
EEX,2025,Q4,197908778,4.47
EFC,2024,Q1,85056648,11.81
EFC,2024,Q2,85041913,12.08
EFC,2024,Q3,90661736,12.89
EFC,2024,Q4,90678492,12.12
EFC,2025,Q1,94428880,13.26
EFC,2025,Q2,99893894,12.99
EFC,2025,Q3,107316429,12.98
EFC,2025,Q4,124649023,13.58
EFOI,2025,Q3,5739415,
EFOI,2025,Q4,6306433,
EFSC,2024,Q1,37515000,40.56
EFSC,2024,Q2,37344000,40.91
EFSC,2024,Q3,37184000,51.26
EFSC,2024,Q4,36988000,56.4
EFSC,2025,Q1,36928000,53.74
EFSC,2025,Q2,36987916,55.1
EFSC,2025,Q3,37010909,57.98
EFSC,2025,Q4,36816012,54.0
EFSI,2025,Q3,5376346,37.83
EFSI,2025,Q4,5412376,39.8
EFX,2024,Q1,123611310,267.52
EFX,2024,Q2,123736402,242.46
EFX,2024,Q3,123952015,293.86
EFX,2024,Q4,124023838,254.85
EFX,2025,Q1,124199041,243.56
EFX,2025,Q2,123797380,259.37
EFX,2025,Q3,122394037,256.53
EFX,2025,Q4,120269998,216.98
EFX,2026,Q1,119072409,180.07
EFXT,2025,Q4,121801779,15.43
EG,2024,Q1,43458245,397.5
EG,2024,Q2,43273547,381.02
EG,2024,Q3,42978585,391.83
EG,2024,Q4,42934097,362.46
EG,2025,Q1,42534728,363.33
EG,2025,Q2,41943291,339.85
EG,2025,Q3,41978058,350.23
EG,2025,Q4,40390151,339.35
EGAN,2025,Q2,26867067,6.25
EGAN,2025,Q4,27386110,10.29
EGBN,2024,Q2,30177326,18.9
EGBN,2024,Q3,30201538,22.58
EGBN,2024,Q4,30204202,26.03
EGBN,2025,Q1,30377389,21.0
EGBN,2025,Q2,30368985,19.48
EGBN,2025,Q3,30371236,20.22
EGBN,2025,Q4,30363447,21.42
EGHAU,2025,Q3,15500000,
EGHAU,2025,Q4,15500000,
EGHT,2023,Q4,123421417,3.78
EGHT,2024,Q2,128330234,2.22
EGHT,2024,Q3,130660747,2.04
EGHT,2024,Q4,131693671,2.67
EGHT,2025,Q1,134479292,2.0
EGHT,2025,Q2,136368843,1.96
EGHT,2025,Q3,138640363,2.12
EGHT,2025,Q4,139318350,1.97
EGO,2024,Q3,204760992,17.37
EGO,2024,Q4,204910000,14.87
EGO,2025,Q1,204948992,16.82
EGO,2025,Q3,200930000,28.89
EGO,2025,Q4,201910165,35.92
EGP,2024,Q1,48144312,179.77
EGP,2024,Q2,48730228,170.1
EGP,2024,Q3,49505601,186.82
EGP,2024,Q4,52024019,160.49
EGP,2025,Q1,52515948,176.15
EGP,2025,Q2,53334394,167.12
EGP,2025,Q3,53348644,169.26
EGP,2025,Q4,53334206,178.14
EGP,2026,Q1,53755229,185.09
EGY,2024,Q2,103743163,6.27
EGY,2024,Q3,103743163,5.74
EGY,2024,Q4,103743163,4.37
EGY,2025,Q1,103819046,3.76
EGY,2025,Q2,104258253,3.61
EGY,2025,Q3,104258253,4.02
EGY,2025,Q4,104258253,3.64
EH,2024,Q3,44042500,14.14
EH,2024,Q4,44042500,15.74
EH,2025,Q1,44042500,20.89
EH,2025,Q3,71890000,18.57
EH,2025,Q4,71984859,13.18
EHAB,2024,Q2,50283308,8.92
EHAB,2024,Q3,50284120,7.9
EHAB,2024,Q4,50479951,7.81
EHAB,2025,Q1,50637417,8.79
EHAB,2025,Q2,50690382,9.64
EHAB,2025,Q3,50607075,8.01
EHAB,2025,Q4,50723245,9.22
EHC,2024,Q1,100685317,82.58
EHC,2024,Q2,100625306,85.79
EHC,2024,Q3,100749546,96.64
EHC,2024,Q4,100709106,92.35
EHC,2025,Q1,100796925,101.28
EHC,2025,Q2,100723828,122.63
EHC,2025,Q3,100615977,127.02
EHC,2025,Q4,99416162,106.14
EHTH,2024,Q1,29123456,6.03
EHTH,2024,Q2,29405418,4.53
EHTH,2024,Q3,29633690,4.08
EHTH,2024,Q4,29942604,9.4
EHTH,2025,Q1,30326646,6.68
EHTH,2025,Q2,30557181,4.35
EHTH,2025,Q3,30764785,4.31
EHTH,2025,Q4,31073002,4.6
EIG,2024,Q2,24836585,42.63
EIG,2024,Q3,24716104,47.97
EIG,2024,Q4,24357217,51.23
EIG,2025,Q1,24040602,50.64
EIG,2025,Q2,23511590,47.18
EIG,2025,Q3,22479106,42.48
EIG,2025,Q4,19481997,43.17
EIX,2024,Q1,384753060,70.73
EIX,2024,Q2,386176746,71.81
EIX,2024,Q3,387150269,87.09
EIX,2024,Q4,385023526,79.84
EIX,2025,Q1,384763662,58.92
EIX,2025,Q2,384834007,51.6
EIX,2025,Q3,384787056,55.28
EIX,2025,Q4,384790927,60.02
EIX,2026,Q1,384793941,73.18
EKSO,2024,Q1,18174426,
EKSO,2024,Q2,18444181,1.06
EKSO,2024,Q3,21998369,
EKSO,2024,Q4,24824762,0.61
EKSO,2025,Q1,29042975,0.4
EKSO,2025,Q2,2611788,
EKSO,2025,Q3,2623233,5.13
EKSO,2025,Q4,3563381,
EKSO,2026,Q1,3563381,
EL,2024,Q1,233021911,154.15
EL,2024,Q2,233177155,106.4
EL,2024,Q3,233435997,99.69
EL,2024,Q4,234173416,74.98
EL,2025,Q1,234209951,66.0
EL,2025,Q2,234347415,80.8
EL,2025,Q3,234818211,88.12
EL,2025,Q4,247219699,104.72
ELA,2025,Q3,25963476,7.81
ELA,2025,Q4,25963476,13.38
ELAB,2025,Q4,1159112,
ELAN,2024,Q1,494181620,16.28
ELAN,2024,Q2,494325065,14.43
ELAN,2024,Q3,494352808,14.69
ELAN,2024,Q4,494613940,12.11
ELAN,2025,Q1,496646504,10.5
ELAN,2025,Q2,496813702,14.28
ELAN,2025,Q3,496863473,20.14
ELAN,2025,Q4,497168077,22.63
ELBM,2025,Q4,103738330,0.81
ELDN,2024,Q2,39655702,2.64
ELDN,2024,Q3,59739275,2.49
ELDN,2024,Q4,59881775,4.12
ELDN,2025,Q1,59881775,3.39
ELDN,2025,Q2,59881775,2.71
ELDN,2025,Q3,59932212,2.59
ELDN,2025,Q4,75851722,1.51
ELEV,2024,Q2,59106809,2.7
ELEV,2024,Q3,59119055,0.6
ELEV,2024,Q4,59215795,0.56
ELEV,2025,Q1,59223729,0.26
ELF,2023,Q4,55506934,144.34
ELF,2024,Q1,55939080,196.03
ELF,2024,Q2,56388228,210.72
ELF,2024,Q3,56331038,109.03
ELF,2024,Q4,56398608,125.55
ELF,2025,Q1,56328377,62.79
ELF,2025,Q2,56734903,124.44
ELF,2025,Q3,59636768,132.48
ELF,2025,Q4,59052239,76.04
ELMD,2025,Q2,8349176,21.99
ELMD,2025,Q4,8275313,29.12
ELME,2024,Q2,88010570,15.93
ELME,2024,Q3,88010278,17.59
ELME,2024,Q4,88029292,15.27
ELME,2025,Q1,88158657,17.4
ELME,2025,Q2,88161066,15.9
ELME,2025,Q3,88161161,16.86
ELME,2025,Q4,88857883,17.4
ELS,2024,Q1,186495861,64.4
ELS,2024,Q2,186518496,65.13
ELS,2024,Q3,191049227,71.34
ELS,2024,Q4,191142869,66.6
ELS,2025,Q1,191189505,66.7
ELS,2025,Q2,193789749,61.67
ELS,2025,Q3,193828480,60.7
ELS,2025,Q4,193927571,60.61
ELS,2026,Q1,193937553,62.42
ELSE,2025,Q3,3480521,
ELSE,2025,Q4,3532423,
ELTK,2025,Q4,6719827,
ELTX,2025,Q3,17489516,10.94
ELTX,2025,Q4,18396074,
ELUT,2025,Q3,40349939,0.89
ELUT,2025,Q4,42784848,0.69
ELV,2024,Q1,232417867,518.54
ELV,2024,Q2,231885874,541.86
ELV,2024,Q3,231922815,520.0
ELV,2024,Q4,227351871,368.9
ELV,2025,Q1,225934600,434.96
ELV,2025,Q2,225178304,388.96
ELV,2025,Q3,222238763,323.12
ELV,2025,Q4,220704667,350.55
ELV,2026,Q1,217162380,292.75
ELVN,2024,Q2,47237207,23.37
ELVN,2024,Q3,48859166,25.54
ELVN,2024,Q4,49004425,22.5
ELVN,2025,Q1,49069258,19.68
ELVN,2025,Q2,59235547,20.06
ELVN,2025,Q3,59347317,20.47
ELVN,2025,Q4,59800406,15.4
EMA,2025,Q4,301754258,49.24
EMBC,2024,Q2,57701830,12.5
EMBC,2024,Q4,58134434,20.65
EMBC,2025,Q1,58442508,12.75
EMBC,2025,Q2,58485119,9.69
EMBC,2025,Q3,58512841,14.11
EMBC,2025,Q4,59219854,11.88
EMCGU,2025,Q3,2422281,
EME,2024,Q1,46996241,350.2
EME,2024,Q2,46657365,365.08
EME,2024,Q3,46002059,430.53
EME,2024,Q4,45472621,453.9
EME,2025,Q1,44758004,369.63
EME,2025,Q2,44764250,534.89
EME,2025,Q3,44765864,649.54
EME,2025,Q4,44532566,611.79
EML,2025,Q3,6068650,23.46
EML,2026,Q1,6041767,
EMN,2024,Q1,117649499,100.22
EMN,2024,Q2,116860402,97.97
EMN,2024,Q3,115912596,111.95
EMN,2024,Q4,115168382,91.32
EMN,2025,Q1,115460148,88.11
EMN,2025,Q2,114832412,74.66
EMN,2025,Q3,114069800,63.05
EMN,2025,Q4,114097314,63.83
EMR,2024,Q1,572100000,113.42
EMR,2024,Q2,572700000,110.16
EMR,2024,Q3,570200000,109.37
EMR,2024,Q4,563900000,123.93
EMR,2025,Q1,562500000,109.64
EMR,2025,Q2,562800000,133.33
EMR,2025,Q3,561800000,131.18
EMR,2025,Q4,562302102,132.72
ENB,2024,Q1,2126090754,36.18
ENB,2024,Q2,2177417976,35.59
ENB,2024,Q3,2177956195,40.61
ENB,2024,Q4,2179049670,42.43
ENB,2025,Q1,2180284527,44.31
ENB,2025,Q2,2180514839,45.32
ENB,2025,Q3,2181275613,50.46
ENB,2025,Q4,2181830165,47.83
ENFY,2025,Q2,15770934,
ENFY,2025,Q3,15769434,
ENGN,2024,Q1,43581331,
ENGN,2024,Q2,44166159,9.43
ENGN,2024,Q3,44215577,6.6
ENGN,2024,Q4,50976676,6.65
ENGN,2025,Q1,50977560,4.48
ENGN,2025,Q2,51105201,3.64
ENGN,2025,Q3,51191771,6.83
ENGN,2025,Q4,66984661,9.03
ENGN,2026,Q1,66989466,
ENLT,2025,Q4,132133899,45.46
ENLV,2025,Q4,237381498,0.7
ENOV,2024,Q1,54850906,62.45
ENOV,2024,Q2,55850500,45.2
ENOV,2024,Q3,55875456,43.05
ENOV,2024,Q4,56963440,43.88
ENOV,2025,Q2,57123051,31.36
ENOV,2025,Q3,57159803,30.34
ENOV,2025,Q4,57189381,26.64
ENPH,2024,Q1,136062737,120.98
ENPH,2024,Q2,135422159,99.71
ENPH,2024,Q3,135106623,113.02
ENPH,2024,Q4,132470505,68.68
ENPH,2025,Q1,131207018,62.05
ENPH,2025,Q2,130750771,39.65
ENPH,2025,Q3,130859709,35.39
ENPH,2025,Q4,131098819,32.05
ENPH,2026,Q1,131798220,37.81
ENR,2024,Q1,71790000,29.44
ENR,2024,Q2,71796000,29.54
ENR,2024,Q3,71810000,31.76
ENR,2024,Q4,72181000,34.89
ENR,2025,Q1,72192000,29.92
ENR,2025,Q2,68268535,20.16
ENR,2025,Q3,68429707,24.89
ENR,2025,Q4,68468761,19.89
ENS,2023,Q4,40415975,100.96
ENS,2024,Q1,40147603,94.46
ENS,2024,Q2,40244751,103.52
ENS,2024,Q3,39820159,102.05
ENS,2024,Q4,39428485,92.43
ENS,2025,Q1,39196215,91.58
ENS,2025,Q2,37466929,85.77
ENS,2025,Q3,36909135,112.96
ENS,2025,Q4,36851374,146.75
ENSC,2025,Q3,3541262,2.37
ENSC,2025,Q4,9277819,
ENSG,2024,Q1,56923016,124.42
ENSG,2024,Q2,57113703,123.69
ENSG,2024,Q3,57295682,143.82
ENSG,2024,Q4,57455374,132.86
ENSG,2025,Q1,57492353,129.4
ENSG,2025,Q2,57700157,154.26
ENSG,2025,Q3,57924783,172.77
ENSG,2025,Q4,58112780,174.2
ENTA,2024,Q1,21179400,17.46
ENTA,2024,Q2,21188571,12.97
ENTA,2024,Q3,21194326,10.36
ENTA,2024,Q4,21332544,5.75
ENTA,2025,Q1,21376581,5.52
ENTA,2025,Q2,21377923,7.56
ENTA,2025,Q3,28862601,11.97
ENTA,2025,Q4,29019344,15.77
ENTG,2024,Q1,150791477,140.54
ENTG,2024,Q2,150978385,135.4
ENTG,2024,Q3,150997961,112.53
ENTG,2024,Q4,151126743,99.06
ENTG,2025,Q1,151300000,87.48
ENTG,2025,Q2,151600000,80.65
ENTG,2025,Q3,151600000,92.46
ENTG,2025,Q4,151900000,84.25
ENTO,2025,Q3,3361903,
ENTX,2025,Q3,45857242,1.92
ENTX,2025,Q4,46622239,1.94
ENVA,2024,Q1,27119675,62.83
ENVA,2024,Q2,26396374,62.25
ENVA,2024,Q3,26206112,83.79
ENVA,2024,Q4,25793634,95.88
ENVA,2025,Q1,25366770,96.56
ENVA,2025,Q2,25012613,111.52
ENVA,2025,Q3,24801579,115.09
ENVA,2025,Q4,25010319,157.2
ENVA,2026,Q1,24884896,135.83
ENVB,2025,Q4,1887535,
ENVX,2024,Q1,170000050,8.01
ENVX,2024,Q2,176284698,15.46
ENVX,2024,Q3,177977204,9.34
ENVX,2024,Q4,191273833,10.87
ENVX,2025,Q1,192003858,7.34
ENVX,2025,Q2,196600013,10.34
ENVX,2025,Q3,215816004,9.97
ENVX,2025,Q4,217224442,7.31
EOG,2024,Q1,574710614,127.84
EOG,2024,Q2,568599571,125.87
EOG,2024,Q3,562450411,122.93
EOG,2024,Q4,553926330,122.58
EOG,2025,Q1,545787010,128.24
EOG,2025,Q2,545993416,119.61
EOG,2025,Q3,542598457,112.12
EOG,2025,Q4,536491493,105.01
EOLS,2024,Q2,63094482,10.85
EOLS,2024,Q3,63321493,16.2
EOLS,2024,Q4,63586753,11.04
EOLS,2025,Q1,64475589,12.03
EOLS,2025,Q2,64685419,9.21
EOLS,2025,Q3,64819784,6.14
EOLS,2025,Q4,65059990,6.65
EONR,2025,Q3,45026574,0.49
EOSE,2024,Q1,206779447,1.03
EOSE,2024,Q2,216491215,1.27
EOSE,2024,Q3,217278404,2.97
EOSE,2024,Q4,221791205,4.86
EOSE,2025,Q1,227049683,3.78
EOSE,2025,Q2,259853606,5.12
EOSE,2025,Q3,288242532,11.39
EOSE,2025,Q4,339434259,11.46
EP,2025,Q3,34855801,4.52
EP,2025,Q4,35428808,3.04
EPAC,2024,Q1,54253540,35.66
EPAC,2024,Q2,54300146,38.18
EPAC,2024,Q3,54234660,41.89
EPAC,2024,Q4,54400216,41.09
EPAC,2025,Q1,54084914,44.86
EPAC,2025,Q2,53937328,40.56
EPAC,2025,Q3,52981546,41.0
EPAC,2025,Q4,52776305,38.24
EPAC,2026,Q1,51543169,36.47
EPAM,2024,Q1,57974371,276.16
EPAM,2024,Q2,56935370,188.11
EPAM,2024,Q3,56721427,199.03
EPAM,2024,Q4,56888128,233.82
EPAM,2025,Q1,56652701,168.84
EPAM,2025,Q2,55696909,176.82
EPAM,2025,Q3,55242618,150.79
EPAM,2025,Q4,54139969,204.88
EPC,2024,Q1,49554277,38.64
EPC,2024,Q2,49309366,40.19
EPC,2024,Q3,48721170,36.34
EPC,2024,Q4,48228669,33.6
EPC,2025,Q1,47029658,31.21
EPC,2025,Q2,46464244,23.41
EPC,2025,Q3,46464244,20.36
EPC,2025,Q4,46716605,17.05
EPD,2024,Q1,2171558354,29.18
EPD,2024,Q2,2170301640,28.98
EPD,2024,Q3,2167574966,29.11
EPD,2024,Q4,2165699962,31.36
EPD,2025,Q1,2168902635,34.14
EPD,2025,Q2,2165247439,31.01
EPD,2025,Q3,2163321050,31.27
EPD,2025,Q4,2161760683,32.06
EPIX,2024,Q1,44362991,
EPIX,2024,Q2,44368959,5.26
EPIX,2024,Q3,44388550,6.06
EPIX,2024,Q4,44388550,1.79
EPIX,2025,Q1,44388550,1.58
EPIX,2025,Q2,47308394,1.7
EPM,2024,Q1,33357632,6.14
EPM,2024,Q2,33322760,5.27
EPM,2024,Q3,33595542,5.31
EPM,2024,Q4,34253898,5.23
EPM,2025,Q1,34307640,5.18
EPM,2025,Q2,34359146,4.7
EPM,2025,Q3,34690864,4.82
EPM,2025,Q4,35003844,3.54
EPR,2024,Q1,75672637,42.45
EPR,2024,Q2,75721412,41.98
EPR,2024,Q3,75731497,49.04
EPR,2024,Q4,76064543,44.28
EPR,2025,Q1,76068501,52.61
EPR,2025,Q2,76116634,58.26
EPR,2025,Q3,76140341,58.01
EPR,2025,Q4,76520011,49.9
EPRT,2024,Q1,175306386,26.66
EPRT,2024,Q2,175330314,27.71
EPRT,2024,Q3,175331836,34.15
EPRT,2024,Q4,187691457,31.28
EPRT,2025,Q1,197512316,32.64
EPRT,2025,Q2,198139586,31.91
EPRT,2025,Q3,198144552,29.76
EPRT,2025,Q4,209879818,29.66
EPRT,2026,Q1,216245955,30.36
EPRX,2025,Q4,51939206,7.55
EPSN,2025,Q3,22067213,5.04
EPSN,2025,Q4,30239980,4.64
EQ,2025,Q3,60893283,1.43
EQ,2025,Q4,63226556,1.55
EQBK,2025,Q3,19076412,40.7
EQBK,2025,Q4,20992139,44.65
EQH,2024,Q1,325244542,38.01
EQH,2024,Q2,319758915,40.86
EQH,2024,Q3,313337413,42.03
EQH,2024,Q4,307819522,47.17
EQH,2025,Q1,303895221,52.09
EQH,2025,Q2,299536468,56.1
EQH,2025,Q3,286532039,50.78
EQH,2025,Q4,280347841,47.65
EQIX,2024,Q1,94905734,825.33
EQIX,2024,Q2,94944994,756.6
EQIX,2024,Q3,96488187,887.63
EQIX,2024,Q4,97332005,942.89
EQIX,2025,Q1,97818991,815.35
EQIX,2025,Q2,97863986,795.47
EQIX,2025,Q3,98186078,783.24
EQIX,2025,Q4,98254928,766.16
EQNR,2024,Q3,2751650048,25.33
EQNR,2024,Q4,2728130048,23.69
EQNR,2025,Q1,2706949888,26.45
EQNR,2025,Q3,2940000000,24.38
EQNR,2025,Q4,2500271030,23.63
EQR,2024,Q1,378971999,63.11
EQR,2024,Q2,379135883,69.34
EQR,2024,Q3,379429476,74.46
EQR,2024,Q4,379705225,71.76
EQR,2025,Q1,379943670,71.58
EQR,2025,Q2,381898057,67.49
EQR,2025,Q3,380474721,64.73
EQR,2025,Q4,377547108,63.04
EQT,2024,Q1,441592000,37.07
EQT,2024,Q2,441600000,36.98
EQT,2024,Q3,596684000,36.64
EQT,2024,Q4,597441000,46.11
EQT,2025,Q1,598626000,53.43
EQT,2025,Q2,624057000,58.32
EQT,2025,Q3,624067000,54.43
EQT,2025,Q4,624274000,53.6
EQT,2026,Q1,625478000,63.64
EQV,2024,Q2,160000,
EQV,2024,Q3,35822500,
EQV,2024,Q4,35822500,9.98
EQV,2025,Q1,35822500,10.12
EQV.U,2025,Q3,35822500,
EQX,2024,Q3,428504992,6.09
EQX,2024,Q4,455396000,5.02
EQX,2025,Q1,456063008,6.88
EQX,2025,Q3,784750000,11.22
EQX,2025,Q4,784776387,14.04
ERAS,2024,Q2,282504318,2.36
ERAS,2024,Q3,282727282,2.73
ERAS,2024,Q4,283265716,2.51
ERAS,2025,Q1,283287382,1.37
ERAS,2025,Q2,283670139,1.27
ERAS,2025,Q3,283711805,2.18
ERAS,2025,Q4,310799547,3.72
ERIC,2024,Q3,3070000128,7.58
ERIC,2024,Q4,3070000128,8.06
ERIC,2025,Q1,3070919936,7.76
ERIC,2025,Q3,3350000000,8.27
ERIC,2025,Q4,3109595752,9.65
ERIE,2024,Q1,46189068,401.57
ERIE,2024,Q2,46189068,362.4
ERIE,2024,Q3,46189068,539.82
ERIE,2024,Q4,46189068,412.23
ERIE,2025,Q1,46189068,419.05
ERIE,2025,Q2,46189068,346.79
ERIE,2025,Q3,46189068,318.16
ERIE,2025,Q4,46189068,286.65
ERIE,2026,Q1,46189068,251.31
ERII,2024,Q1,57330153,15.79
ERII,2024,Q2,57724968,13.29
ERII,2024,Q3,57893899,17.39
ERII,2024,Q4,54955305,14.7
ERII,2025,Q1,54499225,15.89
ERII,2025,Q2,53198386,12.78
ERII,2025,Q3,52972096,15.42
ERII,2025,Q4,52828666,13.49
ERJ,2024,Q3,183658000,35.37
ERJ,2024,Q4,183658000,36.68
ERJ,2025,Q1,183658000,46.2
ERJ,2025,Q4,722766139,64.37
ERNA,2025,Q3,7848889,
ERNA,2025,Q4,29154431,
ERO,2025,Q4,104192288,28.29
ES,2024,Q1,352255238,59.77
ES,2024,Q2,357384733,56.71
ES,2024,Q3,366402087,68.05
ES,2024,Q4,366785030,57.43
ES,2025,Q1,367384808,62.11
ES,2025,Q2,371115181,63.62
ES,2025,Q3,375189145,71.14
ES,2025,Q4,375496611,67.33
ESAB,2024,Q1,60424421,110.57
ESAB,2024,Q2,60438838,94.43
ESAB,2024,Q3,60444246,106.31
ESAB,2024,Q4,60517574000,119.94
ESAB,2025,Q2,60622736,120.55
ESAB,2025,Q3,60698710,111.74
ESAB,2025,Q4,60710966,111.72
ESCA,2025,Q3,13803745,12.57
ESCA,2025,Q4,13696311,13.49
ESE,2024,Q1,25751055,107.05
ESE,2024,Q2,25752712,105.04
ESE,2024,Q3,25785481,128.98
ESE,2024,Q4,25806033,133.21
ESE,2025,Q1,25824491,159.12
ESE,2025,Q2,25824688,191.87
ESE,2025,Q3,25846125,211.11
ESE,2025,Q4,25895762,195.39
ESGR,2024,Q1,15229358,310.76
ESGR,2024,Q2,15231654,305.7
ESGR,2024,Q3,15232010,321.59
ESGR,2024,Q4,14885357,322.05
ESHA,2025,Q3,3892381,
ESI,2024,Q1,242063821,24.98
ESI,2024,Q2,242142408,27.12
ESI,2024,Q3,242162633,27.16
ESI,2024,Q4,242452327,25.43
ESI,2025,Q1,242504073,22.61
ESI,2025,Q2,241616672,22.65
ESI,2025,Q3,241999914,25.17
ESI,2025,Q4,243578414,24.99
ESLA,2025,Q3,37765589,
ESLA,2025,Q4,42665228,1.56
ESLT,2025,Q4,46442352,577.71
ESNT,2024,Q1,106673099,59.51
ESNT,2024,Q2,106248966,56.19
ESNT,2024,Q3,106213137,64.29
ESNT,2024,Q4,103835368,54.44
ESNT,2025,Q1,101401546,57.72
ESNT,2025,Q2,98533757,60.73
ESNT,2025,Q3,96665101,63.56
ESNT,2025,Q4,94542845,65.01
ESOA,2025,Q3,16749814,10.35
ESOA,2025,Q4,16659039,8.17
ESP,2025,Q2,2924418,45.71
ESP,2025,Q4,2958843,47.13
ESPR,2024,Q1,189460293,2.68
ESPR,2024,Q2,196224695,2.22
ESPR,2024,Q3,197035171,1.65
ESPR,2024,Q4,197848886,2.2
ESPR,2025,Q1,198199462,1.44
ESPR,2025,Q2,201622825,0.98
ESPR,2025,Q3,239063437,2.65
ESPR,2025,Q4,256810482,3.7
ESQ,2025,Q3,8565491,102.06
ESQ,2025,Q4,8636809,102.07
ESRT,2024,Q1,164037161,10.13
ESRT,2024,Q2,164483000,9.38
ESRT,2024,Q3,165778143,11.08
ESRT,2024,Q4,166736226,10.32
ESRT,2025,Q1,167510668,7.82
ESRT,2025,Q2,168641346,8.09
ESRT,2025,Q3,169221083,7.66
ESRT,2025,Q4,170269289,6.52
ESS,2024,Q1,64209059,244.81
ESS,2024,Q2,64217898,272.2
ESS,2024,Q3,64267485,295.42
ESS,2024,Q4,64325080,285.44
ESS,2025,Q1,64385177,306.57
ESS,2025,Q2,64404022,283.4
ESS,2025,Q3,64404022,267.66
ESS,2025,Q4,64475506,261.68
ESTA,2024,Q2,27943534,45.44
ESTA,2024,Q3,27997883,43.27
ESTA,2024,Q4,28845813,46.07
ESTA,2025,Q1,28917254,40.8
ESTA,2025,Q2,28970736,42.71
ESTA,2025,Q3,29057868,40.99
ESTA,2025,Q4,29320846,72.88
ESTC,2024,Q1,100807523,100.24
ESTC,2024,Q2,101715185,113.91
ESTC,2024,Q3,102745499,76.76
ESTC,2024,Q4,103631586,99.08
ESTC,2025,Q1,104412817,89.1
ESTC,2025,Q2,105534887,84.33
ESTC,2025,Q3,106270940,84.49
ESTC,2025,Q4,105372800,75.44
ESTC,2026,Q1,103501008,49.99
ET,2024,Q1,3370023318,15.73
ET,2024,Q2,3422233857,16.22
ET,2024,Q3,3423916517,16.05
ET,2024,Q4,3431214964,19.59
ET,2025,Q1,3431778119,18.59
ET,2025,Q2,3432681531,18.13
ET,2025,Q3,3433386854,17.16
ET,2025,Q4,3440314575,16.49
ETD,2024,Q1,25411923,34.57
ETD,2024,Q2,25423374,27.89
ETD,2024,Q3,25429960,31.89
ETD,2024,Q4,25429960,28.11
ETD,2025,Q1,25429960,27.7
ETD,2025,Q2,25441838,27.85
ETD,2025,Q3,25446339,29.46
ETD,2025,Q4,25446339,22.84
ETN,2024,Q1,399800000,312.68
ETN,2024,Q2,398100000,313.55
ETN,2024,Q3,395200000,331.44
ETN,2024,Q4,392000000,331.87
ETN,2025,Q1,391300000,271.83
ETN,2025,Q2,389300000,356.99
ETN,2025,Q3,388400000,374.25
ETN,2025,Q4,387900000,318.51
ETNB,2024,Q2,105909991,8.01
ETNB,2024,Q3,106126338,7.4
ETNB,2024,Q4,145984182,7.82
ETNB,2025,Q1,145984182,7.27
ETNB,2025,Q2,148308250,9.82
ETON,2025,Q3,26817535,21.73
ETON,2025,Q4,27284491,16.91
ETR,2024,Q1,213536936,105.68
ETR,2024,Q2,213830846,107.0
ETR,2024,Q3,214408014,131.61
ETR,2024,Q4,430412580,75.82
ETR,2025,Q1,430774109,85.49
ETR,2025,Q2,446409069,83.12
ETR,2025,Q3,446596904,93.19
ETR,2025,Q4,452989837,92.43
ETSY,2024,Q1,116932568,68.72
ETSY,2024,Q2,114752260,58.98
ETSY,2024,Q3,112492489,55.53
ETSY,2024,Q4,107072348,52.89
ETSY,2025,Q1,104282256,47.18
ETSY,2025,Q2,99108568,50.16
ETSY,2025,Q3,98706008,66.39
ETSY,2025,Q4,96247180,55.44
ETWO,2023,Q4,304388055,4.39
ETWO,2024,Q2,307515998,4.49
ETWO,2024,Q3,308604861,4.41
ETWO,2024,Q4,309173121,2.66
ETWO,2025,Q1,309922254,2.0
ETWO,2025,Q2,312396535,3.23
EU,2024,Q4,186261281,3.41
EU,2025,Q1,186261281,1.37
EU,2025,Q2,187094534,2.86
EU,2025,Q3,187249534,3.21
EU,2025,Q4,194216153,2.48
EURKU,2025,Q3,3388233,
EURKU,2025,Q4,3388233,
EVAC.U,2025,Q3,12075000,
EVAC.U,2025,Q4,46947857,
EVAX,2025,Q4,417010756,
EVC,2024,Q2,80634381,2.03
EVC,2024,Q3,80634381,2.07
EVC,2024,Q4,81623559,2.35
EVC,2025,Q1,81623559,2.1
EVC,2025,Q2,81623559,2.32
EVC,2025,Q3,81623559,2.33
EVC,2025,Q4,82610691,2.93
EVCM,2024,Q2,184252867,10.98
EVCM,2024,Q3,183483988,10.36
EVCM,2024,Q4,183389354,11.01
EVCM,2025,Q1,182540870,10.08
EVCM,2025,Q2,181278754,10.5
EVCM,2025,Q3,179367379,11.13
EVCM,2025,Q4,177566869,12.11
EVER,2024,Q1,29121059,18.56
EVER,2024,Q2,31479962,20.86
EVER,2024,Q3,31747187,21.09
EVER,2024,Q4,31747187,19.99
EVER,2025,Q1,32552265,26.19
EVER,2025,Q2,32908579,24.18
EVER,2025,Q3,32351643,22.87
EVER,2025,Q4,32425405,27.0
EVEX,2024,Q1,269365708,5.4
EVEX,2024,Q2,290144298,4.05
EVEX,2024,Q3,297644298,3.24
EVEX,2024,Q4,297644298,5.44
EVEX,2025,Q1,297644298,3.32
EVEX,2025,Q2,300848904,6.86
EVEX,2025,Q3,348304584,3.81
EVEX,2025,Q4,348304584,3.99
EVGN,2025,Q4,8718193,
EVGO,2024,Q1,106233357,2.51
EVGO,2024,Q2,106825488,2.45
EVGO,2024,Q3,107352192,4.14
EVGO,2024,Q4,133523073,4.05
EVGO,2025,Q1,134168227,2.66
EVGO,2025,Q2,134690908,3.65
EVGO,2025,Q3,135182733,4.73
EVGO,2025,Q4,140283533,2.91
EVH,2024,Q1,116213123,32.79
EVH,2024,Q2,116290379,19.12
EVH,2024,Q3,116563910,28.28
EVH,2024,Q4,116591148,11.25
EVH,2025,Q1,117399810,9.47
EVH,2025,Q2,117508717,11.26
EVH,2025,Q3,111600856,8.46
EVH,2025,Q4,111638338,4.0
EVI,2025,Q2,12761993,21.83
EVI,2025,Q4,12862149,24.64
EVLV,2024,Q1,156086596,4.45
EVLV,2024,Q2,157550036,2.55
EVLV,2024,Q3,158288746,4.05
EVLV,2024,Q4,159602069,3.95
EVLV,2025,Q1,163996255,3.12
EVLV,2025,Q2,171891467,6.24
EVLV,2025,Q3,174617589,7.55
EVLV,2025,Q4,179350739,7.16
EVO,2025,Q4,177778907,3.08
EVOK,2025,Q3,1722409,
EVR,2024,Q1,38516548,192.59
EVR,2024,Q2,38335567,208.43
EVR,2024,Q3,38068746,253.34
EVR,2024,Q4,39121690,277.19
EVR,2025,Q1,38659364,199.72
EVR,2025,Q2,38597943,270.02
EVR,2025,Q3,38678117,337.32
EVR,2025,Q4,39605448,340.25
EVRG,2024,Q1,229929116,53.38
EVRG,2024,Q2,229958436,52.97
EVRG,2024,Q3,229976171,62.01
EVRG,2024,Q4,230009344,61.55
EVRG,2025,Q1,230090698,68.95
EVRG,2025,Q2,230155314,68.93
EVRG,2025,Q3,230214144,76.02
EVRG,2025,Q4,230281586,72.49
EVRI,2024,Q2,85323580,8.4
EVRI,2024,Q3,86246581,13.14
EVRI,2024,Q4,86437717,13.51
EVRI,2025,Q1,86856253,
EVTC,2024,Q1,64409434,39.9
EVTC,2024,Q2,63978849,33.25
EVTC,2024,Q3,63614077,33.89
EVTC,2024,Q4,63614077,34.53
EVTC,2025,Q1,63614077,36.77
EVTC,2025,Q2,63982005,36.05
EVTC,2025,Q3,63983841,33.78
EVTC,2025,Q4,61758703,29.09
EVTL,2025,Q4,101602621,5.33
EVTV,2025,Q3,4829515,
EVTV,2025,Q4,7736129,
EW,2024,Q1,602600000,95.56
EW,2024,Q2,602400000,92.37
EW,2024,Q3,589800000,65.99
EW,2024,Q4,587900000,74.03
EW,2025,Q1,586600000,72.48
EW,2025,Q2,587100000,78.21
EW,2025,Q3,580300000,77.77
EW,2025,Q4,580800000,85.25
EWBC,2024,Q1,139143317,79.11
EWBC,2024,Q2,138605194,73.23
EWBC,2024,Q3,138629143,82.74
EWBC,2024,Q4,138439815,95.76
EWBC,2025,Q1,137825192,89.76
EWBC,2025,Q2,137821766,100.98
EWBC,2025,Q3,137585604,106.45
EWBC,2025,Q4,137622675,112.39
EWCZ,2024,Q2,48610728,9.93
EWCZ,2024,Q3,47764963,6.8
EWCZ,2024,Q4,44758762,6.67
EWCZ,2025,Q1,43341319,3.95
EWCZ,2025,Q2,43339566,5.63
EWCZ,2025,Q3,43360719,3.99
EWCZ,2025,Q4,43692903,3.6
EWCZ,2026,Q1,44017971,
EWTX,2024,Q2,93772288,18.01
EWTX,2024,Q3,94688517,26.69
EWTX,2024,Q4,95205283,26.7
EWTX,2025,Q1,105200221,22.0
EWTX,2025,Q2,105345708,13.11
EWTX,2025,Q3,105868434,16.22
EWTX,2025,Q4,107270521,24.82
EXAS,2024,Q1,184529721,69.06
EXAS,2024,Q2,184769862,42.25
EXAS,2024,Q3,185076293,68.12
EXAS,2024,Q4,185755406,56.19
EXAS,2025,Q1,188637673,43.29
EXAS,2025,Q2,189319110,53.14
EXAS,2025,Q3,189471298,54.71
EXAS,2025,Q4,190888211,101.56
EXC,2024,Q1,1000025124,37.57
EXC,2024,Q2,1000498207,34.61
EXC,2024,Q3,1004833655,40.55
EXC,2024,Q4,1005217157,37.64
EXC,2025,Q1,1009535664,46.08
EXC,2025,Q2,1009987294,43.42
EXC,2025,Q3,1010290316,45.01
EXC,2025,Q4,1022892585,43.59
EXE,2024,Q1,130958675,88.83
EXE,2024,Q2,131252107,82.19
EXE,2024,Q3,135107576,82.25
EXE,2024,Q4,231769886,99.55
EXE,2025,Q1,237476127,111.32
EXE,2025,Q2,238145675,116.94
EXE,2025,Q3,238169697,106.24
EXE,2025,Q4,240398260,110.36
EXE,2026,Q1,239228849,109.78
EXEL,2024,Q1,291292704,23.73
EXEL,2024,Q2,285251725,22.47
EXEL,2024,Q3,285579020,25.95
EXEL,2024,Q4,285579008,33.3
EXEL,2025,Q1,279881450,36.92
EXEL,2025,Q2,272708280,44.08
EXEL,2025,Q3,269202521,41.3
EXEL,2025,Q4,268112157,43.83
EXEL,2026,Q1,259708689,42.89
EXFY,2024,Q2,76841487,1.49
EXFY,2024,Q3,77155951,1.96
EXFY,2024,Q4,79507184,3.35
EXFY,2025,Q1,80399794,3.04
EXFY,2025,Q2,80549275,2.59
EXFY,2025,Q3,80840150,1.85
EXFY,2025,Q4,80888459,1.51
EXK,2025,Q4,262323863,9.4
EXLS,2024,Q1,162438150,31.8
EXLS,2024,Q2,161404784,31.36
EXLS,2024,Q3,160882437,38.15
EXLS,2024,Q4,162304673,44.38
EXLS,2025,Q1,162694355,47.21
EXLS,2025,Q2,161513147,43.79
EXLS,2025,Q3,158700885,44.03
EXLS,2025,Q4,156383708,42.44
EXLS,2026,Q1,152782931,30.45
EXOD,2025,Q3,9859366,27.78
EXOD,2025,Q4,10626754,14.79
EXOZ,2025,Q3,8387250,
EXOZ,2025,Q4,8478992,
EXP,2023,Q4,34450244,202.84
EXP,2024,Q1,33915345,271.75
EXP,2024,Q2,33618968,217.46
EXP,2024,Q3,33543406,287.65
EXP,2024,Q4,33287642,246.76
EXP,2025,Q1,32704328,221.93
EXP,2025,Q2,32449297,202.11
EXP,2025,Q3,32063877,233.04
EXP,2025,Q4,31432138,206.68
EXPD,2024,Q1,141252246,121.57
EXPD,2024,Q2,141127864,124.79
EXPD,2024,Q3,139975871,131.4
EXPD,2024,Q4,138032017,110.77
EXPD,2025,Q1,136948055,120.25
EXPD,2025,Q2,135718520,114.25
EXPD,2025,Q3,134020931,122.59
EXPD,2025,Q4,133503678,149.01
EXPE,2024,Q1,127224287,137.75
EXPE,2024,Q2,124655998,125.99
EXPE,2024,Q3,122823018,148.02
EXPE,2024,Q4,123333622,186.33
EXPE,2025,Q1,121597444,168.1
EXPE,2025,Q2,118192131,168.68
EXPE,2025,Q3,117009063,213.75
EXPE,2025,Q4,117011421,283.31
EXPI,2024,Q1,154846563,10.33
EXPI,2024,Q2,153733373,11.29
EXPI,2024,Q3,153551386,14.09
EXPI,2024,Q4,154133385,11.51
EXPI,2025,Q1,156169130,9.78
EXPI,2025,Q2,157232312,9.1
EXPI,2025,Q3,158836724,10.66
EXPI,2025,Q4,161049979,9.05
EXPO,2024,Q1,50670271,82.69
EXPO,2024,Q2,50730675,95.12
EXPO,2024,Q3,50764457,115.28
EXPO,2024,Q4,50764500,89.1
EXPO,2025,Q1,50818234,81.06
EXPO,2025,Q2,50751482,74.71
EXPO,2025,Q3,50501135,69.48
EXPO,2025,Q4,49887226,69.46
EXPO,2026,Q1,49254339,65.25
EXR,2024,Q1,211725246,147.0
EXR,2024,Q2,211928695,155.41
EXR,2024,Q3,211983569,180.19
EXR,2024,Q4,211998129,149.6
EXR,2025,Q1,212210881,148.49
EXR,2025,Q2,212253611,147.44
EXR,2025,Q3,212247580,140.94
EXR,2025,Q4,211137672,130.22
EXTR,2024,Q1,129947600,11.54
EXTR,2024,Q2,130337298,13.45
EXTR,2024,Q3,132134921,15.03
EXTR,2024,Q4,132755304,16.74
EXTR,2025,Q1,133167692,13.23
EXTR,2025,Q2,132209606,17.95
EXTR,2025,Q3,133718479,20.65
EXTR,2025,Q4,134269540,16.65
EYE,2024,Q1,78558000,22.16
EYE,2024,Q2,78628000,13.09
EYE,2024,Q3,78691000,10.91
EYE,2024,Q4,78775000,10.42
EYE,2025,Q1,79050000,12.78
EYE,2025,Q2,79196383,23.01
EYE,2025,Q3,79309558,29.19
EYE,2026,Q1,79437185,25.9
EYPT,2024,Q2,53518210,8.7
EYPT,2024,Q3,68251031,7.99
EYPT,2024,Q4,68728760,7.45
EYPT,2025,Q1,68811736,5.42
EYPT,2025,Q2,68927425,9.41
EYPT,2025,Q3,82787220,14.24
EYPT,2025,Q4,83431950,18.27
EZPW,2024,Q2,51769716,10.47
EZPW,2024,Q4,51968414,12.22
EZPW,2025,Q1,55014000,14.72
EZPW,2025,Q2,60963000,13.88
EZPW,2025,Q3,60892000,19.04
EZPW,2025,Q4,61695000,19.42
F,2024,Q1,3921485081,13.28
F,2024,Q2,3904397609,12.54
F,2024,Q3,3903436517,10.56
F,2024,Q4,3892595628,9.9
F,2025,Q1,3905696769,10.03
F,2025,Q2,3909008221,10.85
F,2025,Q3,3913646490,11.96
F,2025,Q4,3918623149,13.12
FA,2024,Q2,145407414,16.07
FA,2024,Q3,172652487,19.85
FA,2024,Q4,173512611,18.73
FA,2025,Q1,173673549,14.09
FA,2025,Q2,173990560,16.61
FA,2025,Q3,174114958,15.39
FA,2025,Q4,174319117,14.53
FACT,2024,Q4,18488125,
FACT,2025,Q1,18488125,10.02
FACTU,2025,Q3,18488125,
FACTU,2025,Q4,18488125,
FAF,2024,Q1,103723643,61.05
FAF,2024,Q2,102887649,53.95
FAF,2024,Q3,103003922,66.01
FAF,2024,Q4,102800000,62.44
FAF,2025,Q1,102900000,65.63
FAF,2025,Q2,101800000,61.39
FAF,2025,Q3,101900000,64.24
FAF,2025,Q4,101900000,61.44
FAF,2026,Q1,101900000,60.29
FANG,2024,Q1,178343733,198.17
FANG,2024,Q2,178394452,200.19
FANG,2024,Q3,291989194,172.4
FANG,2024,Q4,289440898,163.83
FANG,2025,Q1,292167960,159.88
FANG,2025,Q2,289486120,137.4
FANG,2025,Q3,286525614,143.1
FANG,2025,Q4,282078989,150.33
FARM,2025,Q2,21592496,1.37
FARM,2025,Q4,21727157,1.46
FARO,2024,Q1,19205873,21.51
FARO,2024,Q2,19496573,16.0
FARO,2024,Q3,18917323,19.14
FARO,2024,Q4,18981676,25.36
FARO,2025,Q1,19226240,27.3
FAST,2024,Q1,572547449,77.14
FAST,2024,Q2,572646104,62.84
FAST,2024,Q3,572886495,71.42
FAST,2024,Q4,573419704,71.91
FAST,2025,Q1,573620638,77.55
FAST,2025,Q2,1147636617,42.0
FAST,2025,Q3,1148035721,49.04
FAST,2025,Q4,1148179210,40.13
FAST,2026,Q1,1148035061,46.4
FATBB,2025,Q3,1270805,
FATE,2024,Q1,113831969,7.34
FATE,2024,Q2,113877884,3.28
FATE,2024,Q3,113894333,3.5
FATE,2024,Q4,114597425,1.65
FATE,2025,Q1,114633022,0.79
FATE,2025,Q2,115329697,1.12
FATE,2025,Q3,115352289,1.26
FATE,2025,Q4,116263459,0.98
FATN,2025,Q1,13817488,
FATN,2025,Q4,13924468,
FBIN,2024,Q1,125078708,84.67
FBIN,2024,Q2,124107680,64.94
FBIN,2024,Q3,124225631,89.53
FBIN,2024,Q4,122576651,68.33
FBIN,2025,Q1,120260641,60.88
FBIN,2025,Q2,120038875,51.48
FBIN,2025,Q3,120138358,53.39
FBIN,2025,Q4,119988377,50.02
FBIO,2025,Q3,31037937,3.7
FBIO,2025,Q4,32202564,3.66
FBIZ,2025,Q3,8324258,51.26
FBIZ,2025,Q4,8342827,54.3
FBIZ,2026,Q1,8362166,
FBK,2024,Q2,46643150,39.03
FBK,2024,Q3,46662052,46.93
FBK,2024,Q4,46678175,51.51
FBK,2025,Q1,45952178,46.36
FBK,2025,Q2,53848882,45.3
FBK,2025,Q3,53462482,55.74
FBK,2025,Q4,51757557,55.8
FBLA,2025,Q3,19837500,12.02
FBLA,2025,Q4,17159436,12.85
FBLG,2025,Q3,51456077,0.55
FBLG,2025,Q4,67594722,0.22
FBNC,2024,Q2,41278816,31.92
FBNC,2024,Q3,41341919,41.59
FBNC,2024,Q4,41359298,43.97
FBNC,2025,Q1,41420164,40.14
FBNC,2025,Q2,41462418,44.09
FBNC,2025,Q3,41465329,52.89
FBNC,2025,Q4,41477259,50.79
FBP,2024,Q1,166427105,17.54
FBP,2024,Q2,163865756,18.29
FBP,2024,Q3,163870232,21.17
FBP,2024,Q4,163866701,18.59
FBP,2025,Q1,161542570,19.17
FBP,2025,Q2,160469644,20.83
FBP,2025,Q3,157936923,22.05
FBP,2025,Q4,156565063,20.73
FBRT,2024,Q1,83254483,13.36
FBRT,2024,Q2,83054639,12.6
FBRT,2024,Q3,83066789,13.06
FBRT,2024,Q4,83066789,12.54
FBRT,2025,Q1,82870769,12.74
FBRT,2025,Q2,82274846,10.69
FBRT,2025,Q3,81606608,10.86
FBRT,2025,Q4,80965793,10.03
FBRX,2025,Q3,12526935,15.0
FBRX,2025,Q4,13885668,27.27
FBYD,2025,Q3,37247805,11.02
FBYD,2025,Q4,48949742,15.01
FC,2025,Q3,12155832,19.41
FC,2025,Q4,11552552,16.78
FC,2026,Q1,11272444,
FCAP,2025,Q3,3347627,45.8
FCAP,2025,Q4,3345531,59.2
FCBC,2025,Q3,18314905,34.8
FCBC,2025,Q4,19075028,33.73
FCCO,2025,Q3,7689694,28.22
FCCO,2025,Q4,9384045,29.65
FCEL,2024,Q2,497046680,0.64
FCEL,2024,Q3,556009549,0.38
FCEL,2024,Q4,20449715,9.04
FCEL,2025,Q1,21143772,4.59
FCEL,2025,Q2,22790931,5.61
FCEL,2025,Q3,32295476,7.8
FCEL,2025,Q4,47736734,7.31
FCEL,2026,Q1,52977866,
FCF,2024,Q2,102363222,13.81
FCF,2024,Q3,101782705,17.15
FCF,2024,Q4,101852168,16.92
FCF,2025,Q1,104939033,15.54
FCF,2025,Q2,104538804,16.23
FCF,2025,Q3,103765987,17.05
FCF,2025,Q4,102143230,16.86
FCFS,2024,Q1,45473298,127.54
FCFS,2024,Q2,44752348,104.88
FCFS,2024,Q3,44752348,114.8
FCFS,2024,Q4,44760746,103.6
FCFS,2025,Q1,44364566,120.32
FCFS,2025,Q2,44364566,135.14
FCFS,2025,Q3,44134150,158.42
FCFS,2025,Q4,43984696,159.38
FCFS,2026,Q1,43836687,188.0
FCN,2024,Q1,35697614,210.29
FCN,2024,Q2,35902232,215.53
FCN,2024,Q3,35944329,227.56
FCN,2024,Q4,35922453,191.13
FCN,2025,Q1,34286988,164.08
FCN,2025,Q2,32358170,161.5
FCN,2025,Q3,30876070,161.65
FCN,2025,Q4,30581897,170.83
FCNCA,2024,Q1,13524550,1635.0
FCNCA,2024,Q2,13460788,1683.61
FCNCA,2024,Q3,12984310,1840.95
FCNCA,2024,Q4,12572063,2113.02
FCNCA,2025,Q1,12283675,1854.12
FCNCA,2025,Q2,11916011,1956.47
FCNCA,2025,Q3,11430367,1789.16
FCNCA,2025,Q4,10931991,2146.18
FCPT,2024,Q1,91986471,24.47
FCPT,2024,Q2,92664568,24.67
FCPT,2024,Q3,96733796,29.31
FCPT,2024,Q4,99970872,27.14
FCPT,2025,Q1,100472006,28.7
FCPT,2025,Q2,104464312,26.91
FCPT,2025,Q3,106082013,24.4
FCPT,2025,Q4,109745042,23.06
FCUV,2025,Q3,7386705,
FCUV,2025,Q4,1025135,
FCX,2024,Q1,1436489977,47.02
FCX,2024,Q2,1436856316,48.6
FCX,2024,Q3,1436927710,49.92
FCX,2024,Q4,1437073006,38.08
FCX,2025,Q1,1436200253,37.86
FCX,2025,Q2,1435774134,43.35
FCX,2025,Q3,1435930660,39.22
FCX,2025,Q4,1437201606,50.79
FDBC,2025,Q3,5767286,43.83
FDBC,2025,Q4,5805183,43.53
FDMT,2024,Q2,51969590,20.99
FDMT,2024,Q3,46227709,10.81
FDMT,2024,Q4,46302407,5.57
FDMT,2025,Q1,46324642,3.23
FDMT,2025,Q2,46702467,3.71
FDMT,2025,Q3,57135075,8.69
FDMT,2025,Q4,51051487,7.5
FDP,2024,Q1,47896132,25.91
FDP,2024,Q2,47935668,21.85
FDP,2024,Q3,47939120,29.54
FDP,2024,Q4,47940300,33.21
FDP,2025,Q1,47924409,30.83
FDP,2025,Q2,47974940,32.42
FDP,2025,Q3,47774777,34.72
FDP,2025,Q4,47383526,35.63
FDS,2024,Q1,38115834,454.39
FDS,2024,Q2,38039989,408.27
FDS,2024,Q3,37988845,459.85
FDS,2024,Q4,38030046,480.28
FDS,2025,Q1,37947057,454.64
FDS,2025,Q2,42962994,447.28
FDS,2025,Q3,37456326,286.49
FDS,2025,Q4,37099259,290.19
FDS,2026,Q1,36431127,216.99
FDSB,2025,Q3,5522750,13.83
FDSB,2025,Q4,5293801,15.0
FDUS,2025,Q3,36427491,20.26
FDUS,2025,Q4,37954364,19.3
FDX,2024,Q1,246080750,289.74
FDX,2024,Q2,244302246,299.84
FDX,2024,Q3,244323464,273.68
FDX,2024,Q4,240850603,281.33
FDX,2025,Q1,239598919,243.78
FDX,2025,Q2,235899098,227.31
FDX,2025,Q3,235955461,235.81
FDX,2025,Q4,235122816,288.86
FDX,2026,Q1,238606756,356.18
FE,2024,Q1,575516472,38.62
FE,2024,Q2,575922417,38.27
FE,2024,Q3,576317004,44.35
FE,2024,Q4,576697425,39.78
FE,2025,Q1,577156244,40.42
FE,2025,Q2,577403931,40.26
FE,2025,Q3,577665555,45.82
FE,2025,Q4,577932879,44.77
FE,2026,Q1,578431175,50.66
FEAM,2025,Q2,22444587,
FEAM,2025,Q4,41511883,3.05
FEIM,2025,Q2,9727928,22.71
FEIM,2025,Q4,9777647,53.84
FEIM,2026,Q1,9841927,
FELE,2024,Q1,46080284,106.81
FELE,2024,Q2,45672183,96.32
FELE,2024,Q3,45687354,104.82
FELE,2024,Q4,45717687,97.45
FELE,2025,Q1,45595871,93.88
FELE,2025,Q2,44484632,89.74
FELE,2025,Q3,44510381,95.2
FELE,2025,Q4,44202147,95.53
FEMY,2025,Q3,58479824,0.35
FEMY,2025,Q4,60390686,0.58
FENC,2025,Q3,28116829,9.36
FENC,2025,Q4,34475178,7.7
FER,2025,Q4,720626181,64.61
FERAU,2025,Q1,23600000,10.07
FERAU,2025,Q2,23600000,
FERAU,2025,Q3,23600000,
FERAU,2025,Q4,23600000,
FERG,2024,Q3,200739472,198.57
FERG,2024,Q4,199945642,173.57
FERG,2025,Q1,198700177,160.23
FERG,2025,Q2,197181036,217.75
FERG,2025,Q3,196151443,224.58
FERG,2025,Q4,195545957,222.63
FET,2025,Q3,11377958,26.71
FET,2025,Q4,11256150,36.95
FF,2024,Q2,43763243,5.13
FF,2024,Q3,43763243,5.75
FF,2024,Q4,43803243,5.29
FF,2025,Q1,43803243,3.9
FF,2025,Q2,43803243,3.88
FF,2025,Q3,43803243,3.88
FF,2025,Q4,43863507,3.19
FFAI,2025,Q3,169300958,1.3
FFAI,2025,Q4,248764702,1.02
FFBC,2024,Q1,95459807,22.42
FFBC,2024,Q2,95481794,22.22
FFBC,2024,Q3,95489153,25.23
FFBC,2024,Q4,95423752,26.88
FFBC,2025,Q1,95736156,24.98
FFBC,2025,Q2,95753956,24.26
FFBC,2025,Q3,98529694,25.25
FFBC,2025,Q4,104586093,25.02
FFIC,2024,Q2,29068880,13.15
FFIC,2024,Q3,29068903,14.58
FFIC,2024,Q4,33776688,14.28
FFIC,2025,Q1,33777008,12.7
FFIC,2025,Q2,33778438,11.88
FFIC,2025,Q3,33778438,13.81
FFIC,2025,Q4,33883626,15.17
FFIN,2024,Q1,142841009,32.81
FFIN,2024,Q2,142850708,29.53
FFIN,2024,Q3,142910170,37.01
FFIN,2024,Q4,142977406,36.05
FFIN,2025,Q1,143050318,35.92
FFIN,2025,Q2,143103862,35.98
FFIN,2025,Q3,143206102,33.65
FFIN,2025,Q4,143228602,29.87
FFIV,2024,Q1,58611430,189.59
FFIV,2024,Q2,58284449,172.23
FFIV,2024,Q3,58614865,220.2
FFIV,2024,Q4,57652256,251.47
FFIV,2025,Q1,57431570,266.27
FFIV,2025,Q2,57447170,294.32
FFIV,2025,Q3,58089614,323.19
FFIV,2025,Q4,56519273,255.26
FFWM,2024,Q2,67852058,6.55
FFWM,2024,Q3,82345084,6.24
FFWM,2024,Q4,82365388,6.21
FFWM,2025,Q1,82386071,5.19
FFWM,2025,Q2,82386071,5.1
FFWM,2025,Q3,82884401,5.57
FFWM,2025,Q4,82926292,6.16
FG,2024,Q1,126139161,40.55
FG,2024,Q2,126098548,38.05
FG,2024,Q3,126093561,44.72
FG,2024,Q4,126773653,41.44
FG,2025,Q1,134762569,36.05
FG,2025,Q2,134648802,31.98
FG,2025,Q3,134619537,31.27
FG,2025,Q4,135610118,30.85
FGBI,2025,Q3,15352947,8.02
FGBI,2025,Q4,15793433,5.37
FGEN,2024,Q2,100400786,0.89
FGEN,2024,Q3,100770153,0.4
FGEN,2024,Q4,100916956,0.53
FGEN,2025,Q1,101043970,0.31
FGEN,2025,Q2,4043899,
FGEN,2025,Q3,4045445,
FGEN,2025,Q4,4046827,
FGF,2025,Q3,39574350,5.49
FGF,2025,Q4,6530207,2.75
FGI,2025,Q3,1920140,
FGI,2025,Q4,1920140,
FGMCU,2025,Q3,10295800,
FGMCU,2025,Q4,10295800,
FHB,2024,Q1,127841908,21.96
FHB,2024,Q2,127886167,20.76
FHB,2024,Q3,127886167,23.15
FHB,2024,Q4,126422898,25.95
FHB,2025,Q1,125719312,24.44
FHB,2025,Q2,124627544,24.96
FHB,2025,Q3,123719585,24.83
FHB,2025,Q4,122689256,25.3
FHI,2024,Q1,84149976,36.12
FHI,2024,Q2,82600376,32.88
FHI,2024,Q3,81804712,36.77
FHI,2024,Q4,81759679,41.11
FHI,2025,Q1,79096157,40.77
FHI,2025,Q2,77551065,44.32
FHI,2025,Q3,77537867,51.93
FHI,2025,Q4,75965666,52.07
FHN,2024,Q1,546867683,15.4
FHN,2024,Q2,535893064,15.77
FHN,2024,Q3,530138241,15.53
FHN,2024,Q4,521769746,20.14
FHN,2025,Q1,507233437,19.42
FHN,2025,Q2,507747624,21.2
FHN,2025,Q3,492394106,22.61
FHN,2025,Q4,483188645,23.9
FHTX,2024,Q2,55328655,5.75
FHTX,2024,Q3,55593131,9.31
FHTX,2024,Q4,55612239,4.72
FHTX,2025,Q1,55741373,3.65
FHTX,2025,Q2,56529969,4.7
FHTX,2025,Q3,56551289,4.89
FHTX,2025,Q4,58700246,5.4
FI,2024,Q1,585101873,159.82
FI,2024,Q2,575725190,149.04
FI,2024,Q3,568918735,179.65
FI,2024,Q4,561288944,205.42
FI,2025,Q1,554433824,220.83
FI,2025,Q2,543593180,172.41
FI,2025,Q3,537851887,128.93
FI,2025,Q4,534777512,67.17
FIBK,2024,Q1,104568019,27.21
FIBK,2024,Q2,104548149,27.77
FIBK,2024,Q3,104529863,30.68
FIBK,2024,Q4,104531312,32.47
FIBK,2025,Q1,104887137,28.65
FIBK,2025,Q2,104856752,28.82
FIBK,2025,Q3,102890614,31.87
FIBK,2025,Q4,101118302,34.6
FICO,2024,Q1,24710938,1249.61
FICO,2024,Q2,24518533,1488.66
FICO,2024,Q3,24347903,1943.52
FICO,2024,Q4,24418138,1990.93
FICO,2025,Q1,24341690,1844.16
FICO,2025,Q2,24003656,1827.96
FICO,2025,Q3,23709047,1496.53
FICO,2025,Q4,23722134,1690.62
FICO,2026,Q1,23190906,1067.54
FIEE,2025,Q3,6295961,
FIEE,2025,Q4,7934122,
FIGS,2024,Q1,161944492,4.98
FIGS,2024,Q2,162576575,5.33
FIGS,2024,Q3,161526637,6.84
FIGS,2024,Q4,154236572,6.19
FIGS,2025,Q1,154267492,4.59
FIGS,2025,Q2,154989563,5.64
FIGS,2025,Q3,156215058,6.69
FIGS,2025,Q4,158093481,11.36
FIGXU,2025,Q3,15508470,
FIGXU,2025,Q4,15508470,
FIHL,2025,Q4,96651534,19.57
FINV,2024,Q3,146004992,6.18
FINV,2024,Q4,146004992,6.79
FINV,2025,Q1,146004992,9.63
FINV,2025,Q3,253250000,7.37
FINV,2025,Q4,259845042,5.23
FINW,2025,Q3,13586921,19.39
FINW,2025,Q4,13676859,
FIP,2024,Q2,105043614,8.63
FIP,2024,Q3,113745115,9.36
FIP,2024,Q4,113941865,7.26
FIP,2025,Q1,114761435,4.53
FIP,2025,Q2,115087817,6.17
FIP,2025,Q3,116294461,4.36
FIP,2025,Q4,118163555,4.61
FIS,2024,Q1,556251447,74.18
FIS,2024,Q2,545565929,75.36
FIS,2024,Q3,538354354,83.75
FIS,2024,Q4,529691586,80.77
FIS,2025,Q1,525395053,74.68
FIS,2025,Q2,522378577,81.41
FIS,2025,Q3,517850764,65.94
FIS,2025,Q4,514403688,66.46
FISI,2024,Q2,15472395,19.32
FISI,2024,Q3,15474314,25.47
FISI,2024,Q4,20077893,27.29
FISI,2025,Q1,20109712,24.96
FISI,2025,Q2,20129633,25.68
FISI,2025,Q3,20130546,27.2
FISI,2025,Q4,19634210,31.17
FITB,2024,Q1,684044683,37.21
FITB,2024,Q2,676797447,36.49
FITB,2024,Q3,670543312,42.84
FITB,2024,Q4,665618316,42.28
FITB,2025,Q1,667492181,39.2
FITB,2025,Q2,661887239,41.13
FITB,2025,Q3,661011769,44.55
FITB,2025,Q4,901819022,46.81
FIVE,2024,Q1,55235131,181.38
FIVE,2024,Q2,55071035,108.97
FIVE,2024,Q3,55004931,88.35
FIVE,2024,Q4,55009629,104.96
FIVE,2025,Q1,55049358,74.92
FIVE,2025,Q2,55058005,131.18
FIVE,2025,Q3,55145462,154.7
FIVE,2025,Q4,55157085,188.36
FIVE,2026,Q1,55238434,228.48
FIVN,2024,Q1,73867985,62.11
FIVN,2024,Q2,74736098,44.1
FIVN,2024,Q3,75208409,28.73
FIVN,2024,Q4,75809562,40.64
FIVN,2025,Q1,76272014,27.15
FIVN,2025,Q2,77262690,26.48
FIVN,2025,Q3,78216052,24.2
FIVN,2025,Q4,76495680,20.05
FIX,2024,Q1,35721909,317.71
FIX,2024,Q2,35676594,304.12
FIX,2024,Q3,35592558,390.35
FIX,2024,Q4,35553062,424.06
FIX,2025,Q1,35274843,322.33
FIX,2025,Q2,35281452,536.21
FIX,2025,Q3,35271950,825.18
FIX,2025,Q4,35174967,933.29
FIX,2026,Q1,35202424,1378.99
FIZZ,2024,Q1,93541346,47.46
FIZZ,2024,Q2,93580046,51.24
FIZZ,2024,Q3,93611846,46.94
FIZZ,2024,Q4,93614646,42.67
FIZZ,2025,Q1,93620246,41.54
FIZZ,2025,Q2,93620246,43.24
FIZZ,2025,Q3,93620246,36.92
FIZZ,2025,Q4,93632102,31.89
FIZZ,2026,Q1,93632102,
FKWL,2025,Q2,11784280,4.18
FKWL,2025,Q4,11784280,4.37
FL,2023,Q4,94161807,31.15
FL,2024,Q1,94494579,28.5
FL,2024,Q2,94718024,24.92
FL,2024,Q3,94851932,25.84
FL,2024,Q4,94888861,21.76
FL,2025,Q1,94954372,14.1
FL,2025,Q2,95277635,24.5
FL,2025,Q3,95576110,
FLD,2025,Q3,48307642,3.86
FLD,2025,Q4,49831298,
FLEX,2023,Q4,421163217,30.46
FLEX,2024,Q1,401640807,28.61
FLEX,2024,Q2,397071279,29.49
FLEX,2024,Q3,387783445,33.43
FLEX,2024,Q4,383103055,38.39
FLEX,2025,Q1,373315616,33.08
FLEX,2025,Q2,375324843,49.92
FLEX,2025,Q3,369790328,57.97
FLEX,2025,Q4,367673924,60.42
FLG,2024,Q1,820716107,3.22
FLG,2024,Q2,351432565,3.22
FLG,2024,Q3,415114894,11.23
FLG,2024,Q4,414720220,9.33
FLG,2025,Q1,415079910,11.62
FLG,2025,Q2,415574267,10.6
FLG,2025,Q3,415755877,11.55
FLG,2025,Q4,415993081,12.59
FLGC,2025,Q4,2430808,
FLGT,2024,Q1,29924288,21.7
FLGT,2024,Q2,30296682,19.62
FLGT,2024,Q3,30586811,21.73
FLGT,2024,Q4,30829454,18.47
FLGT,2025,Q1,30443595,16.9
FLGT,2025,Q2,30609044,19.88
FLGT,2025,Q3,30912392,22.6
FLGT,2025,Q4,31230632,26.27
FLIC,2024,Q2,22531272,10.02
FLIC,2024,Q3,22543670,12.87
FLIC,2024,Q4,22635334,11.68
FLIC,2025,Q1,22679517,
FLL,2024,Q1,34637361,5.57
FLL,2024,Q2,34799896,5.0
FLL,2024,Q3,35601097,5.02
FLL,2024,Q4,35875647,4.08
FLL,2025,Q1,35975647,4.18
FLL,2025,Q2,36111498,3.66
FLL,2025,Q3,36121498,3.21
FLL,2025,Q4,36183070,2.61
FLNC,2024,Q2,128991227,17.34
FLNC,2024,Q3,129621279,22.71
FLNC,2024,Q4,130049960,15.88
FLNC,2025,Q1,130718873,4.85
FLNC,2025,Q2,131006984,6.71
FLNC,2025,Q3,131369447,10.8
FLNC,2025,Q4,132436078,19.78
FLNG,2024,Q3,53870800,25.44
FLNG,2024,Q4,53939800,22.94
FLNG,2025,Q1,54087800,22.99
FLNG,2025,Q3,53870000,25.2
FLNG,2025,Q4,54092376,24.95
FLNT,2025,Q3,30287597,2.22
FLNT,2025,Q4,29810156,
FLO,2024,Q2,211141599,22.2
FLO,2024,Q3,210597138,23.07
FLO,2024,Q4,210844731,20.66
FLO,2025,Q1,210844992,19.01
FLO,2025,Q2,211138385,15.98
FLO,2025,Q3,211178225,13.05
FLO,2025,Q4,211178225,10.88
FLO,2026,Q1,211554322,8.15
FLOC,2025,Q1,25729432,25.65
FLOC,2025,Q2,25737244,17.81
FLOC,2025,Q3,28263707,14.85
FLOC,2025,Q4,29647189,18.74
FLR,2024,Q1,171190541,42.28
FLR,2024,Q2,171288056,43.55
FLR,2024,Q3,171515867,47.71
FLR,2024,Q4,168786393,49.32
FLR,2025,Q1,164664708,35.82
FLR,2025,Q2,161664371,51.27
FLR,2025,Q3,161182507,42.07
FLR,2025,Q4,146564673,39.63
FLS,2024,Q1,131654386,45.68
FLS,2024,Q2,131374455,48.1
FLS,2024,Q3,131376479,51.69
FLS,2024,Q4,131745177,57.52
FLS,2025,Q1,130728620,48.84
FLS,2025,Q2,130782241,52.35
FLS,2025,Q3,127115509,53.14
FLS,2025,Q4,127260329,69.38
FLUT,2024,Q1,177569013,197.49
FLUT,2024,Q2,177723653,182.36
FLUT,2024,Q3,178035332,237.28
FLUT,2024,Q4,177470787,258.45
FLUT,2025,Q1,176687870,221.55
FLUT,2025,Q2,176099559,285.76
FLUT,2025,Q3,175274718,254.0
FLUT,2025,Q4,175301968,215.04
FLUX,2025,Q2,16835698,1.51
FLUX,2025,Q4,21340135,1.27
FLWS,2024,Q1,37141975,10.83
FLWS,2024,Q2,37152140,9.52
FLWS,2024,Q3,36782727,7.93
FLWS,2024,Q4,36532944,8.17
FLWS,2025,Q1,36495311,5.9
FLWS,2025,Q2,36550679,4.92
FLWS,2025,Q3,36598694,4.6
FLWS,2025,Q4,36997584,3.93
FLXS,2025,Q2,5275963,36.03
FLXS,2025,Q4,5345510,39.49
FLXS,2026,Q1,5355531,
FLYE,2025,Q1,4917500,
FLYE,2025,Q3,1632386,
FLYE,2025,Q4,1632386,
FLYW,2024,Q1,122327674,24.81
FLYW,2024,Q2,123389828,16.39
FLYW,2024,Q3,122543757,16.39
FLYW,2024,Q4,121719438,20.62
FLYW,2025,Q1,119685024,9.5
FLYW,2025,Q2,120437014,11.7
FLYW,2025,Q3,120253612,13.54
FLYW,2025,Q4,119330978,14.16
FLYX,2025,Q3,20757668,4.94
FLYX,2025,Q4,44422030,4.11
FLYY,2025,Q3,27044569,
FLYY,2025,Q4,28320815,
FMAO,2025,Q3,13749944,25.01
FMAO,2025,Q4,13748074,24.72
FMBH,2024,Q2,23905252,32.88
FMBH,2024,Q3,23911668,38.91
FMBH,2024,Q4,23982333,36.82
FMBH,2025,Q1,23988995,34.9
FMBH,2025,Q2,23997367,37.49
FMBH,2025,Q3,24003654,37.88
FMBH,2025,Q4,24082479,39.0
FMC,2024,Q1,124817570,63.7
FMC,2024,Q2,124824364,57.55
FMC,2024,Q3,124835582,65.94
FMC,2024,Q4,124840902,48.61
FMC,2025,Q1,124909227,42.19
FMC,2025,Q2,124911586,41.75
FMC,2025,Q3,124920067,33.63
FMC,2025,Q4,124934056,13.87
FMNB,2024,Q2,37576150,12.49
FMNB,2024,Q3,37587732,15.12
FMNB,2024,Q4,37614636,14.22
FMNB,2025,Q1,37640525,13.05
FMNB,2025,Q2,37646549,13.79
FMNB,2025,Q3,37653183,14.41
FMNB,2025,Q4,37672309,13.32
FMS,2025,Q4,279288885,23.82
FMX,2024,Q3,216118000,98.71
FMX,2024,Q4,357823008,85.49
FMX,2025,Q1,347003008,97.58
FMX,2025,Q3,357790000,98.63
FMX,2025,Q4,345537215,101.07
FN,2024,Q1,36145246,189.02
FN,2024,Q2,36151016,244.79
FN,2024,Q3,36267888,236.44
FN,2024,Q4,35989630,219.88
FN,2025,Q1,35830654,197.51
FN,2025,Q2,35729581,294.68
FN,2025,Q3,35827210,364.62
FN,2025,Q4,35826117,455.28
FNB,2024,Q1,359752833,14.1
FNB,2024,Q2,359571111,13.68
FNB,2024,Q3,359585508,14.11
FNB,2024,Q4,359717581,14.78
FNB,2025,Q1,359806382,13.45
FNB,2025,Q2,359143514,14.58
FNB,2025,Q3,358136583,16.11
FNB,2025,Q4,357389017,17.1
FND,2024,Q1,107011860,129.62
FND,2024,Q2,107163459,99.41
FND,2024,Q3,107231341,124.17
FND,2024,Q4,107395508,99.7
FND,2025,Q1,107605986,80.47
FND,2025,Q2,107691475,75.96
FND,2025,Q3,107756127,73.7
FND,2025,Q4,107875310,60.89
FNF,2024,Q1,273238230,53.1
FNF,2024,Q2,273459670,49.42
FNF,2024,Q3,273639207,62.06
FNF,2024,Q4,274989699,56.14
FNF,2025,Q1,274639798,65.08
FNF,2025,Q2,271722556,56.06
FNF,2025,Q3,271122556,60.49
FNF,2025,Q4,271137574,54.59
FNGR,2025,Q1,57581186,1.37
FNGR,2025,Q4,61281308,1.23
FNKO,2024,Q1,52165571,6.24
FNKO,2024,Q2,52506317,9.76
FNKO,2024,Q3,52722832,12.22
FNKO,2024,Q4,53887267,13.39
FNKO,2025,Q1,54287354,6.86
FNKO,2025,Q2,54717577,4.76
FNKO,2025,Q3,54742995,3.44
FNKO,2025,Q4,55444604,3.4
FNLC,2025,Q3,11219320,26.26
FNLC,2025,Q4,11270319,26.44
FNV,2024,Q3,192427008,124.25
FNV,2024,Q4,192492992,117.59
FNV,2025,Q1,192584992,157.56
FNV,2025,Q3,192780000,222.91
FNV,2025,Q4,192798692,207.28
FNWB,2025,Q3,9462150,7.87
FNWB,2025,Q4,9450547,
FNWD,2025,Q3,4327000,32.09
FNWD,2025,Q4,4330486,35.19
FOA,2025,Q3,7891348,22.43
FOA,2025,Q4,8551931,24.21
FOLD,2024,Q1,296198963,11.78
FOLD,2024,Q2,296590931,9.92
FOLD,2024,Q3,298805773,10.68
FOLD,2024,Q4,300116081,9.42
FOLD,2025,Q1,307930984,8.16
FOLD,2025,Q2,308239374,5.73
FOLD,2025,Q3,308533548,7.88
FOLD,2025,Q4,314000712,14.24
FONR,2025,Q2,6203465,14.96
FONR,2025,Q4,6173008000,18.56
FOR,2024,Q2,50653637,31.99
FOR,2024,Q4,50675397,25.92
FOR,2025,Q1,50823800,21.14
FOR,2025,Q2,50833171,20.0
FOR,2025,Q3,50842077,26.59
FOR,2025,Q4,50892080,24.63
FOR,2026,Q1,51008733,
FORA,2025,Q3,31072252,2.25
FORA,2025,Q4,31208751,2.12
FORD,2025,Q3,86459465,25.57
FORD,2025,Q4,83139037,6.61
FORLU,2025,Q2,1014517,
FORM,2024,Q1,77241118,45.63
FORM,2024,Q2,77281052,60.53
FORM,2024,Q3,77447989,46.0
FORM,2024,Q4,77114633,44.0
FORM,2025,Q1,77075636,28.29
FORM,2025,Q2,77114214,34.41
FORM,2025,Q3,77517097,36.42
FORM,2025,Q4,77917947,55.78
FORR,2025,Q3,19003000,10.6
FORR,2025,Q4,19176000,8.12
FOSL,2024,Q1,52933239,1.02
FOSL,2024,Q2,53134303,1.44
FOSL,2024,Q3,53193974,1.17
FOSL,2024,Q4,53258663,1.67
FOSL,2025,Q1,53258700,1.15
FOSL,2025,Q2,53634347,1.48
FOSL,2025,Q3,53785369,2.57
FOSL,2025,Q4,54640589,3.76
FOSL,2026,Q1,58355464,
FOUR,2024,Q1,62018362,66.07
FOUR,2024,Q2,65195489,73.35
FOUR,2024,Q3,68664969,88.6
FOUR,2024,Q4,67777180,103.78
FOUR,2025,Q1,67471184,81.71
FOUR,2025,Q2,67291183,99.11
FOUR,2025,Q3,67564638,77.4
FOUR,2025,Q4,63666837,62.97
FOX,2024,Q1,231150132,28.62
FOX,2024,Q2,224646403,32.02
FOX,2024,Q3,221155155,38.8
FOX,2024,Q4,217846833,45.74
FOX,2025,Q1,214037161,52.71
FOX,2025,Q2,235581025,51.63
FOX,2025,Q3,235581025,57.29
FOX,2025,Q4,224702222,64.93
FOXA,2024,Q1,231150132,31.27
FOXA,2024,Q2,224646403,34.37
FOXA,2024,Q3,221155155,42.33
FOXA,2024,Q4,217846833,48.58
FOXA,2025,Q1,214037161,56.6
FOXA,2025,Q3,443940000,63.06
FOXA,2025,Q4,443942721,73.07
FOXF,2024,Q1,41615755,52.07
FOXF,2024,Q2,41683211,48.19
FOXF,2024,Q3,41683396,41.5
FOXF,2024,Q4,41683400,30.27
FOXF,2025,Q1,41683905,23.34
FOXF,2025,Q2,41712398,25.94
FOXF,2025,Q3,41800557,24.29
FOXF,2025,Q4,41801357,17.11
FOXF,2026,Q1,41802281,
FOXO,2025,Q3,526520303,
FOXO,2025,Q4,2495660151,
FOXX,2025,Q2,6780597,
FOXX,2025,Q4,7005191,
FPH,2024,Q2,69358504,2.93
FPH,2024,Q3,69358504,4.15
FPH,2024,Q4,69478342,3.78
FPH,2025,Q1,69858638,5.34
FPH,2025,Q2,69861335,5.5
FPH,2025,Q3,70971448,6.13
FPH,2025,Q4,71330106,5.59
FPH,2026,Q1,72406686,
FPI,2024,Q1,48154991,11.1
FPI,2024,Q2,48166860,11.53
FPI,2024,Q3,48172637,10.45
FPI,2024,Q4,45894404,11.76
FPI,2025,Q1,45990035,11.15
FPI,2025,Q2,44164368,11.51
FPI,2025,Q3,43097555,10.88
FPI,2025,Q4,43537886,9.69
FR,2024,Q1,132341354,52.54
FR,2024,Q2,132346095,47.51
FR,2024,Q3,132348500,55.98
FR,2024,Q4,132393216,50.13
FR,2025,Q1,132398053,53.96
FR,2025,Q2,132405000,48.13
FR,2025,Q3,132422260,51.47
FR,2025,Q4,132524261,57.27
FR,2026,Q1,132570424,57.85
FRAF,2025,Q3,4479037,46.0
FRAF,2025,Q4,4482893,50.2
FRD,2025,Q1,7059440,14.89
FRD,2025,Q4,7112182,20.49
FRGE,2024,Q1,180011227,1.93
FRGE,2024,Q2,182670074,1.46
FRGE,2024,Q3,184320636,1.31
FRGE,2024,Q4,188142822,0.93
FRGE,2025,Q1,184923675,0.56
FRGE,2025,Q2,13601362,19.04
FRGE,2025,Q3,13756621,16.9
FRGT,2025,Q2,2752322,
FRHC,2025,Q1,61205640,132.17
FRHC,2025,Q4,61190535,121.68
FRME,2024,Q1,58564819,34.9
FRME,2024,Q2,58045653,33.29
FRME,2024,Q3,58117115,37.2
FRME,2024,Q4,57974535,39.89
FRME,2025,Q1,57810232,40.44
FRME,2025,Q2,57732339,38.3
FRME,2025,Q3,57825020,37.7
FRME,2025,Q4,63392748,37.48
FRO,2025,Q4,222622889,21.82
FROG,2024,Q1,108420032,44.22
FROG,2024,Q2,110424948,37.55
FROG,2024,Q3,111563211,29.04
FROG,2024,Q4,112878051,29.41
FROG,2025,Q1,114570948,32.0
FROG,2025,Q2,116741766,43.88
FROG,2025,Q3,118312834,47.33
FROG,2025,Q4,119628931,62.46
FRPH,2025,Q3,19115522,24.36
FRPH,2025,Q4,19109541,22.79
FRPT,2024,Q1,48431049,115.86
FRPT,2024,Q2,48483030,129.39
FRPT,2024,Q3,48536779,136.77
FRPT,2024,Q4,48718620,148.11
FRPT,2025,Q1,48777091,83.17
FRPT,2025,Q2,48779873,67.96
FRPT,2025,Q3,48808337,55.11
FRPT,2025,Q4,49057177,60.93
FRSH,2024,Q1,219663342,18.21
FRSH,2024,Q2,222762773,12.69
FRSH,2024,Q3,232984740,11.48
FRSH,2024,Q4,243010237,16.17
FRSH,2025,Q1,241553184,14.11
FRSH,2025,Q2,237933261,14.91
FRSH,2025,Q3,246987803,11.77
FRSH,2025,Q4,249087203,12.25
FRST,2024,Q2,24722734,10.48
FRST,2024,Q3,24722734,12.18
FRST,2024,Q4,24722734,11.66
FRST,2025,Q1,24722734,9.77
FRST,2025,Q2,24643185,10.85
FRST,2025,Q3,24644385,10.51
FRST,2025,Q4,24699185,13.91
FRSX,2024,Q3,15325900,
FRSX,2024,Q4,15325900,1.48
FRSX,2025,Q1,18977500,0.64
FRSX,2025,Q3,1550000,
FRSX,2025,Q4,4373136,
FRT,2024,Q1,82952622,102.12
FRT,2024,Q2,83670446,100.97
FRT,2024,Q3,84964130,114.97
FRT,2024,Q4,85680614,111.95
FRT,2025,Q1,86260740,97.82
FRT,2025,Q2,86266124,94.99
FRT,2025,Q3,86270031,101.31
FRT,2025,Q4,86276033,100.8
FSBC,2025,Q3,21367387,32.2
FSBC,2025,Q4,21376153,35.78
FSBW,2025,Q3,7518462,39.92
FSBW,2025,Q4,7501542,41.17
FSEA,2025,Q3,4696767,
FSEA,2025,Q4,4694149,13.2
FSFG,2025,Q2,6976558,25.04
FSFG,2025,Q3,7015080,31.43
FSHPU,2025,Q3,5025517,
FSI,2025,Q3,12692498,9.64
FSI,2025,Q4,12722498,6.73
FSK,2024,Q2,280066433,19.73
FSK,2024,Q3,280066433,19.73
FSK,2024,Q4,280066433,21.72
FSK,2025,Q1,280066433,20.95
FSK,2025,Q2,280066433,20.75
FSK,2025,Q3,280066433,14.93
FSK,2025,Q4,280066433,14.81
FSLR,2024,Q1,107041420,168.8
FSLR,2024,Q2,107046913,225.46
FSLR,2024,Q3,107057732,249.44
FSLR,2024,Q4,107062105,176.24
FSLR,2025,Q1,107244479,126.43
FSLR,2025,Q2,107247651,165.54
FSLR,2025,Q3,107308141,220.53
FSLR,2025,Q4,107310994,261.23
FSLY,2024,Q1,136600000,12.97
FSLY,2024,Q2,138600000,7.37
FSLY,2024,Q3,140300000,7.57
FSLY,2024,Q4,142300000,9.44
FSLY,2025,Q1,144800000,6.33
FSLY,2025,Q2,147400000,7.06
FSLY,2025,Q3,149400000,8.55
FSLY,2025,Q4,151537271,10.18
FSM,2024,Q3,313331008,4.63
FSM,2024,Q4,313331008,4.29
FSM,2025,Q1,306528000,6.1
FSM,2025,Q3,306960000,8.96
FSM,2025,Q4,307433740,9.81
FSP,2024,Q2,103566715,1.53
FSP,2024,Q3,103566715,1.77
FSP,2024,Q4,103566715,1.83
FSP,2025,Q1,103566715,1.78
FSP,2025,Q2,103690340,1.64
FSP,2025,Q3,103690340,1.6
FSP,2025,Q4,103690340,0.95
FSP,2026,Q1,103690340,
FSS,2024,Q1,61101063,84.87
FSS,2024,Q2,61146072,83.67
FSS,2024,Q3,61106430,93.46
FSS,2024,Q4,61097074,92.39
FSS,2025,Q1,60968839,73.55
FSS,2025,Q2,60791897,106.42
FSS,2025,Q3,60808577,118.99
FSS,2025,Q4,60888150,108.59
FSTR,2025,Q3,10393009,26.95
FSTR,2025,Q4,10307374,26.95
FSUN,2025,Q3,27879811,38.79
FSUN,2025,Q4,27923333,37.64
FSV,2025,Q4,45722486,155.53
FTAI,2024,Q1,100245905,67.3
FTAI,2024,Q2,102211402,103.23
FTAI,2024,Q3,102549679,132.9
FTAI,2024,Q4,102550975,144.04
FTAI,2025,Q1,102555975,111.03
FTAI,2025,Q2,102570598,115.04
FTAI,2025,Q3,102572925,166.86
FTAI,2025,Q4,102573283,196.85
FTCI,2025,Q3,14940407,7.05
FTCI,2025,Q4,15585198,10.91
FTDR,2024,Q1,77790340,32.58
FTDR,2024,Q2,76524535,33.79
FTDR,2024,Q3,75824335,47.99
FTDR,2024,Q4,74745629,54.67
FTDR,2025,Q1,73585797,38.42
FTDR,2025,Q2,72849403,58.94
FTDR,2025,Q3,72113199,67.29
FTDR,2025,Q4,70617688,57.69
FTEK,2025,Q3,31074438,3.0
FTEK,2025,Q4,30708273,1.56
FTFT,2025,Q3,20153311,
FTFT,2025,Q4,5240544,
FTHM,2025,Q3,32390959,1.8
FTHM,2025,Q4,32782364,1.01
FTI,2024,Q1,430973995,25.11
FTI,2024,Q2,428372743,26.15
FTI,2024,Q3,425414999,26.23
FTI,2024,Q4,420571563,28.94
FTI,2025,Q1,419229490,31.69
FTI,2025,Q2,411016473,34.44
FTI,2025,Q3,404520086,39.45
FTI,2025,Q4,400044930,44.56
FTK,2025,Q3,30057823,14.6
FTK,2025,Q4,36172491,17.23
FTLF,2025,Q3,9391072,19.89
FTLF,2025,Q4,9391072,16.27
FTNT,2024,Q1,763938008,68.31
FTNT,2024,Q2,764907985,60.27
FTNT,2024,Q3,766452698,77.55
FTNT,2024,Q4,768974062,94.48
FTNT,2025,Q1,765416456,96.26
FTNT,2025,Q2,766266033,105.72
FTNT,2025,Q3,743648102,84.08
FTNT,2025,Q4,739923583,79.41
FTRE,2024,Q2,89600000,23.34
FTRE,2024,Q3,89700000,20.0
FTRE,2024,Q4,90200000,18.65
FTRE,2025,Q1,90500000,7.55
FTRE,2025,Q2,90800000,4.94
FTRE,2025,Q3,92400000,8.42
FTRE,2025,Q4,93500000,17.25
FTS,2024,Q3,495200000,45.44
FTS,2024,Q4,499300992,41.57
FTS,2025,Q1,499300992,45.58
FTS,2025,Q3,505460000,50.74
FTS,2025,Q4,507340068,51.94
FTV,2024,Q1,352028662,86.02
FTV,2024,Q2,350341685,74.1
FTV,2024,Q3,346949274,78.93
FTV,2024,Q4,340290131,75.0
FTV,2025,Q1,339882279,73.18
FTV,2025,Q2,338336345,52.13
FTV,2025,Q3,317611636,48.99
FTV,2025,Q4,307859190,55.21
FUBO,2024,Q1,299879680,1.58
FUBO,2024,Q2,329336621,1.24
FUBO,2024,Q3,334092630,1.42
FUBO,2024,Q4,341476595,1.26
FUBO,2025,Q1,341539797,2.92
FUBO,2025,Q2,342433118,3.86
FUBO,2025,Q3,342724309,4.15
FUBO,2025,Q4,352715216,2.52
FUL,2024,Q1,54489816,79.74
FUL,2024,Q2,54521587,76.96
FUL,2024,Q3,54627124,79.38
FUL,2024,Q4,54675121,67.48
FUL,2025,Q1,54192774,56.12
FUL,2025,Q2,53963886,60.15
FUL,2025,Q3,54088889,59.28
FUL,2025,Q4,54311782,59.46
FUL,2026,Q1,54487294,61.68
FULC,2024,Q2,62400770,6.2
FULC,2024,Q3,53938661,3.57
FULC,2024,Q4,53979306,4.7
FULC,2025,Q1,53979306,2.88
FULC,2025,Q2,54091588,6.88
FULC,2025,Q3,54118438,9.2
FULC,2025,Q4,66600209,11.31
FULC,2026,Q1,66633321,
FULT,2024,Q1,181760745,15.89
FULT,2024,Q2,181905424,16.98
FULT,2024,Q3,182025441,18.13
FULT,2024,Q4,182199510,19.28
FULT,2025,Q1,181794505,18.09
FULT,2025,Q2,182104347,18.04
FULT,2025,Q3,180593797,18.63
FULT,2025,Q4,180010562,19.33
FUN,2024,Q2,100276414,54.35
FUN,2024,Q3,100278753,40.31
FUN,2024,Q4,100365503,48.19
FUN,2025,Q3,101474349,22.72
FUN,2025,Q4,101870006,15.34
FUNC,2025,Q3,6496908,36.77
FUNC,2025,Q4,6501382,37.44
FURY,2025,Q4,189143299,0.59
FUSB,2025,Q3,5766888,12.02
FUSB,2025,Q4,5650157,13.97
FUTU,2024,Q3,93478800,95.65
FUTU,2024,Q4,93478800,79.99
FUTU,2025,Q1,93478800,102.35
FUTU,2025,Q3,139140000,173.91
FUTU,2025,Q4,139227507,164.21
FVCB,2025,Q3,18074814,12.97
FVCB,2025,Q4,17943092,13.91
FVNNU,2025,Q3,7544000,
FVNNU,2025,Q4,7544000,
FVR,2024,Q3,16068156,
FVR,2024,Q4,17290663,18.13
FVR,2025,Q1,19085926,12.79
FVR,2025,Q2,20458985,12.0
FVR,2025,Q3,21653669,13.71
FVR,2025,Q4,22313005,14.76
FVRR,2024,Q3,35286000,25.87
FVRR,2024,Q4,35286000,31.73
FVRR,2025,Q1,35909200,23.68
FVRR,2025,Q3,35840000,24.41
FVRR,2025,Q4,36093139,19.76
FWONA,2024,Q1,2546146,58.74
FWONA,2024,Q2,2546146,64.23
FWONA,2024,Q3,23985441,71.53
FWONA,2024,Q4,25568345,84.04
FWONA,2025,Q1,23987941,81.47
FWONA,2025,Q3,249440000,95.22
FWONA,2025,Q4,271822690,89.38
FWONK,2024,Q1,218794768,65.6
FWONK,2024,Q2,218794768,71.84
FWONK,2024,Q3,222286598,77.43
FWONK,2024,Q4,222842367,92.66
FWONK,2025,Q1,223022901,90.01
FWONK,2025,Q3,223630000,104.45
FWRD,2024,Q2,27699916,19.04
FWRD,2024,Q3,28954411,35.4
FWRD,2024,Q4,30402883,32.25
FWRD,2025,Q1,30423221,20.09
FWRD,2025,Q2,30791898,24.54
FWRD,2025,Q3,31248234,25.64
FWRD,2025,Q4,31554245,25.0
FWRG,2024,Q1,60372531,24.62
FWRG,2024,Q2,60402838,17.56
FWRG,2024,Q3,60552093,15.6
FWRG,2024,Q4,60700090,18.61
FWRG,2025,Q1,60974543,16.65
FWRG,2025,Q2,61023971,16.04
FWRG,2025,Q3,61032105,15.64
FWRG,2025,Q4,61138143,15.08
FXNC,2025,Q3,9010817,22.68
FXNC,2025,Q4,9040967,25.24
FYBR,2024,Q1,248552000,24.5
FYBR,2024,Q2,248980000,26.18
FYBR,2024,Q3,249015000,35.53
FYBR,2024,Q4,249701000,34.7
FYBR,2025,Q1,250247000,35.86
FYBR,2025,Q2,250314000,36.4
FYBR,2025,Q3,250338000,37.35
G,2024,Q1,179979368,32.95
G,2024,Q2,178177581,32.19
G,2024,Q3,176361269,39.21
G,2024,Q4,175669364,42.95
G,2025,Q1,174874354,50.38
G,2025,Q2,174270076,44.01
G,2025,Q3,172414423,41.89
G,2025,Q4,169863795,46.78
GABC,2024,Q2,29679466,35.35
GABC,2024,Q3,29678259,38.75
GABC,2024,Q4,37419332,40.22
GABC,2025,Q1,37480693,37.5
GABC,2025,Q2,37492923,38.51
GABC,2025,Q3,37491797,39.27
GABC,2025,Q4,37496537,39.18
GAIA,2025,Q3,19709325,5.92
GAIA,2025,Q4,19577872,3.63
GAIN,2023,Q4,35890160,
GAIN,2024,Q2,36688667,13.98
GAIN,2024,Q3,36688667,14.45
GAIN,2024,Q4,36837381,13.25
GAIN,2025,Q1,36837381,13.36
GAIN,2025,Q2,38219230,14.27
GAIN,2025,Q3,39646451,13.82
GAIN,2025,Q4,39821967,13.97
GALT,2025,Q3,64472792,4.24
GALT,2025,Q4,65827448,4.16
GAMB,2025,Q4,35097190,5.46
GAME,2025,Q3,98380767,0.68
GAME,2025,Q4,98066751,0.38
GAN,2024,Q1,45390307,
GAN,2024,Q2,45472877,1.48
GAN,2024,Q3,45570192,1.77
GAN,2024,Q4,45796224,1.82
GAN,2025,Q1,46460423,
GANX,2024,Q1,18051979,
GANX,2024,Q2,25535460,1.28
GANX,2024,Q3,26525068,1.78
GANX,2024,Q4,27786952,2.16
GANX,2025,Q1,29557640,1.91
GANX,2025,Q2,35948606,1.8
GANX,2025,Q3,36097536,1.77
GANX,2025,Q4,38462084,3.22
GAP,2024,Q1,373512503,27.55
GAP,2024,Q2,375066614,23.89
GAP,2024,Q3,376316912,22.05
GAP,2024,Q4,377121870,23.63
GAP,2025,Q1,374904723,20.61
GAP,2025,Q2,373066495,21.81
GAP,2025,Q3,371047226,21.39
GAP,2025,Q4,371921740,25.6
GAP,2026,Q1,372562512,24.2
GATX,2024,Q1,35600000,134.03
GATX,2024,Q2,35600000,132.36
GATX,2024,Q3,35500000,132.45
GATX,2024,Q4,35600000,154.96
GATX,2025,Q1,35700000,155.27
GATX,2025,Q2,35600000,153.56
GATX,2025,Q3,35700000,174.8
GATX,2025,Q4,35500000,169.6
GAU,2025,Q4,259790437,2.53
GBCI,2024,Q1,113388590,40.28
GBCI,2024,Q2,113394669,37.32
GBCI,2024,Q3,113397845,45.7
GBCI,2024,Q4,113403941,50.22
GBCI,2025,Q1,113517944,44.22
GBCI,2025,Q2,118551408,43.08
GBCI,2025,Q3,129941364,48.67
GBCI,2025,Q4,130011106,44.05
GBDC,2024,Q1,171517307,16.63
GBDC,2024,Q2,264609056,15.71
GBDC,2024,Q3,264277128,15.11
GBDC,2024,Q4,265498597,15.16
GBDC,2025,Q1,268831114,15.14
GBDC,2025,Q2,266376416,14.65
GBDC,2025,Q3,263467541,13.69
GBDC,2025,Q4,263228181,13.57
GBFH,2025,Q3,14376113,39.27
GBFH,2025,Q4,14470352,33.89
GBIO,2024,Q2,66741175,2.82
GBIO,2024,Q3,66792822,2.47
GBIO,2024,Q4,67007864,1.06
GBIO,2025,Q1,67035236,0.4
GBIO,2025,Q2,6735544,0.32
GBIO,2025,Q3,6737899,6.12
GBLI,2025,Q3,10530342,
GBLI,2025,Q4,10557227,
GBR,2025,Q3,5131934,
GBR,2025,Q4,5131934,
GBTG,2024,Q1,472617208,6.01
GBTG,2024,Q2,473270936,6.6
GBTG,2024,Q3,470502288,7.69
GBTG,2024,Q4,470904677,9.28
GBTG,2025,Q1,478702748,7.26
GBTG,2025,Q2,487125014,6.3
GBTG,2025,Q3,538220784,8.08
GBTG,2025,Q4,521088517,7.65
GBX,2024,Q1,31100000,52.1
GBX,2024,Q2,31100000,49.55
GBX,2024,Q3,31100000,50.89
GBX,2024,Q4,31400000,60.99
GBX,2025,Q1,31400000,51.22
GBX,2025,Q2,30883672,46.05
GBX,2025,Q3,30900000,46.17
GBX,2025,Q4,30886163,46.74
GBX,2026,Q1,30938594,52.65
GCBC,2025,Q2,17026828,22.22
GCBC,2025,Q4,17026828,22.23
GCI,2024,Q2,147599699,4.61
GCI,2024,Q3,147410604,5.62
GCI,2024,Q4,147369070,5.06
GCI,2025,Q1,146435731,2.89
GCI,2025,Q2,146617081,3.58
GCI,2025,Q3,147108750,4.13
GCI,2025,Q4,147107452,5.15
GCMG,2024,Q1,44223213,9.66
GCMG,2024,Q2,44574194,9.76
GCMG,2024,Q3,44899246,11.32
GCMG,2024,Q4,44911734,12.27
GCMG,2025,Q1,49994434,13.23
GCMG,2025,Q2,53220319,11.56
GCMG,2025,Q3,52530599,12.07
GCMG,2025,Q4,60810959,11.32
GCO,2025,Q1,11038311,21.23
GCO,2025,Q4,10792736,24.77
GCO,2026,Q1,10858224,
GCT,2024,Q2,41362894,30.42
GCT,2024,Q3,40971655,22.98
GCT,2024,Q4,40066364,18.52
GCT,2025,Q1,38068462,14.2
GCT,2025,Q2,29589331,19.78
GCT,2025,Q3,28980012,28.4
GCT,2025,Q4,29341359,39.28
GCTK,2025,Q4,1944279,
GCTS,2025,Q3,57099558,1.52
GCTS,2025,Q4,72494116,
GD,2024,Q1,274364084,282.49
GD,2024,Q2,274777579,290.14
GD,2024,Q3,274968619,302.2
GD,2024,Q4,270350795,263.49
GD,2025,Q1,268396163,272.58
GD,2025,Q2,268993342,291.66
GD,2025,Q3,270120442,341.0
GD,2025,Q4,270389759,336.66
GDC,2025,Q3,55984777,
GDC,2025,Q4,60759711,
GDC,2026,Q1,60759711,
GDDY,2024,Q1,140940862,118.68
GDDY,2024,Q2,140972665,139.71
GDDY,2024,Q3,140391395,156.78
GDDY,2024,Q4,141355906,197.37
GDDY,2025,Q1,142488191,180.14
GDDY,2025,Q2,138449017,180.06
GDDY,2025,Q3,135141594,136.83
GDDY,2025,Q4,134737000,124.08
GDEN,2024,Q1,28948741,36.83
GDEN,2024,Q2,28314530,31.11
GDEN,2024,Q3,27428951,31.79
GDEN,2024,Q4,26511007,31.6
GDEN,2025,Q1,26435285,26.39
GDEN,2025,Q2,26158234,29.43
GDEN,2025,Q3,26173985,23.58
GDEN,2025,Q4,26199079,27.19
GDEV,2025,Q4,18150489,
GDOT,2024,Q2,53712314,9.45
GDOT,2024,Q3,53786844,11.71
GDOT,2024,Q4,54229674,10.64
GDOT,2025,Q1,54890759,8.44
GDOT,2025,Q2,55392705,10.78
GDOT,2025,Q3,55422413,13.43
GDOT,2025,Q4,55567588,12.81
GDRX,2024,Q1,94335792,7.1
GDRX,2024,Q2,98583716,7.8
GDRX,2024,Q3,104272876,6.94
GDRX,2024,Q4,106740328,4.65
GDRX,2025,Q1,100300165,4.41
GDRX,2025,Q2,98580674,4.98
GDRX,2025,Q3,105468832,4.23
GDRX,2025,Q4,108610311,2.71
GDTC,2025,Q4,11828435,
GDYN,2024,Q1,76521182,12.29
GDYN,2024,Q2,76667007,10.51
GDYN,2024,Q3,76810993,14.0
GDYN,2024,Q4,83838356,22.24
GDYN,2025,Q1,84547653,15.65
GDYN,2025,Q2,84669954,11.55
GDYN,2025,Q3,84769058,7.71
GDYN,2025,Q4,85353771,9.03
GE,2024,Q1,1094606676,175.53
GE,2024,Q2,1084311016,158.97
GE,2024,Q3,1082294004,188.58
GE,2024,Q4,1073290505,166.79
GE,2025,Q1,1066386643,200.15
GE,2025,Q2,1060439387,257.39
GE,2025,Q3,1054813911,300.82
GE,2025,Q4,1048813612,308.03
GE,2026,Q1,1043337235,283.77
GECC,2025,Q3,13998168,10.02
GECC,2025,Q4,13998168,7.05
GEF,2024,Q2,25808005,57.47
GEF,2024,Q3,25848786,62.66
GEF,2024,Q4,25850270,61.12
GEF,2025,Q1,26105959,54.99
GEF,2025,Q2,26129971,64.99
GEF.B,2025,Q4,45577000,74.69
GEG,2025,Q2,28996787,2.07
GEG,2025,Q4,32744553,
GEHC,2024,Q1,456465369,90.91
GEHC,2024,Q2,456662253,77.92
GEHC,2024,Q3,456872979,93.85
GEHC,2024,Q4,457298310,78.18
GEHC,2025,Q1,457884998,80.71
GEHC,2025,Q2,456562037,74.07
GEHC,2025,Q3,455521592,75.1
GEHC,2025,Q4,455749767,82.02
GEL,2024,Q2,122424321,14.31
GEL,2024,Q3,122424321,13.37
GEL,2024,Q4,122424321,10.11
GEL,2025,Q1,122424321,15.69
GEL,2025,Q2,122424321,17.23
GEL,2025,Q3,122424321,16.71
GEL,2025,Q4,122424321,15.6
GEN,2023,Q4,636909965,22.82
GEN,2024,Q1,626145897,22.4
GEN,2024,Q2,615525021,24.98
GEN,2024,Q3,616204970,27.43
GEN,2024,Q4,616301369,27.38
GEN,2025,Q1,620229707,26.54
GEN,2025,Q3,616720000,28.39
GEN,2025,Q4,616716107,27.19
GEN,2026,Q1,605663774,18.83
GENC,2025,Q3,12338845,14.63
GENC,2025,Q4,12338845,12.96
GENI,2025,Q4,246306291,11.02
GENK,2025,Q3,5259566,
GENK,2025,Q4,5364141,
GEO,2024,Q1,136306146,14.12
GEO,2024,Q2,139630024,14.36
GEO,2024,Q3,139827503,12.85
GEO,2024,Q4,140379419,27.98
GEO,2025,Q1,141342661,29.21
GEO,2025,Q2,141534615,23.95
GEO,2025,Q3,139197249,20.49
GEO,2025,Q4,134361648,16.12
GEOS,2025,Q3,12820702,18.96
GEOS,2025,Q4,12887918,16.91
GERN,2024,Q1,593132540,3.3
GERN,2024,Q2,602795563,4.24
GERN,2024,Q3,604501016,4.54
GERN,2024,Q4,636904470,3.54
GERN,2025,Q1,636917758,1.59
GERN,2025,Q2,638017073,1.41
GERN,2025,Q3,638355275,1.37
GERN,2025,Q4,640544661,1.32
GES,2023,Q4,53700294,23.06
GES,2024,Q2,53526248,20.4
GES,2024,Q3,51422316,20.13
GES,2024,Q4,51456841,14.06
GES,2025,Q1,51837569,11.07
GES,2025,Q2,52016518,12.09
GES,2025,Q3,52082463,16.71
GES,2025,Q4,52151599,16.75
GETY,2024,Q1,408593823,
GETY,2024,Q2,410415289,3.26
GETY,2024,Q3,411074838,3.81
GETY,2024,Q4,412300000,2.16
GETY,2025,Q1,413417168,1.73
GETY,2025,Q2,414811306,1.66
GETY,2025,Q3,415860181,1.98
GETY,2025,Q4,417765616,1.34
GEV,2024,Q1,274085523,
GEV,2024,Q2,274802034,171.51
GEV,2024,Q3,275652970,254.98
GEV,2024,Q4,275900754,328.93
GEV,2025,Q1,272934744,305.28
GEV,2025,Q2,272223940,529.15
GEV,2025,Q3,271320459,614.9
GEV,2025,Q4,269529464,653.57
GEV,2026,Q1,268719995,872.9
GEVO,2024,Q1,236232717,0.77
GEVO,2024,Q2,239470747,0.56
GEVO,2024,Q3,239407448,1.63
GEVO,2024,Q4,239609874,2.09
GEVO,2025,Q1,239562995,1.16
GEVO,2025,Q2,241839083,1.32
GEVO,2025,Q3,242308806,1.96
GEVO,2025,Q4,242820602,2.0
GFAI,2025,Q4,24353539,0.56
GFF,2024,Q1,49553357,73.34
GFF,2024,Q2,49263240,63.86
GFF,2024,Q3,47821861,70.0
GFF,2024,Q4,47530099,71.27
GFF,2025,Q1,47025919,71.5
GFF,2025,Q2,46558649,72.37
GFF,2025,Q3,46231089,76.15
GFF,2025,Q4,46579173,73.65
GFI,2024,Q3,895024000,15.35
GFI,2024,Q4,895024000,13.2
GFI,2025,Q1,895024000,22.09
GFI,2025,Q3,895020000,41.96
GFI,2025,Q4,899977604,43.66
GFL,2025,Q4,346110312,42.95
GFR,2025,Q4,125407252,4.76
GFS,2024,Q3,551777024,40.25
GFS,2024,Q4,552654976,42.91
GFS,2025,Q1,552913024,36.91
GFS,2025,Q3,552910000,35.84
GFS,2025,Q4,555888455,34.92
GGAL,2025,Q4,281221650,53.94
GGB,2024,Q3,1381779968,3.5
GGB,2024,Q4,1339260032,2.88
GGB,2025,Q1,1313920000,2.84
GGB,2025,Q3,2000000000,3.1
GGB,2025,Q4,717782619,3.69
GGG,2024,Q1,169135876,93.46
GGG,2024,Q2,168931354,79.28
GGG,2024,Q3,168849576,87.51
GGG,2024,Q4,169493970,84.29
GGG,2025,Q1,167132852,83.51
GGG,2025,Q2,165694194,85.97
GGG,2025,Q3,165794118,84.96
GGG,2025,Q4,165338302,81.97
GGG,2026,Q1,165968177,84.65
GGR,2025,Q4,14773488,
GH,2024,Q1,122369214,20.63
GH,2024,Q2,123022076,28.88
GH,2024,Q3,123554612,22.94
GH,2024,Q4,123421441,30.55
GH,2025,Q1,123888045,42.6
GH,2025,Q2,124705857,52.04
GH,2025,Q3,126041089,62.48
GH,2025,Q4,131170441,102.14
GHC,2024,Q1,3473761,767.68
GHC,2024,Q2,3435811,699.55
GHC,2024,Q3,3369588,821.72
GHC,2024,Q4,3375982,871.92
GHC,2025,Q1,3395988,960.86
GHC,2025,Q2,3395988,946.17
GHI,2025,Q3,23582453,10.3
GHLD,2025,Q3,21942083,19.94
GHM,2025,Q1,10948443,28.82
GHM,2025,Q4,11072780,64.23
GHRS,2025,Q4,62029395,12.7
GIB,2024,Q3,203788000,114.96
GIB,2024,Q4,200652992,109.32
GIB,2025,Q1,200222000,99.83
GIB,2025,Q3,222920000,89.13
GIB,2025,Q4,217783211,92.3
GIC,2024,Q2,38200397,31.36
GIC,2024,Q3,38230604,33.97
GIC,2024,Q4,38311253,24.79
GIC,2025,Q1,38361103,22.4
GIC,2025,Q2,38374314,27.01
GIC,2025,Q3,38493978,36.67
GIC,2025,Q4,38196742,29.22
GIFI,2025,Q3,15998611,7.02
GIFT,2025,Q3,30963913,
GIFT,2025,Q4,33642312,
GIG,2024,Q3,20000000,9.93
GIG,2024,Q4,20000000,10.0
GIG,2025,Q1,20000000,10.12
GIG,2025,Q3,33330000,10.55
GIGGU,2025,Q3,20000000,
GIGGU,2025,Q4,20000000,
GIII,2024,Q2,44987939,27.07
GIII,2024,Q3,43884544,30.52
GIII,2024,Q4,43886707,32.62
GIII,2025,Q1,43883207,27.35
GIII,2025,Q2,43305811,22.4
GIII,2025,Q3,42215473,26.61
GIII,2025,Q4,42189287,28.96
GIII,2026,Q1,42189287,27.7
GIL,2025,Q4,185152443,62.46
GILD,2024,Q1,1245853209,73.25
GILD,2024,Q2,1244992081,68.61
GILD,2024,Q3,1246265857,83.84
GILD,2024,Q4,1245346062,92.37
GILD,2025,Q1,1243929121,112.05
GILD,2025,Q2,1240806916,110.87
GILD,2025,Q3,1240679623,111.0
GILD,2025,Q4,1241420528,122.74
GILT,2025,Q4,73831318,12.94
GIPR,2025,Q3,5447772,
GIPR,2025,Q4,5448178,
GIS,2024,Q1,564548763,69.97
GIS,2024,Q2,558145667,63.26
GIS,2024,Q3,555158898,73.85
GIS,2024,Q4,551231250,63.77
GIS,2025,Q1,547600534,59.79
GIS,2025,Q2,542427490,51.81
GIS,2025,Q3,533416422,50.42
GIS,2025,Q4,533582081,46.5
GIS,2026,Q1,533681218,37.22
GITS,2025,Q3,3674208,
GKOS,2024,Q1,50367507,94.29
GKOS,2024,Q2,54950459,118.35
GKOS,2024,Q3,55137429,130.28
GKOS,2024,Q4,56567386,149.94
GKOS,2025,Q1,57140526,98.42
GKOS,2025,Q2,57349987,103.29
GKOS,2025,Q3,57434740,81.55
GKOS,2025,Q4,58078812,112.91
GL,2024,Q1,92269711,116.37
GL,2024,Q2,89819840,82.28
GL,2024,Q3,83945064,105.91
GL,2024,Q4,83848424,111.52
GL,2025,Q1,82542877,131.72
GL,2025,Q2,81003536,124.29
GL,2025,Q3,79605800,142.97
GL,2025,Q4,78637130,139.86
GLAD,2025,Q3,22593069,21.87
GLAD,2025,Q4,22593069,20.66
GLBE,2024,Q3,166992000,38.44
GLBE,2024,Q4,166992000,54.53
GLBE,2025,Q1,166992000,35.65
GLBE,2025,Q3,169730000,35.76
GLBE,2025,Q4,169726085,39.31
GLBS,2025,Q4,21582301,
GLBZ,2025,Q3,2919695,
GLDD,2024,Q2,67188921,8.78
GLDD,2024,Q3,67272067,10.53
GLDD,2024,Q4,67282528,11.29
GLDD,2025,Q1,67926382,8.7
GLDD,2025,Q2,67995301,12.19
GLDD,2025,Q3,67999305,11.99
GLDD,2025,Q4,66780798,13.12
GLDG,2025,Q4,213757471,1.25
GLMD,2025,Q4,6581390,
GLNG,2024,Q3,104000000,36.76
GLNG,2024,Q4,104370000,42.32
GLNG,2025,Q1,104500000,37.99
GLNG,2025,Q3,104540000,40.41
GLNG,2025,Q4,102387995,37.21
GLOB,2024,Q3,43142800,198.14
GLOB,2024,Q4,43142800,214.42
GLOB,2025,Q1,44045600,117.72
GLOB,2025,Q3,44030000,57.38
GLOB,2025,Q4,43835604,65.37
GLP,2024,Q1,33995563,
GLP,2024,Q2,33995563,45.63
GLP,2024,Q3,33995563,46.56
GLP,2024,Q4,33995563,46.55
GLP,2025,Q1,33995563,53.38
GLP,2025,Q2,33995563,52.73
GLP,2025,Q3,33995563,48.0
GLP,2025,Q4,33995563,41.85
GLPG,2025,Q4,65897071,32.7
GLPI,2024,Q1,271500584,46.07
GLPI,2024,Q2,274391465,45.21
GLPI,2024,Q3,274391553,51.45
GLPI,2024,Q4,274832506,48.16
GLPI,2025,Q1,274832999,50.9
GLPI,2025,Q2,283008254,46.68
GLPI,2025,Q3,283008342,46.61
GLPI,2025,Q4,283221841,44.69
GLPI,2026,Q1,283221841,44.37
GLRE,2024,Q2,35321144,13.1
GLRE,2024,Q3,34832493,13.65
GLRE,2024,Q4,34564176,14.0
GLRE,2025,Q1,34555431,13.55
GLRE,2025,Q2,34198153,14.37
GLRE,2025,Q3,34099226,12.7
GLRE,2025,Q4,33983603,14.58
GLSI,2024,Q1,12879995,
GLSI,2024,Q2,13144653,17.26
GLSI,2024,Q3,13144653,14.37
GLSI,2024,Q4,13152729,11.23
GLSI,2025,Q1,13368304,9.54
GLSI,2025,Q2,13630257,9.07
GLSI,2025,Q3,13854539,9.95
GLSI,2025,Q4,13854539,21.01
GLTO,2025,Q3,1327212,
GLTO,2025,Q4,60303212,23.01
GLUE,2024,Q1,50512019,7.05
GLUE,2024,Q2,61372824,3.74
GLUE,2024,Q3,61377484,5.3
GLUE,2024,Q4,61509821,6.94
GLUE,2025,Q1,61509821,4.64
GLUE,2025,Q2,61759350,4.51
GLUE,2025,Q3,65117761,7.41
GLUE,2025,Q4,80015667,15.68
GLW,2024,Q1,856619222,32.96
GLW,2024,Q2,855700821,38.85
GLW,2024,Q3,856208758,45.15
GLW,2024,Q4,856564001,47.52
GLW,2025,Q1,856471447,45.78
GLW,2025,Q2,856618711,52.59
GLW,2025,Q3,857360396,82.03
GLW,2025,Q4,857948109,87.56
GLXY,2025,Q3,192202053,33.81
GLXY,2025,Q4,190688117,22.36
GLYC,2024,Q2,64483958,0.28
GLYC,2024,Q3,64483958,0.17
GLYC,2024,Q4,64513862,0.25
GLYC,2025,Q1,64532091,
GM,2024,Q1,1140958039,45.35
GM,2024,Q2,1123922119,46.46
GM,2024,Q3,1099595840,44.84
GM,2024,Q4,995001891,53.27
GM,2025,Q1,961434742,47.03
GM,2025,Q2,952077801,49.21
GM,2025,Q3,932861303,60.97
GM,2025,Q4,903967853,81.32
GM,2026,Q1,901665195,74.5
GMAB,2025,Q4,64238408,30.8
GME,2023,Q4,305514315,17.53
GME,2024,Q1,305873200,12.52
GME,2024,Q2,351217517,24.69
GME,2024,Q3,426509592,22.93
GME,2024,Q4,446800365,31.34
GME,2025,Q1,447083981,22.32
GME,2025,Q2,447336306,24.39
GME,2025,Q3,447666484,27.28
GME,2025,Q4,448009480,20.08
GME,2026,Q1,448375157,23.04
GMED,2024,Q1,135057360,53.64
GMED,2024,Q2,135407017,68.49
GMED,2024,Q3,136167342,71.54
GMED,2024,Q4,137541648,82.71
GMED,2025,Q1,135379373,73.2
GMED,2025,Q2,112620208,59.02
GMED,2025,Q3,112175355,57.27
GMED,2025,Q4,112625126,87.31
GMGI,2025,Q3,141237872,1.13
GMGI,2025,Q4,12641023,0.8
GMGI,2026,Q1,12669479,
GMRE,2024,Q1,65587648,8.75
GMRE,2024,Q2,65587648,9.08
GMRE,2024,Q3,66803348,9.91
GMRE,2024,Q4,66871228,7.72
GMRE,2025,Q1,66878728,8.75
GMRE,2025,Q2,66878728,6.93
GMRE,2025,Q3,13407358,33.71
GMRE,2025,Q4,13234830,33.74
GMS,2024,Q1,39881000,97.34
GMS,2024,Q2,39754000,80.61
GMS,2024,Q3,39282000,90.57
GMS,2024,Q4,38870000,84.83
GMS,2025,Q1,38487000,73.17
GMS,2025,Q2,38059080,108.75
GMS,2025,Q3,38169712,
GNE,2025,Q3,24920628,14.95
GNK,2024,Q2,42757895,21.31
GNK,2024,Q3,42757895,19.5
GNK,2024,Q4,42757895,13.94
GNK,2025,Q1,42959464,13.36
GNK,2025,Q2,42959464,13.07
GNK,2025,Q3,43243165,17.8
GNK,2025,Q4,43317810,18.43
GNL,2024,Q1,230383756,7.77
GNL,2024,Q2,230469621,7.35
GNL,2024,Q3,230633265,8.42
GNL,2024,Q4,230783453,7.3
GNL,2025,Q1,223208729,8.04
GNL,2025,Q2,220968252,7.55
GNL,2025,Q3,219231945,8.13
GNL,2025,Q4,214186001,8.6
GNLN,2025,Q3,1386551,
GNLN,2025,Q4,4829563,
GNLX,2025,Q3,38051771,4.2
GNLX,2025,Q4,44805811,4.36
GNPX,2025,Q3,2270346,0.17
GNPX,2025,Q4,9044856,
GNRC,2024,Q1,60614444,126.14
GNRC,2024,Q2,60152735,132.22
GNRC,2024,Q3,59497259,158.88
GNRC,2024,Q4,59614025,155.05
GNRC,2025,Q1,59081648,126.65
GNRC,2025,Q2,58675951,143.21
GNRC,2025,Q3,58684066,167.4
GNRC,2025,Q4,58675827,136.37
GNS,2025,Q4,159839164,
GNSS,2025,Q3,45193561,2.45
GNSS,2025,Q4,45212311,2.14
GNTA,2025,Q4,23432183,1.49
GNTX,2024,Q1,231184476,36.12
GNTX,2024,Q2,230217225,33.71
GNTX,2024,Q3,227431688,29.69
GNTX,2024,Q4,227195734,28.73
GNTX,2025,Q1,224803331,23.3
GNTX,2025,Q2,219489358,21.99
GNTX,2025,Q3,218942919,28.3
GNTX,2025,Q4,215402363,23.27
GNTY,2025,Q2,11347666,42.44
GNW,2024,Q1,437721371,6.43
GNW,2024,Q2,432029640,6.04
GNW,2024,Q3,427032417,6.85
GNW,2024,Q4,418850350,6.99
GNW,2025,Q1,414456966,7.09
GNW,2025,Q2,410433925,7.78
GNW,2025,Q3,399380567,8.9
GNW,2025,Q4,387611047,9.03
GO,2024,Q1,100147065,28.78
GO,2024,Q2,99154749,22.12
GO,2024,Q3,98643576,17.55
GO,2024,Q4,97262557,15.61
GO,2025,Q1,98005068,13.98
GO,2025,Q2,98103295,12.42
GO,2025,Q3,98137230,16.05
GO,2026,Q1,98153086,7.05
GOCO,2025,Q3,16093116,4.82
GOCO,2025,Q4,16225250,2.15
GOGO,2024,Q1,127104716,8.78
GOGO,2024,Q2,126952348,9.62
GOGO,2024,Q3,125779239,7.18
GOGO,2024,Q4,131350127,8.09
GOGO,2025,Q1,132263584,8.62
GOGO,2025,Q2,133685225,14.68
GOGO,2025,Q3,133854342,8.59
GOGO,2025,Q4,134681898,4.66
GOLD,2024,Q3,1752729984,19.89
GOLD,2024,Q4,1748050048,15.5
GOLD,2025,Q1,1723410048,
GOLF,2024,Q1,63069560,65.95
GOLF,2024,Q2,61813629,63.48
GOLF,2024,Q3,60802949,63.75
GOLF,2024,Q4,59928969,71.08
GOLF,2025,Q1,58766256,68.66
GOLF,2025,Q2,58657042,72.82
GOLF,2025,Q3,58661329,78.49
GOLF,2025,Q4,58560358,79.82
GOOD,2024,Q1,40054308,13.84
GOOD,2024,Q2,42533321,14.27
GOOD,2024,Q3,43919309,16.24
GOOD,2024,Q4,44192741,16.24
GOOD,2025,Q1,46282863,14.98
GOOD,2025,Q2,46559482,14.33
GOOD,2025,Q3,48401155,12.32
GOOD,2025,Q4,48406993,10.67
GOOG,2024,Q1,5874000000,152.26
GOOG,2024,Q2,5859000000,183.42
GOOG,2024,Q3,5843000000,167.19
GOOG,2024,Q4,5833000000,190.44
GOOG,2025,Q1,5820000000,156.23
GOOG,2025,Q2,5430000000,177.39
GOOG,2025,Q3,5407000000,243.55
GOOG,2025,Q4,5438000000,313.8
GOOGL,2024,Q1,5874000000,150.93
GOOGL,2024,Q2,5859000000,182.15
GOOGL,2024,Q3,5843000000,165.85
GOOGL,2024,Q4,5833000000,189.3
GOOGL,2025,Q1,5820000000,154.64
GOOGL,2025,Q3,12070000000,243.1
GOOGL,2025,Q4,12112121476,313.0
GORO,2024,Q2,93523028,0.37
GORO,2024,Q3,95324949,0.35
GORO,2024,Q4,120442686,0.23
GORO,2025,Q1,136449731,0.51
GORO,2025,Q2,136449731,0.61
GORO,2025,Q3,161765685,0.84
GORO,2025,Q4,161858849,0.83
GORV,2024,Q1,17485000,4.03
GORV,2024,Q2,17578000,
GORV,2024,Q3,17596000,
GORV,2024,Q4,113227173000,0.96
GORV,2025,Q1,113537980,0.32
GORV,2025,Q2,3735655,
GORV,2025,Q3,3735655,
GOSS,2024,Q2,226227259,0.9
GOSS,2024,Q3,226604137,0.99
GOSS,2024,Q4,227221261,0.9
GOSS,2025,Q1,227302140,1.1
GOSS,2025,Q2,227380609,1.23
GOSS,2025,Q3,231456247,2.63
GOSS,2025,Q4,234696281,3.1
GOTU,2024,Q3,148779008,3.92
GOTU,2024,Q4,254335008,2.19
GOTU,2025,Q1,142976992,3.25
GOTU,2025,Q3,253190000,3.26
GOTU,2025,Q4,243574262,2.32
GOVX,2025,Q3,29705360,0.47
GOVX,2025,Q4,1732147,0.17
GPAT,2024,Q2,28750000,
GPAT,2024,Q3,28750000,10.08
GPAT,2024,Q4,28750000,10.14
GPAT,2025,Q1,28750000,10.29
GPATU,2025,Q3,28750000,
GPATU,2025,Q4,28750000,
GPC,2024,Q1,139298651,154.93
GPC,2024,Q2,139317735,138.32
GPC,2024,Q3,139036487,139.68
GPC,2024,Q4,138782030,116.76
GPC,2025,Q1,138789637,119.14
GPC,2025,Q2,139092294,121.31
GPC,2025,Q3,139110500,138.6
GPC,2025,Q4,137622108,122.96
GPC,2026,Q1,137624545,105.75
GPCR,2024,Q2,171589561,39.27
GPCR,2024,Q3,171782018,43.89
GPCR,2024,Q4,172028543,27.12
GPCR,2025,Q1,172610249,17.31
GPCR,2025,Q2,172793818,20.74
GPCR,2025,Q3,182032920,28.0
GPCR,2025,Q4,212525437,69.55
GPI,2024,Q1,13533294,292.23
GPI,2024,Q2,13404885,297.28
GPI,2024,Q3,13318287,383.04
GPI,2024,Q4,13244315,421.48
GPI,2025,Q1,12934719,381.95
GPI,2025,Q2,12939665,436.71
GPI,2025,Q3,12630617,437.51
GPI,2025,Q4,11925199,393.3
GPK,2024,Q1,307293903,29.18
GPK,2024,Q2,300114276,26.21
GPK,2024,Q3,300140119,29.59
GPK,2024,Q4,300214465,27.16
GPK,2025,Q1,301760189,25.96
GPK,2025,Q2,296248717,21.07
GPK,2025,Q3,295123112,19.57
GPK,2025,Q4,295740911,15.06
GPMT,2024,Q1,51034800,4.77
GPMT,2024,Q2,50684117,2.97
GPMT,2024,Q3,49957557,3.17
GPMT,2024,Q4,48850685,2.79
GPMT,2025,Q1,48405861,2.6
GPMT,2025,Q2,47394519,2.47
GPMT,2025,Q3,47405734,3.0
GPMT,2025,Q4,47563643,2.4
GPN,2024,Q1,255249780,133.66
GPN,2024,Q2,254436966,96.7
GPN,2024,Q3,254494835,102.42
GPN,2024,Q4,247616186,112.06
GPN,2025,Q1,243880022,97.92
GPN,2025,Q2,242607106,80.04
GPN,2025,Q3,236743716,83.08
GPN,2025,Q4,279901327,77.4
GPOR,2024,Q1,18121730,160.12
GPOR,2024,Q2,18107078,151.0
GPOR,2024,Q3,17727799,151.35
GPOR,2024,Q4,17894932,184.2
GPOR,2025,Q1,17765743,184.14
GPOR,2025,Q2,17561724,201.17
GPOR,2025,Q3,19316819,180.98
GPOR,2025,Q4,18558415,207.99
GPRE,2024,Q2,64655091,15.86
GPRE,2024,Q3,64651183,13.54
GPRE,2024,Q4,64729446,9.48
GPRE,2025,Q1,65399452,4.85
GPRE,2025,Q2,65565368,6.03
GPRE,2025,Q3,69835042,8.79
GPRE,2025,Q4,69838844,9.8
GPRK,2025,Q4,51707198,7.41
GPRO,2024,Q1,126040720,2.23
GPRO,2024,Q2,126471033,1.42
GPRO,2024,Q3,128502519,1.36
GPRO,2024,Q4,131169181,1.09
GPRO,2025,Q1,131290669,0.66
GPRO,2025,Q2,131924549,0.76
GPRO,2025,Q3,133469729,2.12
GPRO,2025,Q4,137903867,1.41
GPUS,2025,Q3,322937734,
GPUS,2025,Q4,323405790,0.18
GRAB,2024,Q3,3841999872,3.8
GRAB,2024,Q4,3908999936,4.72
GRAB,2025,Q1,3954639872,4.53
GRAB,2025,Q3,4030000000,6.02
GRAB,2025,Q4,4086999881,4.99
GRAF,2024,Q2,23000000,
GRAF,2024,Q3,23000000,10.01
GRAF,2024,Q4,23000000,10.09
GRAF,2025,Q1,23000000,10.25
GRAF,2025,Q3,28750000,
GRAF.U,2025,Q3,23000000,
GRAL,2024,Q2,31049148,15.37
GRAL,2024,Q3,33600772,13.76
GRAL,2024,Q4,33895246,17.85
GRAL,2025,Q1,35973494,25.54
GRAL,2025,Q2,36047799,51.42
GRAL,2025,Q3,38982223,59.13
GRAL,2025,Q4,41020255,85.59
GRBK,2024,Q1,44930656,60.23
GRBK,2024,Q2,44496772,57.24
GRBK,2024,Q3,44498248,83.52
GRBK,2024,Q4,44498190,56.49
GRBK,2025,Q1,43926290,58.31
GRBK,2025,Q2,43565098,62.88
GRBK,2025,Q3,43565098,73.86
GRBK,2025,Q4,43157292,62.66
GRC,2024,Q2,26227540,36.71
GRC,2024,Q3,26227540,38.95
GRC,2024,Q4,26227540,37.92
GRC,2025,Q1,26294377,35.1
GRC,2025,Q2,26312842,36.72
GRC,2025,Q3,26312842,46.41
GRC,2025,Q4,26312842,47.75
GRC,2026,Q1,26410243,62.13
GRCE,2025,Q1,13828562,
GRCE,2025,Q4,15474026,3.46
GRDN,2025,Q3,36253744,26.23
GRDN,2025,Q4,36253744,30.09
GREE,2025,Q3,13065603,1.82
GREE,2025,Q4,13495756,1.48
GRFS,2025,Q4,426129798,9.35
GRI,2025,Q3,3268727,
GRI,2025,Q4,1445029,
GRMN,2024,Q1,192077718,148.87
GRMN,2024,Q2,192213829,162.92
GRMN,2024,Q3,192024969,176.03
GRMN,2024,Q4,192403775,206.26
GRMN,2025,Q1,192541456,217.13
GRMN,2025,Q2,192493945,208.72
GRMN,2025,Q3,192334806,246.22
GRMN,2025,Q4,192480830,202.85
GRND,2024,Q1,175905799,10.13
GRND,2024,Q2,176712370,12.24
GRND,2024,Q3,177085154,11.93
GRND,2024,Q4,178567403,17.84
GRND,2025,Q1,201936383,17.9
GRND,2025,Q2,191977654,22.7
GRND,2025,Q3,184734121,15.02
GRND,2025,Q4,185147713,13.54
GRNQ,2025,Q3,8375813,
GRNQ,2025,Q4,8625813,
GRNT,2024,Q1,130743952,6.5
GRNT,2024,Q2,130743952,6.33
GRNT,2024,Q3,130743952,5.94
GRNT,2024,Q4,130812702,6.46
GRNT,2025,Q1,131113060,6.08
GRNT,2025,Q2,131247812,6.37
GRNT,2025,Q3,131251278,5.41
GRNT,2025,Q4,131464915,4.7
GRO,2025,Q4,53692089,1.89
GROV,2025,Q3,41387655,
GROV,2025,Q4,41796921,1.1
GROW,2025,Q2,10982687,2.58
GROW,2025,Q4,10576156,
GROY,2025,Q4,224530457,4.04
GRPN,2024,Q1,39540752,13.34
GRPN,2024,Q2,39741926,15.3
GRPN,2024,Q3,39767842,9.78
GRPN,2024,Q4,39810936,12.15
GRPN,2025,Q1,39816140,18.77
GRPN,2025,Q2,40425985,33.45
GRPN,2025,Q3,40754803,23.35
GRPN,2025,Q4,40743491,17.61
GRRR,2025,Q4,26188972,10.92
GRWG,2024,Q1,60708727,2.86
GRWG,2024,Q2,59171547,2.15
GRWG,2024,Q3,59244518,2.13
GRWG,2024,Q4,59458017,1.69
GRWG,2025,Q1,59495766,1.08
GRWG,2025,Q2,59771716,0.94
GRWG,2025,Q3,59843443,1.87
GRWG,2025,Q4,60090905,1.5
GRYP,2025,Q3,11002954,
GRYP,2025,Q4,326896215,
GS,2024,Q2,315799555,452.32
GS,2024,Q3,313909821,495.11
GS,2024,Q4,312039033,572.62
GS,2025,Q1,306841128,546.29
GS,2025,Q2,302721092,707.75
GS,2025,Q3,299928511,796.35
GS,2025,Q4,296752922,879.0
GSAT,2024,Q2,1900000000,1.12
GSAT,2024,Q3,1892373380,1.24
GSAT,2024,Q4,1896640740,2.07
GSAT,2025,Q1,126583126,20.86
GSAT,2025,Q2,126672742,23.55
GSAT,2025,Q3,126838414,36.39
GSAT,2025,Q4,128554348,61.04
GSBC,2025,Q3,11189262,61.25
GSBC,2025,Q4,10963133,61.56
GSBD,2024,Q1,112223204,14.98
GSBD,2024,Q2,116876903,15.03
GSBD,2024,Q3,117297222,13.76
GSBD,2024,Q4,117297222,12.1
GSBD,2025,Q1,117297222,11.63
GSBD,2025,Q2,114113096,11.25
GSBD,2025,Q3,114113096,10.17
GSBD,2025,Q4,112569067,9.28
GSHD,2024,Q2,24208239,57.44
GSHD,2024,Q3,24392939,89.3
GSHD,2024,Q4,24709559,107.22
GSHD,2025,Q1,25057908,118.06
GSHD,2025,Q2,25350955,105.51
GSHD,2025,Q3,24908881,74.42
GSHD,2025,Q4,24653390,73.65
GSHD,2026,Q1,23670665,
GSHRU,2025,Q3,14940625,
GSHRU,2025,Q4,14940625,
GSIT,2025,Q1,27872119,2.03
GSIT,2025,Q4,36186203,6.21
GSK,2025,Q4,4315445026,49.04
GSL,2025,Q4,35913628,35.04
GSM,2024,Q3,187884992,4.64
GSM,2024,Q4,187884992,3.8
GSM,2025,Q1,187884992,3.71
GSM,2025,Q3,186630000,4.55
GSM,2025,Q4,187885076,4.64
GSRT,2024,Q3,23422500,
GSRT,2024,Q4,23422500,9.89
GSRT,2025,Q1,23422500,10.01
GSRT,2025,Q2,23422500,10.79
GT,2024,Q1,284687007,13.73
GT,2024,Q2,284687007,11.35
GT,2024,Q3,284919673,8.85
GT,2024,Q4,284974263,9.0
GT,2025,Q1,285703218,9.24
GT,2025,Q2,286046462,10.37
GT,2025,Q3,286160909,7.48
GT,2025,Q4,286247045,8.76
GTBP,2025,Q3,10636135,0.59
GTBP,2025,Q4,31553892,0.79
GTE,2025,Q3,35295753,4.35
GTE,2025,Q4,35298774,4.24
GTEC,2025,Q3,17394226,1.32
GTEC,2025,Q4,11382486,0.61
GTERU,2025,Q3,17893817,
GTERU,2025,Q4,17893817,
GTES,2024,Q1,261380261,17.71
GTES,2024,Q2,261612701,15.81
GTES,2024,Q3,254717843,17.55
GTES,2024,Q4,255413513,20.57
GTES,2025,Q1,257771167,18.41
GTES,2025,Q2,257584131,23.03
GTES,2025,Q3,258280391,24.82
GTES,2025,Q4,253855699,21.47
GTI,2025,Q2,2467337,
GTI,2025,Q3,3845062,
GTIM,2025,Q3,10557896,1.64
GTIM,2025,Q4,10557896,1.21
GTLB,2023,Q4,107900000,62.96
GTLB,2024,Q1,130200000,58.32
GTLB,2024,Q2,132700000,49.72
GTLB,2024,Q3,136500000,51.54
GTLB,2024,Q4,141200000,56.35
GTLB,2025,Q1,144600000,47.0
GTLB,2025,Q2,146100000,45.11
GTLB,2025,Q3,147900000,45.08
GTLB,2025,Q4,149800000,37.53
GTLB,2026,Q1,153400000,21.64
GTLS,2024,Q1,42801041,164.72
GTLS,2024,Q2,42805971,144.34
GTLS,2024,Q3,42811055,124.14
GTLS,2024,Q4,45688580,190.84
GTLS,2025,Q1,45699347,144.36
GTLS,2025,Q2,44945406,164.65
GTLS,2025,Q3,44952953,200.15
GTLS,2025,Q4,47865593,206.23
GTM,2025,Q3,311592534,10.91
GTM,2025,Q4,305294644,10.17
GTN,2024,Q1,90294783,6.32
GTN,2024,Q2,90824445,5.2
GTN,2024,Q3,90824445,5.36
GTN,2024,Q4,91812952,3.15
GTN,2025,Q1,92207005,4.32
GTN,2025,Q3,102090000,5.78
GTN,2025,Q4,111945759,4.84
GTN.A,2025,Q3,9586408,
GTN.A,2025,Q4,10212436,
GTX,2024,Q1,225990207,9.94
GTX,2024,Q2,218606857,8.59
GTX,2024,Q3,213562312,8.18
GTX,2024,Q4,205009801,9.03
GTX,2025,Q1,202619947,8.37
GTX,2025,Q2,201575459,10.51
GTX,2025,Q3,194482518,13.62
GTX,2025,Q4,189971052,17.43
GTY,2024,Q2,54185385,26.66
GTY,2024,Q3,55017390,31.81
GTY,2024,Q4,55027697,30.13
GTY,2025,Q1,55441949,31.18
GTY,2025,Q2,56592585,27.64
GTY,2025,Q3,57743337,26.83
GTY,2025,Q4,59816531,27.37
GTY,2026,Q1,60467028,31.8
GURE,2025,Q3,1382114,
GUTS,2024,Q2,47927214,4.27
GUTS,2024,Q3,48098944,2.53
GUTS,2024,Q4,48920221,2.06
GUTS,2025,Q1,48976636,1.19
GUTS,2025,Q2,50289014,1.62
GUTS,2025,Q3,137044440,1.59
GUTS,2025,Q4,158648963,2.2
GVA,2024,Q1,44151073,57.13
GVA,2024,Q2,43686890,61.97
GVA,2024,Q3,43712551,79.28
GVA,2024,Q4,43434583,87.71
GVA,2025,Q1,43737844,75.4
GVA,2025,Q2,43786156,93.51
GVA,2025,Q3,43649806,109.65
GVA,2025,Q4,43503673,115.35
GWH,2025,Q3,19617070,1.52
GWH,2025,Q4,27173757,1.88
GWRE,2024,Q1,83322110,116.71
GWRE,2024,Q2,82663305,137.89
GWRE,2024,Q3,83025888,182.94
GWRE,2024,Q4,83519257,168.58
GWRE,2025,Q1,83880712,187.36
GWRE,2025,Q2,84195223,235.45
GWRE,2025,Q3,84530578,229.86
GWRE,2025,Q4,85019176,201.01
GWRE,2026,Q1,84657470,149.56
GWRS,2025,Q3,28750265,10.3
GWRS,2025,Q4,28756854,8.45
GWW,2024,Q1,49068805,1017.3
GWW,2024,Q2,48825703,902.24
GWW,2024,Q3,48700165,1038.81
GWW,2024,Q4,48216708,1054.05
GWW,2025,Q1,48039213,987.83
GWW,2025,Q2,47832244,1040.24
GWW,2025,Q3,47549337,952.96
GWW,2025,Q4,47373024,1009.05
GXAI,2025,Q3,7123453,
GXAI,2025,Q4,10219934,
GXO,2024,Q1,119431782,53.76
GXO,2024,Q2,119466455,50.5
GXO,2024,Q3,119482559,52.07
GXO,2024,Q4,119518035,43.5
GXO,2025,Q1,114418990,39.08
GXO,2025,Q2,114473279,48.7
GXO,2025,Q3,114489437,52.89
GXO,2025,Q4,114713579,52.64
GYRE,2025,Q3,96333157,7.46
GYRE,2025,Q4,96963611,7.06
GYRO,2025,Q3,2199308,
GYRO,2025,Q4,2199308,
H,2024,Q1,45179171,159.62
H,2024,Q2,44928893,151.92
H,2024,Q3,42289812,152.2
H,2024,Q4,42645073,156.98
H,2025,Q1,41943709,122.5
H,2025,Q2,42337031,139.65
H,2025,Q3,41819241,141.93
H,2025,Q4,41336292,160.32
HAE,2023,Q4,50786117,85.51
HAE,2024,Q1,50841442,85.35
HAE,2024,Q2,51177734,82.73
HAE,2024,Q3,50223887,80.38
HAE,2024,Q4,50237466,78.08
HAE,2025,Q1,48036996,63.55
HAE,2025,Q2,48177256,74.61
HAE,2025,Q3,46809672,48.74
HAE,2025,Q4,46471350,80.15
HAFC,2024,Q2,30268376,16.72
HAFC,2024,Q3,30196372,18.6
HAFC,2024,Q4,30196234,23.62
HAFC,2025,Q1,30212095,22.66
HAFC,2025,Q2,30126029,24.68
HAFC,2025,Q3,29955307,24.69
HAFC,2025,Q4,29892589,27.03
HAIN,2024,Q1,89844077,7.86
HAIN,2024,Q2,89844564,6.91
HAIN,2024,Q3,90194130,8.63
HAIN,2024,Q4,90246859,6.15
HAIN,2025,Q1,90253483,4.15
HAIN,2025,Q2,90292752,1.52
HAIN,2025,Q3,90567218,1.58
HAIN,2025,Q4,90992740,1.07
HAL,2024,Q1,885301252,39.42
HAL,2024,Q2,882828515,33.78
HAL,2024,Q3,878501985,29.05
HAL,2024,Q4,868091623,27.19
HAL,2025,Q1,859715017,25.37
HAL,2025,Q2,852602102,20.38
HAL,2025,Q3,841626610,24.6
HAL,2025,Q4,837548345,28.26
HAL,2026,Q1,835397735,38.99
HALO,2024,Q1,127274000,40.68
HALO,2024,Q2,126678280,52.36
HALO,2024,Q3,127227000,57.24
HALO,2024,Q4,123153000,47.81
HALO,2025,Q1,123221000,63.81
HALO,2025,Q2,116966000,52.02
HALO,2025,Q3,117597000,73.34
HALO,2025,Q4,118017000,67.3
HAS,2024,Q1,139215964,56.52
HAS,2024,Q2,139407124,58.5
HAS,2024,Q3,139501418,72.32
HAS,2024,Q4,139531311,55.91
HAS,2025,Q1,140129383,61.49
HAS,2025,Q2,140232540,73.82
HAS,2025,Q3,140337023,75.85
HAS,2025,Q4,140685758,82.0
HASI,2024,Q1,114033939,28.4
HASI,2024,Q2,116751041,29.6
HASI,2024,Q3,118792128,34.47
HASI,2024,Q4,119278694,26.83
HASI,2025,Q1,121446364,29.24
HASI,2025,Q2,124346724,26.86
HASI,2025,Q3,126527736,30.7
HASI,2025,Q4,128184572,31.43
HAYW,2024,Q1,214716389,15.31
HAYW,2024,Q2,215071798,12.3
HAYW,2024,Q3,215412560,15.34
HAYW,2024,Q4,215778520,15.29
HAYW,2025,Q1,216204137,13.92
HAYW,2025,Q2,216706567,13.8
HAYW,2025,Q3,216863239,15.12
HAYW,2025,Q4,217207659,15.45
HBAN,2024,Q1,1449254147,13.95
HBAN,2024,Q2,1452432838,13.18
HBAN,2024,Q3,1452811392,14.7
HBAN,2024,Q4,1453758267,16.27
HBAN,2025,Q1,1456811621,15.01
HBAN,2025,Q2,1458800042,16.76
HBAN,2025,Q3,1459390757,17.27
HBAN,2025,Q4,2029792391,17.35
HBB,2025,Q3,9855732,14.37
HBB,2025,Q4,9839337,16.45
HBCP,2025,Q3,7828144,54.33
HBCP,2025,Q4,7836346,57.8
HBI,2024,Q1,351563309,5.8
HBI,2024,Q2,351684726,4.93
HBI,2024,Q3,352495979,7.35
HBI,2024,Q4,353108892,8.14
HBI,2025,Q1,353639601,5.77
HBI,2025,Q2,353731138,4.58
HBI,2025,Q3,353802157,6.59
HBIO,2024,Q2,43610883,2.85
HBIO,2024,Q3,43616621,2.69
HBIO,2024,Q4,44074475,2.11
HBIO,2025,Q1,44213746,0.57
HBIO,2025,Q2,44531198,0.44
HBIO,2025,Q3,44579665,0.44
HBIO,2025,Q4,44719894,0.67
HBM,2025,Q4,395521903,19.85
HBNC,2024,Q2,43712059,12.37
HBNC,2024,Q3,43715218,15.55
HBNC,2024,Q4,44014506,16.11
HBNC,2025,Q1,44097291,15.08
HBNC,2025,Q2,44097891,15.38
HBNC,2025,Q3,51217433,16.01
HBNC,2025,Q4,51225946,16.96
HBT,2025,Q3,31431924,25.2
HBT,2025,Q4,31431924,25.85
HCA,2024,Q1,261914100,333.53
HCA,2024,Q2,258073500,321.28
HCA,2024,Q3,253297100,406.43
HCA,2024,Q4,248341900,300.15
HCA,2025,Q1,240573900,345.55
HCA,2025,Q2,233993500,383.1
HCA,2025,Q3,228193900,426.2
HCA,2025,Q4,223622200,466.86
HCAT,2024,Q1,59034936,7.53
HCAT,2024,Q2,60470248,6.39
HCAT,2024,Q3,60847658,8.14
HCAT,2024,Q4,70210651,7.07
HCAT,2025,Q1,69601233,4.53
HCAT,2025,Q2,70373625,3.77
HCAT,2025,Q3,70730884,2.85
HCAT,2025,Q4,73586183,2.39
HCC,2024,Q1,52300707,60.7
HCC,2024,Q2,52310724,62.77
HCC,2024,Q3,52311533,63.9
HCC,2024,Q4,52540246,54.24
HCC,2025,Q1,52559285,47.72
HCC,2025,Q2,52569346,45.83
HCC,2025,Q3,52570156,63.64
HCC,2025,Q4,52570156,88.17
HCI,2024,Q3,10537256,107.06
HCI,2025,Q3,12960037,191.93
HCI,2025,Q4,12991955,191.69
HCKT,2024,Q1,27613912,24.3
HCKT,2024,Q2,27647354,21.72
HCKT,2024,Q3,27593479,26.27
HCKT,2024,Q4,27791221,30.72
HCKT,2025,Q1,27655225,29.22
HCKT,2025,Q2,27510689,25.42
HCKT,2025,Q3,27130815,19.01
HCKT,2025,Q4,25380429,19.63
HCM,2025,Q4,872327620,13.33
HCSG,2024,Q2,73383184,10.58
HCSG,2024,Q3,73291057,11.17
HCSG,2024,Q4,73487743,11.61
HCSG,2025,Q1,72918630,10.08
HCSG,2025,Q2,72412725,15.03
HCSG,2025,Q3,70455509,16.83
HCSG,2025,Q4,70267582,19.12
HCSG,2026,Q1,68645212,18.55
HCTI,2025,Q3,7261344,
HCWB,2025,Q3,2701607,
HCWB,2025,Q4,6734104,
HCWC,2025,Q3,15065750,0.76
HCWC,2025,Q4,22750825,
HD,2024,Q1,991015773,383.6
HD,2024,Q2,991614186,344.24
HD,2024,Q3,993293377,405.2
HD,2024,Q4,993362612,388.99
HD,2025,Q1,994032168,366.49
HD,2025,Q2,994927985,366.64
HD,2025,Q3,995386647,405.19
HD,2025,Q4,995511485,344.1
HD,2026,Q1,996011466,328.89
HDB,2024,Q3,2543589888,62.56
HDB,2024,Q4,2549430016,63.86
HDB,2025,Q1,2550629888,66.44
HDB,2025,Q3,5100000000,34.16
HDB,2025,Q4,5128179445,36.54
HDL,2025,Q4,650299000,
HDSN,2024,Q2,45521739,8.79
HDSN,2024,Q3,45198507,8.34
HDSN,2024,Q4,44025108,5.58
HDSN,2025,Q1,43480721,6.17
HDSN,2025,Q2,43668370,8.12
HDSN,2025,Q3,43598202,9.93
HDSN,2025,Q4,42468822,6.85
HE,2024,Q1,110302667,11.27
HE,2024,Q2,110303446,9.02
HE,2024,Q3,172465608,9.68
HE,2024,Q4,172465608,9.73
HE,2025,Q1,172494263,10.95
HE,2025,Q2,172611853,10.63
HE,2025,Q3,172620476,11.04
HE,2025,Q4,172620476,12.3
HEES,2024,Q2,36522703,44.17
HEES,2024,Q3,36610928,48.68
HEES,2024,Q4,36613180,48.96
HEES,2025,Q1,36666584,
HEI,2024,Q1,54772494,191.0
HEI,2024,Q2,54835023,223.61
HEI,2024,Q3,54841673,261.48
HEI,2024,Q4,54986227,237.74
HEI,2025,Q1,55024967,267.19
HEI,2025,Q2,55048774,328.0
HEI.A,2024,Q1,83591871,153.94
HEI.A,2024,Q2,83660813,177.52
HEI.A,2024,Q3,83756208,203.76
HEI.A,2024,Q4,83843858,186.08
HEI.A,2025,Q1,83922279,210.97
HEI.A,2025,Q2,84055338,258.75
HEI.A,2025,Q3,84152807,254.09
HEI.A,2025,Q4,84213758,252.43
HEI.A,2026,Q1,84369872,211.09
HELE,2023,Q4,23746423,120.81
HELE,2024,Q1,23810028,115.24
HELE,2024,Q2,22813316,92.74
HELE,2024,Q3,22851622,61.85
HELE,2024,Q4,22855739,59.83
HELE,2025,Q1,22942650,53.49
HELE,2025,Q2,22955346,28.38
HELE,2025,Q3,23028819,25.2
HELE,2025,Q4,23072103,21.25
HELE,2026,Q1,23257705,
HES,2024,Q1,308111879,152.64
HES,2024,Q2,308114909,147.52
HES,2024,Q3,308118241,135.8
HES,2024,Q4,308291660,133.01
HES,2025,Q1,309271043,159.73
HESM,2024,Q1,79921383,36.13
HESM,2024,Q2,91421383,36.44
HESM,2024,Q3,104071383,35.27
HESM,2024,Q4,116736900,37.03
HESM,2025,Q1,116778607,42.29
HESM,2025,Q2,131084592,38.51
HESM,2025,Q3,129392378,34.55
HESM,2025,Q4,129403244,34.5
HFBL,2025,Q2,3058169,
HFBL,2025,Q4,3074637,
HFFG,2025,Q3,53043832,2.76
HFFG,2025,Q4,53043832,2.15
HFWA,2024,Q2,34496197,18.03
HFWA,2024,Q3,34153539,21.77
HFWA,2024,Q4,33990827,24.5
HFWA,2025,Q1,34105516,24.33
HFWA,2025,Q2,33953194,23.84
HFWA,2025,Q3,33956738,24.19
HFWA,2025,Q4,41131100,23.65
HG,2024,Q2,61338501,16.65
HG,2024,Q3,64196974,19.34
HG,2024,Q4,64620239,19.03
HG,2025,Q1,67015693,20.73
HG,2025,Q2,66317132,21.62
HG,2025,Q3,64537772,24.8
HG,2025,Q4,66305707,27.9
HGBL,2025,Q3,34741553,1.66
HGBL,2025,Q4,34741553,1.24
HGTY,2024,Q1,85703286,9.15
HGTY,2024,Q2,89811069,10.4
HGTY,2024,Q3,90032391,10.17
HGTY,2024,Q4,90040663,9.65
HGTY,2025,Q1,90715648,9.04
HGTY,2025,Q2,90942223,10.11
HGTY,2025,Q3,100511893,12.04
HGTY,2025,Q4,101066533,13.44
HGV,2024,Q1,103703246,47.21
HGV,2024,Q2,101498544,40.43
HGV,2024,Q3,98488634,36.32
HGV,2024,Q4,95280832,38.95
HGV,2025,Q1,91666045,37.41
HGV,2025,Q2,89168731,41.53
HGV,2025,Q3,85543093,41.81
HGV,2025,Q4,81423992,44.75
HHH,2024,Q2,50236422,64.82
HHH,2024,Q3,50137514,77.43
HHH,2024,Q4,50405101,76.92
HHH,2025,Q1,50391128,74.08
HHH,2025,Q2,59401210,67.5
HHH,2025,Q3,59390960,82.17
HHH,2025,Q4,59636343,79.77
HHS,2025,Q3,7414794,3.71
HHS,2025,Q4,7414794,3.01
HI,2024,Q1,70195438,50.29
HI,2024,Q2,70226313,40.02
HI,2024,Q3,70239942,27.8
HI,2024,Q4,70420357,30.78
HI,2025,Q1,70453924,24.14
HI,2025,Q2,70482047,20.07
HI,2025,Q3,70506819,27.04
HI,2025,Q4,70656607,31.72
HIG,2024,Q1,295755372,103.05
HIG,2024,Q2,293014422,100.54
HIG,2024,Q3,289890995,117.61
HIG,2024,Q4,285386985,109.4
HIG,2025,Q1,284102986,123.73
HIG,2025,Q2,281171656,126.87
HIG,2025,Q3,278650292,133.39
HIG,2025,Q4,275863220,137.8
HIG,2026,Q1,274130820,135.23
HII,2024,Q1,39433340,291.47
HII,2024,Q2,39215232,246.33
HII,2024,Q3,39129347,264.38
HII,2024,Q4,39130163,188.97
HII,2025,Q1,39239134,204.04
HII,2025,Q2,39240631,241.46
HII,2025,Q3,39241434,287.91
HII,2025,Q4,39242688,340.07
HIMS,2024,Q1,206408463,15.47
HIMS,2024,Q2,208702250,20.19
HIMS,2024,Q3,210101491,18.42
HIMS,2024,Q4,213787949,24.18
HIMS,2025,Q1,215453899,29.55
HIMS,2025,Q2,217641958,49.85
HIMS,2025,Q3,219270891,56.72
HIMS,2025,Q4,219561143,32.47
HIMX,2024,Q3,174724000,5.5
HIMX,2024,Q4,175000000,8.04
HIMX,2025,Q1,174900000,7.35
HIMX,2025,Q3,174910000,8.83
HIMX,2025,Q4,174913407,8.19
HIPO,2025,Q3,25335179,36.16
HIPO,2025,Q4,25970978,30.08
HIT,2025,Q3,45208808,3.21
HIT,2025,Q4,48258276,1.59
HITI,2025,Q4,87235986,2.65
HIVE,2024,Q3,118690000,3.13
HIVE,2024,Q4,129042000,2.85
HIVE,2025,Q1,155402000,1.45
HIVE,2025,Q3,237710000,4.03
HIVE,2025,Q4,237966983,2.58
HIW,2024,Q1,105995812,26.18
HIW,2024,Q2,106009945,26.27
HIW,2024,Q3,106020426,33.51
HIW,2024,Q4,107623777,30.58
HIW,2025,Q1,107810610,29.64
HIW,2025,Q2,108073015,31.09
HIW,2025,Q3,109893942,31.82
HIW,2025,Q4,109931096,25.82
HIW,2026,Q1,110272697,21.41
HKD,2025,Q4,78809300,
HL,2024,Q1,626290204,4.81
HL,2024,Q2,629715867,4.85
HL,2024,Q3,637015436,6.67
HL,2024,Q4,631831137,4.91
HL,2025,Q1,632563246,5.56
HL,2025,Q2,669983628,5.99
HL,2025,Q3,670098670,12.1
HL,2025,Q4,670349801,19.19
HLF,2024,Q1,99967569,10.05
HLF,2024,Q2,100717737,10.39
HLF,2024,Q3,100791979,7.19
HLF,2024,Q4,101197037,6.69
HLF,2025,Q1,101846731,8.63
HLF,2025,Q2,103105683,8.62
HLF,2025,Q3,103310720,8.44
HLF,2025,Q4,103365565,12.89
HLI,2024,Q1,52528157,128.19
HLI,2024,Q2,53119956,134.86
HLI,2024,Q3,53481054,158.02
HLI,2024,Q4,54026364,173.66
HLI,2025,Q1,53789857,161.5
HLI,2025,Q2,54369453,179.95
HLI,2025,Q3,54515003,205.32
HLI,2025,Q4,54354265,174.19
HLIO,2024,Q1,33197487,44.69
HLIO,2024,Q2,33219806,47.75
HLIO,2024,Q3,33242374,47.7
HLIO,2024,Q4,33296057,44.64
HLIO,2025,Q1,33331814,32.09
HLIO,2025,Q2,33153838,33.37
HLIO,2025,Q3,33128494,52.13
HLIO,2026,Q1,33107113,64.71
HLIT,2024,Q1,116542186,13.44
HLIT,2024,Q2,116326955,11.77
HLIT,2024,Q3,116528212,14.57
HLIT,2024,Q4,117052884,13.23
HLIT,2025,Q1,113096815,9.59
HLIT,2025,Q2,113759524,9.47
HLIT,2025,Q3,112233082,10.18
HLIT,2025,Q4,110242356,9.89
HLLY,2024,Q1,119311341,4.46
HLLY,2024,Q2,119777222,3.58
HLLY,2024,Q3,119797033,2.95
HLLY,2024,Q4,119958936,3.02
HLLY,2025,Q1,120180639,2.57
HLLY,2025,Q2,120499661,2.0
HLLY,2025,Q3,120509897,3.14
HLLY,2025,Q4,120941585,4.13
HLMN,2024,Q1,195942000,10.64
HLMN,2024,Q2,196156000,8.85
HLMN,2024,Q3,196514000,10.56
HLMN,2024,Q4,196706000,9.74
HLMN,2025,Q1,197381000,8.79
HLMN,2025,Q2,197639225,7.14
HLMN,2025,Q3,197289638,9.18
HLMN,2025,Q4,196590905,8.66
HLMN,2026,Q1,196209606,8.32
HLN,2025,Q4,8952353648,10.11
HLNE,2023,Q4,38596292,113.44
HLNE,2024,Q1,40528050,112.76
HLNE,2024,Q2,40532856,123.58
HLNE,2024,Q3,41769531,168.39
HLNE,2024,Q4,41774951,148.05
HLNE,2025,Q1,41374706,148.67
HLNE,2025,Q2,43500459,142.12
HLNE,2025,Q3,43967288,134.79
HLNE,2025,Q4,43938664,134.31
HLT,2024,Q1,250046052,213.31
HLT,2024,Q2,246427097,218.2
HLT,2024,Q3,243779806,230.5
HLT,2024,Q4,240596519,247.16
HLT,2025,Q1,237699736,227.55
HLT,2025,Q2,235193753,266.34
HLT,2025,Q3,232435166,259.44
HLT,2025,Q4,229291615,287.25
HLT,2026,Q1,227648372,304.08
HLVX,2024,Q2,49784938,14.46
HLVX,2024,Q3,49806070,1.76
HLVX,2024,Q4,50141064,2.07
HLVX,2025,Q1,50141064,1.45
HLVX,2025,Q2,50141064,1.99
HLX,2024,Q1,152453000,10.84
HLX,2024,Q2,152052989,11.94
HLX,2024,Q3,152103502,11.1
HLX,2024,Q4,150936476,9.32
HLX,2025,Q1,151530339,8.31
HLX,2025,Q2,146985573,6.24
HLX,2025,Q3,147080917,6.56
HLX,2025,Q4,147296092,6.27
HLX,2026,Q1,147296092,9.89
HLXB,2024,Q1,18400000,
HLXB,2024,Q2,18909000,10.22
HLXB,2024,Q3,18909000,10.45
HLXB,2024,Q4,18909000,10.5
HLXB,2025,Q1,18909000,11.3
HLXB,2025,Q2,18909000,10.62
HLXB,2025,Q3,79988687,
HLXB,2025,Q4,80032823,
HMC,2024,Q3,1573280000,31.73
HMC,2024,Q4,1546400000,28.55
HMC,2025,Q1,1469810048,27.13
HMC,2025,Q3,1560000000,30.8
HMC,2025,Q4,1297516652,29.48
HMN,2024,Q2,40768813,32.62
HMN,2024,Q3,40757989,34.95
HMN,2024,Q4,40871981,39.23
HMN,2025,Q1,40779105,42.73
HMN,2025,Q2,40695729,42.97
HMN,2025,Q3,40684968,45.17
HMN,2025,Q4,40449550,46.18
HMST,2024,Q2,18857565,11.4
HMST,2024,Q3,18857565,15.76
HMST,2024,Q4,18920808,11.42
HMST,2025,Q1,18920808,11.74
HMST,2025,Q2,18920808,13.07
HMST,2025,Q3,221203135,13.31
HMST,2025,Q4,221305009,14.63
HMY,2024,Q3,632587008,10.17
HMY,2024,Q4,622068992,8.21
HMY,2025,Q1,622182976,14.77
HMY,2025,Q3,636800000,18.15
HMY,2025,Q4,624583397,19.9
HNGE,2025,Q3,37919155,49.08
HNGE,2025,Q4,55816216,46.45
HNI,2024,Q1,47297068,45.13
HNI,2024,Q2,47138842,45.02
HNI,2024,Q3,47804011,53.84
HNI,2024,Q4,47015287,50.37
HNI,2025,Q1,46552671,44.35
HNI,2025,Q2,45804236,49.18
HNI,2025,Q3,45831261,46.85
HNI,2026,Q1,71270999,33.39
HNNA,2025,Q3,7891917,10.53
HNNA,2025,Q4,7892177,9.6
HNRG,2024,Q2,42598058,7.77
HNRG,2024,Q3,42617108,9.43
HNRG,2024,Q4,42619347,11.45
HNRG,2025,Q1,42976180,12.28
HNRG,2025,Q2,43010230,15.83
HNRG,2025,Q3,43825006,19.57
HNRG,2025,Q4,47023495,19.04
HNST,2024,Q1,98637688,4.05
HNST,2024,Q2,100081644,2.92
HNST,2024,Q3,100961365,3.57
HNST,2024,Q4,108910399,6.93
HNST,2025,Q1,110237061,4.7
HNST,2025,Q2,111269491,5.09
HNST,2025,Q3,111790674,3.68
HNST,2025,Q4,112474217,2.58
HNVR,2025,Q3,7192390,22.45
HNVR,2025,Q4,7172128,
HOFT,2025,Q1,10702685,10.04
HOFT,2025,Q4,10777720,11.29
HOFT,2026,Q1,10779729,
HOG,2024,Q1,134505837,43.74
HOG,2024,Q2,131620992,33.54
HOG,2024,Q3,127326708,38.53
HOG,2024,Q4,124536850,30.13
HOG,2025,Q1,121487659,25.25
HOG,2025,Q2,121552837,23.6
HOG,2025,Q3,118141863,27.9
HOG,2025,Q4,111850563,20.49
HOLO,2025,Q4,22512360,2.64
HOLX,2024,Q1,233376948,77.96
HOLX,2024,Q2,232271906,74.25
HOLX,2024,Q3,226941217,81.46
HOLX,2024,Q4,224389612,72.09
HOLX,2025,Q1,222845246,61.77
HOLX,2025,Q2,222419282,65.16
HOLX,2025,Q3,222905228,67.49
HOLX,2025,Q4,223244905,74.49
HOMB,2024,Q1,200321198,24.57
HOMB,2024,Q2,199681791,23.96
HOMB,2024,Q3,198798186,27.09
HOMB,2024,Q4,198550689,28.3
HOMB,2025,Q1,197463921,28.27
HOMB,2025,Q2,197078657,28.46
HOMB,2025,Q3,196542380,28.3
HOMB,2025,Q4,196634178,27.78
HON,2024,Q1,651185513,205.25
HON,2024,Q2,649671200,213.54
HON,2024,Q3,650247380,206.71
HON,2024,Q4,649918551,225.89
HON,2025,Q1,642682909,211.75
HON,2025,Q2,634896562,232.88
HON,2025,Q3,634887208,210.5
HON,2025,Q4,635675701,195.09
HON,2026,Q1,633653119,226.03
HOND,2024,Q2,23000000,
HOND,2024,Q3,23000000,
HOND,2024,Q4,23000000,10.02
HOND,2025,Q1,23000000,10.52
HONDU,2025,Q3,22992610,
HONDU,2025,Q4,105935266,
HONE,2024,Q2,44408490,11.13
HONE,2024,Q3,44051554,12.98
HONE,2024,Q4,43497648,11.83
HONE,2025,Q1,43090980,10.37
HONE,2025,Q2,43158596,11.68
HOOD,2024,Q1,754859894,20.13
HOOD,2024,Q2,762910826,22.71
HOOD,2024,Q3,763562814,23.42
HOOD,2024,Q4,767947897,37.26
HOOD,2025,Q1,767047021,41.62
HOOD,2025,Q2,773963666,93.63
HOOD,2025,Q3,786356025,143.18
HOOD,2025,Q4,790054654,113.1
HOPE,2024,Q2,120731627,10.74
HOPE,2024,Q3,120738974,12.56
HOPE,2024,Q4,120767793,12.29
HOPE,2025,Q1,128056081,10.47
HOPE,2025,Q2,128179759,10.73
HOPE,2025,Q3,128186234,10.77
HOPE,2025,Q4,128203739,10.96
HOTH,2025,Q3,15514312,1.62
HOTH,2025,Q4,16257652,0.99
HOUR,2025,Q3,35176320,
HOUR,2025,Q4,35183890,
HOUS,2024,Q2,111273147,3.31
HOUS,2024,Q3,111261600,5.08
HOUS,2024,Q4,111261825,3.3
HOUS,2025,Q1,111805379,3.33
HOUS,2025,Q2,112023820,3.62
HOUS,2025,Q3,112130696,10.59
HOV,2025,Q3,5131747,128.49
HOV,2025,Q4,5167955,97.54
HOV,2026,Q1,5153480,
HOVR,2025,Q2,32325709,1.71
HOVR,2025,Q4,43925605,1.47
HOVR,2026,Q1,44958889,
HOWL,2024,Q2,43702147,2.44
HOWL,2024,Q3,44563153,2.12
HOWL,2024,Q4,44827159,1.48
HOWL,2025,Q1,44873646,0.97
HOWL,2025,Q2,45728999,1.09
HOWL,2025,Q3,48540200,1.97
HOWL,2025,Q4,48596817,0.63
HP,2024,Q1,98724737,42.06
HP,2024,Q2,98755412,36.14
HP,2024,Q3,98755412,30.42
HP,2024,Q4,99378608,32.02
HP,2025,Q1,99416614,26.12
HP,2025,Q2,99439833,15.16
HP,2025,Q3,98448373,22.09
HP,2025,Q4,99849488,28.68
HPE,2024,Q1,1300000000,17.73
HPE,2024,Q2,1299673270,21.17
HPE,2024,Q3,1298668639,20.46
HPE,2024,Q4,1315333942,21.35
HPE,2025,Q1,1313578244,15.43
HPE,2025,Q2,1312215620,20.45
HPE,2025,Q3,1319450062,24.56
HPE,2025,Q4,1334533171,24.02
HPE,2026,Q1,1326854089,23.81
HPK,2024,Q1,127855429,15.77
HPK,2024,Q2,127379000,14.06
HPK,2024,Q3,126625221,13.88
HPK,2024,Q4,126067436,14.7
HPK,2025,Q1,126067436,12.66
HPK,2025,Q2,126132288,9.8
HPK,2025,Q3,125587093,7.07
HPK,2025,Q4,126358104,4.74
HPP,2024,Q1,141144592,6.45
HPP,2024,Q2,141232361,4.81
HPP,2024,Q3,141232361,4.78
HPP,2024,Q4,141353435,3.03
HPP,2025,Q1,141392410,2.95
HPP,2025,Q2,379150864,2.74
HPP,2025,Q3,379497228,2.76
HPP,2025,Q4,54242024,10.83
HPQ,2024,Q1,980731959,30.22
HPQ,2024,Q2,978559586,35.02
HPQ,2024,Q3,963717799,35.87
HPQ,2024,Q4,937797736,32.63
HPQ,2025,Q1,942703029,27.69
HPQ,2025,Q2,939272878,24.46
HPQ,2025,Q3,934701851,27.23
HPQ,2025,Q4,917984523,22.28
HPQ,2026,Q1,914550199,19.21
HQI,2025,Q3,14100000,9.62
HQI,2025,Q4,14000000,10.51
HQY,2024,Q1,86158631,81.63
HQY,2024,Q2,87010560,86.2
HQY,2024,Q3,87324465,81.85
HQY,2024,Q4,86662663,95.95
HQY,2025,Q1,86496449,88.37
HQY,2025,Q2,86475351,104.76
HQY,2025,Q3,86156334,94.77
HQY,2025,Q4,85436286,91.61
HQY,2026,Q1,84478406,83.57
HR,2024,Q1,378544088,14.15
HR,2024,Q2,363030249,16.48
HR,2024,Q3,354388216,18.15
HR,2024,Q4,350820406,16.95
HR,2025,Q1,351423450,16.9
HR,2025,Q2,351606597,15.86
HR,2025,Q3,351628689,18.03
HR,2025,Q4,348849902,16.95
HRB,2024,Q1,139529924,49.11
HRB,2024,Q2,139594009,54.23
HRB,2024,Q3,137046262,63.55
HRB,2024,Q4,133849262,52.84
HRB,2025,Q1,133880414,54.91
HRB,2025,Q2,133947444,54.89
HRB,2025,Q3,126425305,50.57
HRB,2025,Q4,126759738,43.58
HRI,2024,Q1,28368574,168.3
HRI,2024,Q2,28394557,133.29
HRI,2024,Q3,28404593,159.43
HRI,2024,Q4,28455466,189.33
HRI,2025,Q1,28497491,134.27
HRI,2025,Q2,33236566,131.69
HRI,2025,Q3,33269714,116.66
HRI,2025,Q4,33370258,148.38
HRI,2026,Q1,33393051,99.55
HRL,2024,Q1,547687578,34.89
HRL,2024,Q2,548305384,30.49
HRL,2024,Q3,548363619,31.7
HRL,2024,Q4,549012922,31.37
HRL,2025,Q1,549912501,30.94
HRL,2025,Q2,549894589,30.25
HRL,2025,Q3,549998433,24.74
HRL,2025,Q4,550107295,23.7
HRL,2026,Q1,550284207,22.65
HRMY,2024,Q2,56834745,30.17
HRMY,2024,Q3,57031297,40.0
HRMY,2024,Q4,57345611,34.41
HRMY,2025,Q1,57424319,33.19
HRMY,2025,Q2,57532601,31.6
HRMY,2025,Q3,57596358,27.56
HRMY,2025,Q4,57840614,37.42
HROW,2024,Q1,35380955,13.23
HROW,2024,Q2,35482944,20.89
HROW,2024,Q3,35614718,44.96
HROW,2024,Q4,35654171,33.55
HROW,2025,Q1,36699553,26.6
HROW,2025,Q2,37002136,30.54
HROW,2025,Q3,37037453,48.18
HROW,2025,Q4,37229705,49.0
HRTG,2024,Q2,30684198,7.08
HRTG,2024,Q3,30684198,12.24
HRTG,2024,Q4,42839713,12.1
HRTG,2025,Q1,30993270,14.42
HRTG,2025,Q2,31017570,24.94
HRTG,2025,Q3,30911435,25.18
HRTG,2025,Q4,30720918,29.26
HRTX,2024,Q2,151668017,3.5
HRTX,2024,Q3,152094912,1.99
HRTX,2024,Q4,152329588,1.53
HRTX,2025,Q1,152563634,2.2
HRTX,2025,Q2,153291798,2.07
HRTX,2025,Q3,183362522,1.26
HRTX,2025,Q4,188537136,1.3
HRZN,2025,Q3,44383292,6.1
HRZN,2025,Q4,47804711,6.45
HSBC,2025,Q4,17175239862,78.67
HSCS,2025,Q2,1934280,
HSCS,2025,Q4,3178207,
HSCS,2026,Q1,3184700,
HSDT,2025,Q3,41301400,
HSDT,2025,Q4,55034047,
HSHP,2025,Q4,46650000,9.1
HSIC,2024,Q1,128050943,75.52
HSIC,2024,Q2,126707799,64.1
HSIC,2024,Q3,124681294,72.9
HSIC,2024,Q4,124176781,69.2
HSIC,2025,Q1,121719546,68.49
HSIC,2025,Q2,121268398,73.05
HSIC,2025,Q3,117724807,66.37
HSIC,2025,Q4,114704121,75.58
HSII,2024,Q2,20317376,31.58
HSII,2024,Q3,20409259,38.86
HSII,2024,Q4,20409835,44.31
HSII,2025,Q1,20620786,42.83
HSII,2025,Q2,20736302,45.76
HSII,2025,Q3,20790543,49.77
HSON,2025,Q3,3435903,
HSON,2025,Q4,3707060,
HSPOU,2025,Q3,2404234,
HSPOU,2025,Q4,2404234,
HSPTU,2025,Q3,9080000,
HSPTU,2025,Q4,7113500,
HST,2024,Q1,705044134,20.68
HST,2024,Q2,702440369,17.98
HST,2024,Q3,699029274,17.6
HST,2024,Q4,699106842,17.52
HST,2025,Q1,693714423,14.21
HST,2025,Q2,687542878,15.36
HST,2025,Q3,687689481,17.02
HST,2025,Q4,687802181,17.73
HSTM,2024,Q2,30408110,27.9
HSTM,2024,Q3,30414883,28.84
HSTM,2024,Q4,30434310,31.8
HSTM,2025,Q1,30525266,32.18
HSTM,2025,Q2,29641207,27.67
HSTM,2025,Q3,29668137,28.24
HSTM,2025,Q4,29356350,23.07
HSY,2024,Q1,147615686,194.5
HSY,2024,Q2,147674274,183.83
HSY,2024,Q3,147741238,191.78
HSY,2024,Q4,147797121,169.35
HSY,2025,Q1,147990276,171.03
HSY,2025,Q2,148110715,165.95
HSY,2025,Q3,148171608,187.05
HSY,2025,Q4,148077438,181.98
HTB,2025,Q3,17444032,40.94
HTB,2025,Q4,16928453,42.94
HTBK,2024,Q2,61294344,8.7
HTBK,2024,Q3,61303366,9.88
HTBK,2024,Q4,61442934,9.38
HTBK,2025,Q1,61595516,9.52
HTBK,2025,Q2,61446763,9.93
HTBK,2025,Q3,61283541,9.93
HTBK,2025,Q4,61593284,12.01
HTCO,2025,Q4,6632441,
HTCR,2025,Q3,25419807,
HTCR,2025,Q4,25435724,
HTGC,2024,Q1,162177209,18.45
HTGC,2024,Q2,162375088,20.45
HTGC,2024,Q3,162449710,19.64
HTGC,2024,Q4,173154658,20.09
HTGC,2025,Q1,175426129,19.21
HTGC,2025,Q2,181675683,18.28
HTGC,2025,Q3,181718075,18.91
HTGC,2025,Q4,183695437,18.82
HTH,2024,Q2,64954138,31.28
HTH,2024,Q3,64961742,32.16
HTH,2024,Q4,64864275,28.63
HTH,2025,Q1,64155154,30.45
HTH,2025,Q2,63001759,30.35
HTH,2025,Q3,61328537,33.42
HTH,2025,Q4,59449557,33.94
HTH,2026,Q1,58530197,35.82
HTLD,2024,Q2,78495260,12.33
HTLD,2024,Q3,78496760,12.28
HTLD,2024,Q4,78549761,11.22
HTLD,2025,Q1,78553566,9.22
HTLD,2025,Q2,77408229,8.64
HTLD,2025,Q3,77447537,8.38
HTLD,2025,Q4,77454920,9.03
HTLM,2025,Q4,89687500,
HTO,2025,Q3,35805089,48.7
HTO,2025,Q4,36164486,48.99
HTZ,2024,Q1,305812590,7.83
HTZ,2024,Q2,306506797,3.53
HTZ,2024,Q3,306689689,3.3
HTZ,2024,Q4,306833824,3.66
HTZ,2025,Q1,309311073,3.94
HTZ,2025,Q2,310786183,6.83
HTZ,2025,Q3,311592905,6.8
HTZ,2025,Q4,312360678,5.14
HUBB,2024,Q1,53685997,415.05
HUBB,2024,Q2,53680930,365.48
HUBB,2024,Q3,53670549,428.35
HUBB,2024,Q4,53667674,418.89
HUBB,2025,Q1,53372595,330.91
HUBB,2025,Q2,53140009,408.41
HUBB,2025,Q3,53144752,430.31
HUBB,2025,Q4,53161602,444.11
HUBG,2024,Q1,61741180,43.22
HUBG,2024,Q2,61597319,43.05
HUBG,2024,Q3,60787701,45.45
HUBG,2024,Q4,60927849,44.56
HUBG,2025,Q1,60669535,37.17
HUBG,2025,Q2,60644678,33.43
HUBG,2025,Q3,60578607,34.44
HUBS,2024,Q1,50962443,626.56
HUBS,2024,Q2,51348838,589.79
HUBS,2024,Q3,51623568,531.6
HUBS,2024,Q4,52153077,696.77
HUBS,2025,Q1,52737566,571.29
HUBS,2025,Q2,52693110,556.63
HUBS,2025,Q3,52385551,467.8
HUBS,2025,Q4,52740536,401.3
HUM,2024,Q1,120500635,346.72
HUM,2024,Q2,120401661,373.65
HUM,2024,Q3,120411343,316.74
HUM,2024,Q4,120644737,253.71
HUM,2025,Q1,120693475,264.6
HUM,2025,Q2,120271819,244.48
HUM,2025,Q3,120273068,260.17
HUM,2025,Q4,120595967,256.13
HUMA,2024,Q1,119084353,3.11
HUMA,2024,Q2,119351122,4.8
HUMA,2024,Q3,125859496,5.44
HUMA,2024,Q4,155118816,5.05
HUMA,2025,Q1,155118816,1.7
HUMA,2025,Q2,158372173,2.09
HUMA,2025,Q3,187271321,1.74
HUMA,2025,Q4,187271330,0.96
HUN,2024,Q1,172996286,26.03
HUN,2024,Q2,173003567,22.77
HUN,2024,Q3,172992221,24.2
HUN,2024,Q4,172983843,18.03
HUN,2025,Q1,173745629,15.79
HUN,2025,Q2,173752121,10.42
HUN,2025,Q3,173751026,8.98
HUN,2025,Q4,174009349,10.0
HURA,2025,Q3,51258085,2.48
HURA,2025,Q4,63578528,0.76
HURC,2025,Q3,6402396,17.4
HURC,2025,Q4,6414616,15.45
HURC,2026,Q1,6446454,
HURN,2024,Q1,18005790,96.62
HURN,2024,Q2,17791109,98.5
HURN,2024,Q3,17740913,108.7
HURN,2024,Q4,17677584,124.26
HURN,2025,Q1,17248034,143.45
HURN,2025,Q2,17306887,137.54
HURN,2025,Q3,17241468,146.77
HURN,2025,Q4,16922924,172.91
HUSA,2025,Q3,34632566,
HUSA,2025,Q4,43720999,1.98
HUT,2024,Q2,91078961,14.99
HUT,2024,Q3,93581092,12.26
HUT,2024,Q4,103855686,20.49
HUT,2025,Q1,104220084,11.62
HUT,2025,Q2,105527928,18.6
HUT,2025,Q3,108036632,34.81
HUT,2025,Q4,110887284,45.94
HUYA,2024,Q3,75985200,5.1
HUYA,2024,Q4,75455504,3.07
HUYA,2025,Q1,74845400,3.21
HUYA,2025,Q3,222350000,3.33
HUYA,2025,Q4,223405600,2.88
HVIIU,2025,Q3,19690000,
HVIIU,2025,Q4,19690000,
HVT,2024,Q1,14960842,34.12
HVT,2024,Q2,15132639,25.29
HVT,2024,Q3,15132639,27.47
HVT,2024,Q4,14922558,22.26
HVT,2025,Q1,14907855,19.72
HVT,2025,Q3,16270000,21.93
HVT,2025,Q4,16266827,23.36
HVT.A,2025,Q3,15046851,
HVT.A,2025,Q4,14934110,
HWBK,2025,Q3,6897646,31.04
HWBK,2025,Q4,6901810,34.88
HWC,2024,Q1,86630304,46.04
HWC,2024,Q2,86346486,47.83
HWC,2024,Q3,86060352,51.17
HWC,2024,Q4,86126971,54.72
HWC,2025,Q1,85643195,52.45
HWC,2025,Q2,84754978,57.4
HWC,2025,Q3,83613122,62.61
HWC,2025,Q4,81662941,63.68
HWH,2025,Q3,6476400,
HWH,2025,Q4,7476400,
HWKN,2023,Q4,20946385,70.42
HWKN,2024,Q2,20904011,91.0
HWKN,2024,Q3,20910745,127.47
HWKN,2024,Q4,20929004,122.67
HWKN,2025,Q1,20800012,105.92
HWKN,2025,Q2,20877130,142.1
HWKN,2025,Q3,20890239,182.72
HWKN,2025,Q4,20902093,142.06
HWM,2024,Q1,408183459,68.43
HWM,2024,Q2,408146607,77.63
HWM,2024,Q3,406260649,100.25
HWM,2024,Q4,405022519,109.37
HWM,2025,Q1,403674062,129.73
HWM,2025,Q2,403126322,186.13
HWM,2025,Q3,402062262,196.23
HWM,2025,Q4,400940063,205.02
HXL,2024,Q1,83114360,72.85
HXL,2024,Q2,81748036000000,62.45
HXL,2024,Q3,81002128000000,61.83
HXL,2024,Q4,81131632,62.7
HXL,2025,Q1,80411288,54.76
HXL,2025,Q2,79563346,56.49
HXL,2025,Q3,79605875,62.7
HXL,2025,Q4,75870417,73.9
HXL,2026,Q1,75427184,80.93
HY,2025,Q3,14283983,36.86
HY,2025,Q4,14452785,29.71
HYAC,2024,Q1,23797600,
HYAC,2024,Q2,23797600,10.51
HYAC,2024,Q3,23797600,10.66
HYAC,2024,Q4,23797600,10.77
HYAC,2025,Q1,23797600,10.99
HYAC,2025,Q3,29180000,11.34
HYAC.U,2025,Q3,23425499,
HYAC.U,2025,Q4,23425499,
HYFM,2025,Q3,4667004,
HYFM,2025,Q4,4764612,
HYLN,2024,Q1,174035799,1.76
HYLN,2024,Q2,173583438,1.62
HYLN,2024,Q3,173734435,2.48
HYLN,2024,Q4,174820174,2.61
HYLN,2025,Q1,175232794,1.4
HYLN,2025,Q2,175436636,1.32
HYLN,2025,Q3,175974228,1.97
HYLN,2025,Q4,177812784,1.84
HYMC,2024,Q1,23063716,
HYMC,2024,Q2,24022151,2.4
HYMC,2024,Q3,24753691,2.5
HYMC,2024,Q4,24983358,
HYMC,2025,Q1,24983358,3.24
HYMC,2025,Q2,39162596,3.13
HYMC,2025,Q3,80965791,6.2
HYMC,2025,Q4,91036037,23.77
HYMC,2026,Q1,91360601,
HYPD,2025,Q3,8097659,
HYPD,2025,Q4,11391645,3.56
HYPR,2025,Q3,82113369,1.45
HYPR,2025,Q4,82902422,0.98
HZO,2024,Q2,22318260,32.37
HZO,2024,Q4,22707321,28.95
HZO,2025,Q1,21473400,21.5
HZO,2025,Q2,21463563,25.14
HZO,2025,Q3,21869518,25.33
HZO,2025,Q4,22027414,24.23
HZO,2026,Q1,22028154,
IAC,2024,Q1,80304683,53.34
IAC,2024,Q2,80333866,46.85
IAC,2024,Q3,80479073,53.82
IAC,2024,Q4,77493837,43.14
IAC,2025,Q1,74052275,45.94
IAC,2025,Q2,74367772,37.34
IAC,2025,Q3,71643545,34.07
IAC,2025,Q4,71118465,39.1
IAG,2024,Q3,570300032,5.23
IAG,2024,Q4,571200000,5.16
IAG,2025,Q1,574788992,6.25
IAG,2025,Q3,575330000,12.93
IAG,2025,Q4,591144545,16.49
IART,2024,Q1,78799694,35.45
IART,2024,Q2,77582027,29.14
IART,2024,Q3,77163524,18.17
IART,2024,Q4,77218920,22.68
IART,2025,Q1,77712274,21.99
IART,2025,Q2,77910790,12.27
IART,2025,Q3,77892111,14.33
IART,2025,Q4,77937208,12.42
IAS,2024,Q1,160543505,9.97
IAS,2024,Q2,161364929,9.72
IAS,2024,Q3,162670447,10.81
IAS,2024,Q4,163800302,10.44
IAS,2025,Q1,165016300,8.06
IAS,2025,Q2,166163514,8.31
IAS,2025,Q3,167854529,10.17
IAUX,2024,Q4,443358811,0.48
IAUX,2025,Q1,443358811,0.58
IAUX,2025,Q2,816047291,0.6
IAUX,2025,Q3,826281972,0.96
IAUX,2025,Q4,840102280,1.46
IBAC,2025,Q3,5739970,10.52
IBAC,2025,Q4,5739970,
IBCP,2024,Q2,20896522,27.0
IBCP,2024,Q3,20894078,33.35
IBCP,2024,Q4,20972763,34.83
IBCP,2025,Q1,20720940,30.79
IBCP,2025,Q2,20709510,32.41
IBCP,2025,Q3,20691952,30.98
IBCP,2025,Q4,20588446,32.53
IBEX,2025,Q2,13315077,29.1
IBEX,2025,Q4,13405520,38.18
IBIO,2025,Q2,19654636,
IBIO,2025,Q4,34543561,
IBKR,2024,Q1,107109763,111.71
IBKR,2024,Q2,108835646,122.6
IBKR,2024,Q3,108878979,139.36
IBKR,2024,Q4,108931614,176.67
IBKR,2025,Q1,108958830,165.59
IBKR,2025,Q2,445246976,55.41
IBKR,2025,Q3,445363717,68.81
IBKR,2025,Q4,445413716,64.31
IBM,2024,Q1,918602666,190.96
IBM,2024,Q2,921148195,172.95
IBM,2024,Q3,924645152,221.08
IBM,2024,Q4,927264332,219.83
IBM,2025,Q1,929396575,248.66
IBM,2025,Q2,931519242,294.78
IBM,2025,Q3,934735206,282.16
IBM,2025,Q4,938034404,296.21
IBM,2026,Q1,939885280,242.39
IBN,2024,Q3,3522729984,29.85
IBN,2024,Q4,3529750016,29.86
IBN,2025,Q1,3560960000,31.52
IBN,2025,Q3,3570000000,30.23
IBN,2025,Q4,3607664159,29.8
IBO,2025,Q3,104621231,0.66
IBO,2025,Q4,107821231,0.5
IBOC,2024,Q1,62176953,56.14
IBOC,2024,Q2,62192105,57.21
IBOC,2024,Q3,62202810,59.79
IBOC,2024,Q4,62215830,63.16
IBOC,2025,Q1,62141936,63.06
IBOC,2025,Q2,62156398,66.56
IBOC,2025,Q3,62163887,68.75
IBOC,2025,Q4,62177719,66.44
IBP,2024,Q1,28445614,258.73
IBP,2024,Q2,28234462,205.68
IBP,2024,Q3,28141732,246.27
IBP,2024,Q4,27758509,175.25
IBP,2025,Q1,27615447,171.46
IBP,2025,Q2,27326395,180.32
IBP,2025,Q3,27125357,246.66
IBP,2025,Q4,26975173,259.39
IBRX,2024,Q2,696533418,6.32
IBRX,2024,Q3,696831296,3.72
IBRX,2024,Q4,853442137,2.56
IBRX,2025,Q1,882620409,3.01
IBRX,2025,Q2,945254685,2.64
IBRX,2025,Q3,984965179,2.46
IBRX,2025,Q4,1028111456,1.98
IBTA,2024,Q2,27502342,75.16
IBTA,2024,Q3,27490186,61.61
IBTA,2024,Q4,27884964,65.08
IBTA,2025,Q1,25310349,42.2
IBTA,2025,Q2,25261362,36.6
IBTA,2025,Q3,23445382,27.85
IBTA,2025,Q4,21212756,22.73
ICCC,2025,Q3,9045851,6.25
ICCC,2025,Q4,9046799,6.15
ICCM,2025,Q4,73122293,0.61
ICE,2024,Q1,573584580,137.43
ICE,2024,Q2,574142089,136.89
ICE,2024,Q3,574176497,160.64
ICE,2024,Q4,574564858,149.01
ICE,2025,Q1,573626271,172.5
ICE,2025,Q2,572423088,183.47
ICE,2025,Q3,570178585,168.48
ICE,2025,Q4,567896513,161.96
ICFI,2024,Q1,18736579,150.63
ICFI,2024,Q2,18757022,148.46
ICFI,2024,Q3,18762710,166.79
ICFI,2024,Q4,18436146,119.21
ICFI,2025,Q1,18411115,84.97
ICFI,2025,Q2,18428490,84.71
ICFI,2025,Q3,18435932,92.8
ICFI,2025,Q4,18273280,85.3
ICG,2025,Q4,121423854,
ICHR,2024,Q1,33475162,38.62
ICHR,2024,Q2,33687847,38.55
ICHR,2024,Q3,33733340,31.81
ICHR,2024,Q4,34003244,32.22
ICHR,2025,Q1,34119879,22.61
ICHR,2025,Q2,34327355,19.64
ICHR,2025,Q3,34384231,17.52
ICHR,2025,Q4,34644332,18.43
ICL,2025,Q4,1290672729,5.71
ICMB,2025,Q3,14419762,
ICMB,2025,Q4,14432472,
ICON,2025,Q4,1500000,
ICU,2025,Q3,36047134,0.57
ICU,2025,Q4,3993719,0.24
ICUI,2024,Q1,24365990,107.32
ICUI,2024,Q2,24425279,118.75
ICUI,2024,Q3,24484266,182.22
ICUI,2024,Q4,24519000,155.17
ICUI,2025,Q1,24611937,138.86
ICUI,2025,Q2,24685714,132.15
ICUI,2025,Q3,24686660,119.96
ICUI,2025,Q4,24690275,142.67
IDA,2024,Q1,50694665,92.89
IDA,2024,Q2,53253924,93.15
IDA,2024,Q3,53269814,103.09
IDA,2024,Q4,53977012,109.28
IDA,2025,Q1,54020202,116.22
IDA,2025,Q2,54032920,115.45
IDA,2025,Q3,54045224,132.15
IDA,2025,Q4,54899034,126.56
IDAI,2025,Q3,5243832,
IDAI,2025,Q4,5285008,
IDCC,2024,Q1,25235496,106.46
IDCC,2024,Q2,25129764,116.56
IDCC,2024,Q3,25343734,141.63
IDCC,2024,Q4,25684041,193.72
IDCC,2025,Q1,25936735,206.75
IDCC,2025,Q2,25802360,224.23
IDCC,2025,Q3,25744552,345.23
IDCC,2025,Q4,25686766,318.38
IDN,2025,Q3,20204907,5.2
IDN,2025,Q4,20239060,6.68
IDR,2025,Q3,15592374,33.79
IDR,2025,Q4,15806301,40.3
IDT,2025,Q3,23656689,52.31
IDT,2025,Q4,1574326,51.21
IDT,2026,Q1,1574326,
IDXX,2024,Q1,82587328,539.93
IDXX,2024,Q2,82305898,487.2
IDXX,2024,Q3,81884664,505.22
IDXX,2024,Q4,81328233,413.44
IDXX,2025,Q1,80421917,419.95
IDXX,2025,Q2,80004694,536.34
IDXX,2025,Q3,79851330,638.89
IDXX,2025,Q4,79624034,676.53
IDYA,2024,Q1,75686628,43.88
IDYA,2024,Q2,84481494,35.11
IDYA,2024,Q3,86431799,31.68
IDYA,2024,Q4,87537391,25.7
IDYA,2025,Q1,87581963,16.38
IDYA,2025,Q2,87643686,21.02
IDYA,2025,Q3,87666408,27.21
IDYA,2025,Q4,87814027,34.57
IE,2024,Q2,120397648,9.38
IE,2024,Q3,120456232,8.46
IE,2024,Q4,132565318,7.55
IE,2025,Q1,132590318,5.81
IE,2025,Q2,132817233,9.07
IE,2025,Q3,144714777,12.55
IE,2025,Q4,157422644,15.98
IEP,2024,Q2,475462962,16.48
IEP,2024,Q3,504003429,13.52
IEP,2024,Q4,522736315,8.67
IEP,2025,Q1,546086101,9.06
IEP,2025,Q2,573419882,8.05
IEP,2025,Q3,600208517,8.42
IEP,2025,Q4,637209452,7.55
IESC,2024,Q1,20243458,121.64
IESC,2024,Q2,19978209,139.33
IESC,2024,Q3,19971670,199.62
IESC,2024,Q4,20006630,200.96
IESC,2025,Q1,19854416,165.11
IESC,2025,Q2,19854463,296.23
IESC,2025,Q3,19854585,397.65
IESC,2025,Q4,19927999,389.02
IEX,2024,Q1,75695352,244.02
IEX,2024,Q2,75703395,201.2
IEX,2024,Q3,75723308,214.5
IEX,2024,Q4,75784047,209.29
IEX,2025,Q1,75544606,180.97
IEX,2025,Q2,75287284,175.57
IEX,2025,Q3,74849436,162.76
IEX,2025,Q4,74347824,177.94
IFBD,2025,Q4,8188574,
IFF,2024,Q1,255350544,85.99
IFF,2024,Q2,255659175,95.21
IFF,2024,Q3,255682329,104.93
IFF,2024,Q4,255714083,84.55
IFF,2025,Q1,255790345,77.61
IFF,2025,Q2,256287081,73.55
IFF,2025,Q3,256096379,61.54
IFF,2025,Q4,255477487,67.39
IFRX,2025,Q4,72292859,1.01
IGC,2025,Q1,83891586,0.28
IGC,2025,Q3,92868241,0.42
IGIC,2025,Q4,42842216,25.09
IGMS,2024,Q1,33636592,9.65
IGMS,2024,Q2,33931686,6.87
IGMS,2024,Q3,34077198,16.54
IGMS,2024,Q4,34388419,6.11
IGMS,2025,Q1,34728093,1.15
IGMS,2025,Q2,36593204,1.12
IGT,2024,Q3,201858000,21.3
IGT,2024,Q4,201858000,17.66
IGT,2025,Q1,202032992,
IHG,2025,Q4,164711854,140.83
IHRT,2024,Q2,125462546,1.09
IHRT,2024,Q3,125788438,1.85
IHRT,2024,Q4,125991823,1.98
IHRT,2025,Q1,126434422,1.65
IHRT,2025,Q2,128954712,1.76
IHRT,2025,Q3,128971188,2.87
IHRT,2025,Q4,129552146,4.16
IHS,2025,Q4,335521222,7.46
IHT,2025,Q1,8763485,
IHT,2025,Q4,9204834,
III,2024,Q2,48892437,2.94
III,2024,Q3,49072315,3.3
III,2024,Q4,48255149,3.34
III,2025,Q1,48204172,3.91
III,2025,Q2,48195469,4.8
III,2025,Q3,47884104,5.75
III,2025,Q4,47674341,5.78
IIIN,2024,Q1,19475061,38.22
IIIN,2024,Q2,19444897,30.96
IIIN,2024,Q3,19452173,31.09
IIIN,2024,Q4,19430632,27.01
IIIN,2025,Q1,19411611,26.3
IIIN,2025,Q2,19409841,37.21
IIIN,2025,Q3,19416462,38.34
IIIN,2025,Q4,19396380,31.67
IIIN,2026,Q1,19433247,
IIIV,2024,Q2,23756157,22.08
IIIV,2024,Q4,23428283,23.04
IIIV,2025,Q1,24384745,24.67
IIIV,2025,Q2,23877023,27.48
IIIV,2025,Q3,23972102,32.46
IIIV,2025,Q4,22094170,25.19
IINN,2025,Q4,35949247,
IIPR,2024,Q1,28328647,103.54
IIPR,2024,Q2,28331833,109.22
IIPR,2024,Q3,28331833,134.6
IIPR,2024,Q4,28331833,66.64
IIPR,2025,Q1,28011229,54.09
IIPR,2025,Q2,28022699,55.22
IIPR,2025,Q3,28022975,53.58
IIPR,2025,Q4,28135865,47.36
IKNA,2024,Q2,48258111,1.65
IKNA,2024,Q3,48258111,1.73
IKNA,2024,Q4,48258111,1.64
IKNA,2025,Q1,48258111,1.28
IKNA,2025,Q2,48258111,1.34
IKNA,2025,Q3,11181672,
IKNA,2025,Q4,10650925,
IKT,2024,Q1,6476844,
IKT,2024,Q2,7216145,
IKT,2024,Q3,7464070,
IKT,2024,Q4,69362439,3.25
IKT,2025,Q1,74341540,2.19
IKT,2025,Q2,74516635,1.95
IKT,2025,Q3,75175306,1.62
IKT,2025,Q4,132032636,2.05
ILLR,2025,Q4,175288522,
ILMN,2024,Q1,159300000,137.32
ILMN,2024,Q2,159300000,104.38
ILMN,2024,Q3,158600000,130.41
ILMN,2024,Q4,158400000,133.63
ILMN,2025,Q1,158300000,79.34
ILMN,2025,Q2,153700000,95.41
ILMN,2025,Q3,152800000,94.97
ILMN,2025,Q4,152900000,131.16
ILPT,2024,Q1,65831530,4.29
ILPT,2024,Q2,65982514,3.68
ILPT,2024,Q3,66144422,4.76
ILPT,2024,Q4,66144308,3.65
ILPT,2025,Q1,66142140,3.44
ILPT,2025,Q2,66335999,4.55
ILPT,2025,Q3,66659235,5.83
ILPT,2025,Q4,66653129,5.54
IMAB,2025,Q4,265377891,3.98
IMAX,2024,Q2,52676567,16.77
IMAX,2024,Q3,52682641,20.51
IMAX,2024,Q4,53024091,25.6
IMAX,2025,Q1,53742048,26.35
IMAX,2025,Q2,53782520,27.96
IMAX,2025,Q3,53798934,32.75
IMAX,2025,Q4,53993017,36.96
IMCC,2025,Q4,5894812,
IMCR,2024,Q2,50018756,33.89
IMCR,2024,Q3,50032770,31.13
IMCR,2024,Q4,50068126,29.5
IMCR,2025,Q1,50233609,29.67
IMCR,2025,Q2,50387068,31.38
IMCR,2025,Q3,50530419,36.33
IMCR,2025,Q4,50695078,34.71
IMDX,2025,Q3,28664437,3.32
IMDX,2025,Q4,32167978,7.5
IMG,2025,Q2,36397418,
IMG,2025,Q3,196514084,
IMKTA,2024,Q1,14536700,76.68
IMKTA,2024,Q2,14544925,68.61
IMKTA,2024,Q3,14545750,74.6
IMKTA,2024,Q4,14545750,64.44
IMKTA,2025,Q1,14547280,65.13
IMKTA,2025,Q2,14547280,63.38
IMKTA,2025,Q3,14548611,69.56
IMKTA,2025,Q4,14548686,68.55
IMMR,2023,Q4,31700667,7.06
IMMR,2024,Q1,31854837,7.48
IMMR,2024,Q2,32182395,9.41
IMMR,2024,Q3,32182400,8.92
IMMR,2024,Q4,32275705,8.73
IMMR,2025,Q1,32396432,7.58
IMMR,2025,Q3,32400000,7.34
IMMR,2025,Q4,32876612,6.8
IMMX,2025,Q3,33577873,2.09
IMMX,2025,Q4,52964549,5.23
IMNM,2024,Q2,60054372,12.1
IMNM,2024,Q3,62416845,14.62
IMNM,2024,Q4,86950655,10.62
IMNM,2025,Q1,87012328,6.73
IMNM,2025,Q2,87045008,9.3
IMNM,2025,Q3,91710277,11.71
IMNM,2025,Q4,113133199,21.48
IMNN,2025,Q3,3070354,
IMNN,2025,Q4,3922764,
IMO,2024,Q1,535836803,69.13
IMO,2024,Q2,535836803,68.25
IMO,2024,Q3,523402540,70.45
IMO,2024,Q4,509044963,61.6
IMO,2025,Q1,509044963,72.32
IMO,2025,Q2,509044963,79.48
IMO,2025,Q3,496861027,90.74
IMO,2025,Q4,483592715,86.31
IMOS,2025,Q4,699983126,29.63
IMRX,2025,Q3,64569967,7.0
IMRX,2025,Q4,64652926,6.58
IMTE,2025,Q4,3446434,
IMTX,2025,Q4,134071432,10.5
IMUX,2024,Q2,90079016,1.11
IMUX,2024,Q3,90079016,1.65
IMUX,2024,Q4,90150869,1.0
IMUX,2025,Q1,95817536,1.09
IMUX,2025,Q2,98650590,0.7
IMUX,2025,Q3,120284724,0.88
IMUX,2025,Q4,130464825,0.53
IMVT,2023,Q4,145292970,42.13
IMVT,2024,Q2,146367374,26.4
IMVT,2024,Q3,146784639,28.51
IMVT,2024,Q4,169860683,24.77
IMVT,2025,Q1,170923191,17.09
IMVT,2025,Q2,174316841,16.0
IMVT,2025,Q3,175276526,16.12
IMVT,2025,Q4,203532180,25.42
IMXI,2024,Q1,32639939,22.83
IMXI,2024,Q2,32607832,20.84
IMXI,2024,Q3,31098659,18.49
IMXI,2024,Q4,30652249,20.83
IMXI,2025,Q1,29976651,12.62
IMXI,2025,Q2,29684054,10.09
IMXI,2025,Q3,29718731,13.97
IMXI,2025,Q4,30136733,15.36
INAB,2025,Q3,4634396,
INAB,2025,Q4,9766132,2.34
INACU,2025,Q3,14755000,
INACU,2025,Q4,14755000,
INBK,2025,Q3,8706094,22.43
INBK,2025,Q4,8716662,20.87
INBS,2025,Q2,8979152,
INBS,2025,Q4,1603783,
INBX,2025,Q3,14543738,33.68
INBX,2025,Q4,14607036,79.0
INCY,2024,Q1,224540751,56.97
INCY,2024,Q2,192598027,60.62
INCY,2024,Q3,192650249,66.1
INCY,2024,Q4,193524350,69.07
INCY,2025,Q1,193569934,60.55
INCY,2025,Q2,195276145,68.1
INCY,2025,Q3,196322703,84.81
INCY,2025,Q4,199014486,98.77
INCY,2026,Q1,199782155,94.12
INDB,2024,Q1,42465754,52.02
INDB,2024,Q2,42483113,50.72
INDB,2024,Q3,42492785,59.13
INDB,2024,Q4,42605296,64.19
INDB,2025,Q1,42618509,62.65
INDB,2025,Q2,49915917,62.89
INDB,2025,Q3,49577265,69.17
INDB,2025,Q4,48985295,73.08
INDI,2024,Q1,168168203,7.08
INDI,2024,Q2,179371900,6.17
INDI,2024,Q3,183872091,3.99
INDI,2024,Q4,190823230,4.05
INDI,2025,Q1,194892503,2.04
INDI,2025,Q2,198552068,3.56
INDI,2025,Q3,202611253,4.07
INDI,2025,Q4,207145558,3.53
INDP,2025,Q3,1751163,
INDP,2025,Q4,2242324,
INDV,2024,Q4,124655858,12.43
INDV,2025,Q1,124769533,9.53
INDV,2025,Q2,124769820,14.74
INDV,2025,Q3,124853897,24.11
INDV,2025,Q4,125065242,35.88
INFA,2024,Q2,258888613,30.88
INFA,2024,Q3,261320807,25.28
INFA,2024,Q4,258549523,25.93
INFA,2025,Q1,257674576,17.45
INFA,2025,Q2,260676335,24.35
INFA,2025,Q3,264313265,24.84
INFU,2025,Q3,20336183,10.36
INFU,2025,Q4,20215159,8.97
INFY,2024,Q3,4141900032,22.27
INFY,2024,Q4,4142030080,21.92
INFY,2025,Q1,4143079936,18.25
INFY,2025,Q3,4150000000,16.27
INFY,2025,Q4,4045576447,17.82
ING,2025,Q4,2902437688,28.0
INGM,2024,Q3,234825581,
INGM,2024,Q4,234825581,19.39
INGM,2025,Q1,234837010,17.74
INGM,2025,Q2,234843994,20.84
INGM,2025,Q3,235072655,21.49
INGM,2025,Q4,235074694,21.34
INGN,2024,Q2,23719012,8.13
INGN,2024,Q3,23818413,9.7
INGN,2024,Q4,26529544,9.17
INGN,2025,Q1,26887242,7.13
INGN,2025,Q2,27040390,7.03
INGN,2025,Q3,27148482,8.17
INGN,2025,Q4,27232350,6.72
INGR,2024,Q1,65647485,116.85
INGR,2024,Q2,65061430,114.7
INGR,2024,Q3,65157632,137.43
INGR,2024,Q4,64185927,137.56
INGR,2025,Q1,64311010,135.21
INGR,2025,Q2,64180890,135.62
INGR,2025,Q3,63530137,122.11
INGR,2025,Q4,62945041,110.26
INHD,2025,Q3,97948480,
INHD,2025,Q4,8413224,
INKT,2025,Q3,4694155,
INKT,2025,Q4,4965858,
INLF,2025,Q4,6400000,
INLX,2025,Q3,4479123,
INLX,2025,Q4,4474272,
INM,2025,Q2,2384186,
INM,2025,Q4,2919186,
INMB,2025,Q3,26585258,2.07
INMB,2025,Q4,26585258,1.56
INMD,2024,Q3,76249104,16.95
INMD,2024,Q4,76249104,16.7
INMD,2025,Q1,69558704,17.74
INMD,2025,Q3,63210000,14.9
INMD,2025,Q4,63358750,14.69
INN,2024,Q1,108198141,6.51
INN,2024,Q2,108276243,5.99
INN,2024,Q3,108453266,6.86
INN,2024,Q4,108435663,6.85
INN,2025,Q1,112221768,5.41
INN,2025,Q2,108808785,5.09
INN,2025,Q3,108803025,5.49
INN,2025,Q4,108798686,4.87
INNV,2024,Q1,135987615,4.44
INNV,2024,Q2,135620541,4.96
INNV,2024,Q3,135455244,6.0
INNV,2024,Q4,135243747,3.93
INNV,2025,Q1,135012952,2.98
INNV,2025,Q2,135637975,3.69
INNV,2025,Q3,135681431,5.16
INNV,2025,Q4,135699471,5.19
INO,2024,Q1,25910701,13.88
INO,2024,Q2,25964268,8.08
INO,2024,Q3,26099991,5.78
INO,2024,Q4,36667221,1.83
INO,2025,Q1,36674436,1.63
INO,2025,Q2,53142661,2.03
INO,2025,Q3,53571675,2.34
INO,2025,Q4,69091956,1.74
INOD,2024,Q2,28988841,14.83
INOD,2024,Q3,29000324,16.77
INOD,2024,Q4,31299728,39.52
INOD,2025,Q1,31745310,35.9
INOD,2025,Q2,31845622,51.22
INOD,2025,Q3,31860951,77.07
INOD,2025,Q4,32602397,50.95
INR,2025,Q1,15237500,18.75
INR,2025,Q2,15237500,18.31
INR,2025,Q3,15629653,13.11
INR,2025,Q4,18165700,14.73
INSE,2024,Q1,26571308,9.86
INSE,2024,Q2,26574804,9.15
INSE,2024,Q3,26578302,9.27
INSE,2024,Q4,26904832,9.05
INSE,2025,Q1,26912201,8.54
INSE,2025,Q2,26920506,8.17
INSE,2025,Q3,26926868,9.38
INSE,2025,Q4,27059573,9.36
INSG,2024,Q1,11882948,
INSG,2024,Q2,12282552,10.66
INSG,2024,Q3,14955107,16.33
INSG,2024,Q4,15006340,10.26
INSG,2025,Q1,15007562,8.17
INSG,2025,Q2,15042920,8.24
INSG,2025,Q3,15327475,14.97
INSG,2025,Q4,16218934,10.27
INSM,2024,Q1,148604548,27.13
INSM,2024,Q2,171849103,67.0
INSM,2024,Q3,178902721,73.0
INSM,2024,Q4,180999350,69.04
INSM,2025,Q1,182138923,76.29
INSM,2025,Q2,211374786,100.64
INSM,2025,Q3,213273469,144.01
INSM,2025,Q4,215551896,174.04
INSP,2024,Q1,29711048,214.79
INSP,2024,Q2,29821707,133.83
INSP,2024,Q3,29966914,211.05
INSP,2024,Q4,29669407,185.38
INSP,2025,Q1,29493924,159.28
INSP,2025,Q2,29574316,129.77
INSP,2025,Q3,29056434,74.2
INSP,2025,Q4,28589291,92.23
INSW,2024,Q1,49373073,53.2
INSW,2024,Q2,49694484,59.13
INSW,2024,Q3,49192838,51.56
INSW,2024,Q4,49194458,35.94
INSW,2025,Q1,49338204,33.2
INSW,2025,Q2,49366276,36.48
INSW,2025,Q3,49394531,46.08
INSW,2025,Q4,49427543,48.55
INTA,2024,Q1,73430522,34.3
INTA,2024,Q2,74699528,36.67
INTA,2024,Q3,77385502,47.83
INTA,2024,Q4,79397840,64.09
INTA,2025,Q1,80955240,58.38
INTA,2025,Q2,82120030,51.62
INTA,2025,Q3,81926481,40.9
INTA,2025,Q4,80395789,45.82
INTC,2024,Q1,4257000000,44.17
INTC,2024,Q2,4276000000,30.97
INTC,2024,Q3,4313000000,23.46
INTC,2024,Q4,4330000000,20.05
INTC,2025,Q1,4362000000,22.71
INTC,2025,Q2,4377000000,22.4
INTC,2025,Q3,4770000000,33.55
INTC,2025,Q4,4995000000,36.9
INTC,2026,Q1,5026000000,44.13
INTG,2025,Q2,2154405,
INTG,2025,Q4,2148812,
INTJ,2025,Q4,1462498,
INTS,2025,Q3,60064965,0.24
INTS,2025,Q4,2540518,0.41
INTT,2025,Q3,12483433,7.81
INTT,2025,Q4,12495544,7.47
INTU,2024,Q1,279979000,650.0
INTU,2024,Q2,279547000,657.21
INTU,2024,Q3,280292000,621.0
INTU,2024,Q4,280035000,628.5
INTU,2025,Q1,279562000,613.99
INTU,2025,Q2,278947000,787.63
INTU,2025,Q3,278805000,682.91
INTU,2025,Q4,278400000,662.42
INTU,2026,Q1,276550000,432.38
INTZ,2025,Q3,20102939,1.6
INTZ,2025,Q4,20369066,1.15
INUV,2025,Q3,14605575,3.51
INUV,2025,Q4,14713725,
INV,2025,Q3,62471971,5.79
INV,2025,Q4,80069319,4.18
INVA,2024,Q2,62562495,16.4
INVA,2024,Q3,62601081,19.31
INVA,2024,Q4,62675545,17.35
INVA,2025,Q1,62775173,18.13
INVA,2025,Q2,63021014,20.09
INVA,2025,Q3,74769062,18.25
INVA,2025,Q4,74073646,19.99
INVE,2025,Q3,23754389,3.45
INVE,2025,Q4,23948070,3.84
INVH,2024,Q1,612535649,35.61
INVH,2024,Q2,612594044,35.89
INVH,2024,Q3,612605478,35.26
INVH,2024,Q4,612689592,31.97
INVH,2025,Q1,612949348,34.85
INVH,2025,Q2,613008220,32.8
INVH,2025,Q3,613020589,29.33
INVH,2025,Q4,609386093,27.79
INVX,2024,Q2,34452230,18.6
INVX,2024,Q3,67245002,14.68
INVX,2024,Q4,69261035,13.97
INVX,2025,Q1,68978731,17.96
INVX,2025,Q2,68779153,15.62
INVX,2025,Q3,68927791,18.54
INVX,2025,Q4,69138490,21.87
INVZ,2025,Q4,214090980,0.85
INZY,2024,Q2,62734395,4.46
INZY,2024,Q3,64240198,5.23
INZY,2024,Q4,64240198,2.77
INZY,2025,Q1,64561824,
IOBT,2025,Q3,71948842,0.36
IONQ,2024,Q1,211454927,9.99
IONQ,2024,Q2,214076151,7.03
IONQ,2024,Q3,216392242,8.74
IONQ,2024,Q4,222842179,41.77
IONQ,2025,Q1,247783086,22.07
IONQ,2025,Q2,296837796,42.97
IONQ,2025,Q3,354279591,61.5
IONQ,2025,Q4,366640756,44.87
IONS,2024,Q1,145965374,43.35
IONS,2024,Q2,146211091,47.66
IONS,2024,Q3,157897287,40.06
IONS,2024,Q4,158964772,34.96
IONS,2025,Q1,159159099,30.17
IONS,2025,Q2,159391229,39.51
IONS,2025,Q3,161974393,65.42
IONS,2025,Q4,165192011,79.11
IOR,2025,Q3,4066178,
IOR,2025,Q4,4066178,
IOSP,2024,Q1,24933245,128.94
IOSP,2024,Q2,24941421,123.59
IOSP,2024,Q3,24941596,113.09
IOSP,2024,Q4,24959659,110.06
IOSP,2025,Q1,24959999,94.75
IOSP,2025,Q2,24833161,84.09
IOSP,2025,Q3,24777582,77.16
IOSP,2025,Q4,24777859,76.54
IOT,2023,Q4,188900633,33.38
IOT,2024,Q1,210092587,37.79
IOT,2024,Q2,217778748,33.7
IOT,2024,Q3,224050531,48.12
IOT,2024,Q4,269400337,43.69
IOT,2025,Q1,299733309,38.33
IOT,2025,Q2,299748928,39.78
IOT,2025,Q3,348744278,37.25
IOT,2025,Q4,358191765,35.45
IOT,2026,Q1,368421323,31.69
IOVA,2024,Q1,279832722,14.82
IOVA,2024,Q2,303513872,8.02
IOVA,2024,Q3,304780790,9.39
IOVA,2024,Q4,327876694,7.4
IOVA,2025,Q1,333934387,3.33
IOVA,2025,Q2,361853896,1.72
IOVA,2025,Q3,396967970,2.17
IOVA,2025,Q4,411961607,2.73
IP,2024,Q1,347332324,39.02
IP,2024,Q2,347369739,43.15
IP,2024,Q3,347408286,48.85
IP,2024,Q4,526125614,53.82
IP,2025,Q1,527901518,53.35
IP,2025,Q2,527982095,46.83
IP,2025,Q3,528038317,46.4
IP,2025,Q4,529469427,39.39
IPAR,2024,Q1,32023640,140.51
IPAR,2024,Q2,32024280,116.03
IPAR,2024,Q3,32030280,129.48
IPAR,2024,Q4,32123940,131.51
IPAR,2025,Q1,32124000,113.87
IPAR,2025,Q2,32117600,131.31
IPAR,2025,Q3,32064728,98.38
IPAR,2025,Q4,32071785,84.83
IPCXU,2025,Q3,26040000,
IPCXU,2025,Q4,26040000,
IPDN,2025,Q3,4881963,
IPDN,2025,Q4,10244785,
IPG,2024,Q1,377423506,32.63
IPG,2024,Q2,375590566,29.09
IPG,2024,Q3,372508618,31.63
IPG,2024,Q4,372649160,28.02
IPG,2025,Q1,369734706,27.16
IPG,2025,Q2,366266390,24.48
IPG,2025,Q3,363328974,27.91
IPGP,2024,Q1,45568197,90.69
IPGP,2024,Q2,44226115,84.39
IPGP,2024,Q3,43248080,74.32
IPGP,2024,Q4,42548561,72.72
IPGP,2025,Q1,42534662,63.14
IPGP,2025,Q2,42219918,68.65
IPGP,2025,Q3,42124481,79.19
IPGP,2025,Q4,42191353,71.6
IPHA,2025,Q4,93719323,
IPI,2025,Q3,13426932,30.58
IPI,2025,Q4,13406913,27.73
IPM,2025,Q3,9085729,
IPM,2025,Q4,9085729,
IPODU,2025,Q4,14482813,
IPSC,2024,Q2,84715961,2.55
IPSC,2024,Q3,85029042,1.71
IPSC,2024,Q4,86045033,1.01
IPSC,2025,Q1,86158758,0.48
IPSC,2025,Q2,86389098,0.56
IPSC,2025,Q3,87307091,0.5
IPSC,2025,Q4,179722750,0.99
IPW,2025,Q2,31359899,0.65
IPW,2025,Q4,1322477,
IPWR,2025,Q3,8511403,5.02
IPWR,2025,Q4,12089389,
IQ,2024,Q3,525220992,2.86
IQ,2024,Q4,525220992,2.01
IQ,2025,Q1,528516000,2.26
IQ,2025,Q3,962840000,2.56
IQ,2025,Q4,3713284286,1.92
IQST,2025,Q3,4299375,6.5
IQST,2025,Q4,5070743,
IQV,2024,Q1,182200000,252.89
IQV,2024,Q2,182300000,211.44
IQV,2024,Q3,181500000,236.97
IQV,2024,Q4,176100000,196.51
IQV,2025,Q1,258500000,176.3
IQV,2025,Q2,258500000,157.59
IQV,2025,Q3,170300000,189.94
IQV,2025,Q4,169700000,225.41
IR,2024,Q1,403431881,94.95
IR,2024,Q2,403484175,90.84
IR,2024,Q3,403012424,98.16
IR,2024,Q4,403083248,90.46
IR,2025,Q1,403462733,80.03
IR,2025,Q2,397452515,83.18
IR,2025,Q3,395110395,82.62
IR,2025,Q4,391617994,79.22
IRBT,2024,Q1,28757254,8.76
IRBT,2024,Q2,30231204,9.11
IRBT,2024,Q3,30558808,8.69
IRBT,2024,Q4,30628585,7.75
IRBT,2025,Q1,31105480,2.7
IRBT,2025,Q2,31367897,3.13
IRBT,2025,Q3,31826203,3.59
IRD,2025,Q3,68964208,1.65
IRD,2025,Q4,71149045,2.01
IRDM,2024,Q1,121428519,26.16
IRDM,2024,Q2,118382660,26.62
IRDM,2024,Q3,113847782,30.45
IRDM,2024,Q4,108839159,29.02
IRDM,2025,Q1,108160324,27.32
IRDM,2025,Q2,106113918,30.17
IRDM,2025,Q3,104745684,17.46
IRDM,2025,Q4,104956759,17.38
IRDM,2026,Q1,105727744,27.74
IREN,2025,Q2,257211899,14.57
IREN,2025,Q4,332280383,37.77
IRIX,2025,Q3,17189981,1.15
IRIX,2026,Q1,17307401,
IRM,2024,Q1,293133321,80.21
IRM,2024,Q2,293335826,89.62
IRM,2024,Q3,293460371,118.83
IRM,2024,Q4,293740905,105.11
IRM,2025,Q1,295043896,86.04
IRM,2025,Q2,295348225,102.57
IRM,2025,Q3,295589491,101.94
IRM,2025,Q4,295835206,82.95
IRMD,2025,Q3,12721156,71.16
IRMD,2025,Q4,12782566,97.28
IROHU,2025,Q3,52235000,
IRON,2024,Q2,29725763,45.07
IRON,2024,Q3,29757732,49.14
IRON,2024,Q4,34569042,63.4
IRON,2025,Q1,34634295,49.64
IRON,2025,Q2,34765581,52.96
IRON,2025,Q3,37750162,66.08
IRON,2025,Q4,38160065,79.41
IROQ,2025,Q2,3351526,24.35
IROQ,2025,Q4,3351526,26.96
IRT,2024,Q1,225080141,16.13
IRT,2024,Q2,225120618,18.74
IRT,2024,Q3,225097396,20.5
IRT,2024,Q4,230914117,19.84
IRT,2025,Q1,233784950,21.23
IRT,2025,Q2,233817113,17.69
IRT,2025,Q3,239112982,16.39
IRT,2025,Q4,237280268,17.48
IRTC,2024,Q1,31104883,116.0
IRTC,2024,Q2,31236075,107.64
IRTC,2024,Q3,31298034,74.24
IRTC,2024,Q4,31409617,90.17
IRTC,2025,Q1,31925267,104.68
IRTC,2025,Q2,32127763,153.96
IRTC,2025,Q3,32219143,171.99
IRTC,2025,Q4,32316760,177.44
IRWD,2024,Q2,159739001,6.52
IRWD,2024,Q3,160028388,4.12
IRWD,2024,Q4,161809432,4.43
IRWD,2025,Q1,161819848,1.47
IRWD,2025,Q2,162434130,0.72
IRWD,2025,Q3,162678647,1.31
IRWD,2025,Q4,163058316,3.37
ISBA,2025,Q3,7335096,35.25
ISBA,2025,Q4,7330036,50.0
ISOU,2025,Q4,54928896,9.1
ISPC,2025,Q3,9771028,
ISPC,2025,Q4,8478597,
ISPO,2025,Q3,12630000,2.96
ISPR,2025,Q2,57277874,2.56
ISPR,2025,Q4,57289864,2.8
ISRG,2024,Q1,354705822,399.09
ISRG,2024,Q2,355354176,444.85
ISRG,2024,Q3,356179445,491.27
ISRG,2024,Q4,356656964,521.96
ISRG,2025,Q1,358418255,495.27
ISRG,2025,Q2,358476506,543.41
ISRG,2025,Q3,354496073,447.23
ISRG,2025,Q4,355130237,566.36
ISRG,2026,Q1,354162842,460.99
ISRLU,2025,Q3,1560432,
ISRLU,2025,Q4,6056239,
ISSC,2025,Q3,17752354,12.49
ISSC,2025,Q4,17778343,18.94
ISTR,2025,Q3,9810435,23.21
ISTR,2025,Q4,13750025,26.72
IT,2024,Q1,77630468,476.67
IT,2024,Q2,77059514,449.06
IT,2024,Q3,77134280,506.76
IT,2024,Q4,76818191,484.47
IT,2025,Q1,76966937,419.74
IT,2025,Q2,75735795,404.22
IT,2025,Q3,72077145,262.87
IT,2025,Q4,70450294,252.28
ITGR,2024,Q1,33503719,116.68
ITGR,2024,Q2,33531179,115.79
ITGR,2024,Q3,33542022,130.0
ITGR,2024,Q4,33617354,132.52
ITGR,2025,Q1,34891995,118.01
ITGR,2025,Q2,35034817,122.97
ITGR,2025,Q3,35038426,103.33
ITGR,2025,Q4,34407347,78.43
ITIC,2025,Q3,1887574,267.83
ITIC,2025,Q4,1887574,249.64
ITOS,2024,Q2,36521845,14.84
ITOS,2024,Q3,36533918,10.21
ITOS,2024,Q4,38194341,7.68
ITOS,2025,Q1,38273795,5.97
ITOS,2025,Q2,44205398,9.97
ITP,2025,Q3,16965420,
ITRG,2025,Q4,182070050,4.01
ITRI,2024,Q1,45869373,92.52
ITRI,2024,Q2,44962799,98.96
ITRI,2024,Q3,45089570,106.81
ITRI,2024,Q4,45179771,108.58
ITRI,2025,Q1,45588071,104.76
ITRI,2025,Q2,45717933,131.63
ITRI,2025,Q3,45801371,124.56
ITRI,2025,Q4,44941206,92.86
ITRI,2026,Q1,44339347,89.63
ITRM,2024,Q1,16554885,
ITRM,2024,Q2,22705994,
ITRM,2024,Q3,27515926,
ITRM,2024,Q4,34581405,
ITRM,2025,Q1,40000000,
ITRM,2025,Q2,44656906,
ITT,2024,Q1,82300000,136.03
ITT,2024,Q2,81700000,129.18
ITT,2024,Q3,81500000,149.51
ITT,2024,Q4,81400000,142.88
ITT,2025,Q1,81000000,129.16
ITT,2025,Q3,78000000,178.76
ITUB,2024,Q3,4834189824,6.65
ITUB,2024,Q4,4834809856,4.96
ITUB,2025,Q1,5329480192,5.5
ITUB,2025,Q3,10780000000,7.34
ITUB,2025,Q4,11026523531,7.16
ITW,2024,Q1,298400000,268.33
ITW,2024,Q2,296900000,236.96
ITW,2024,Q3,295300000,262.07
ITW,2024,Q4,293500000,253.56
ITW,2025,Q1,293000000,248.01
ITW,2025,Q2,291500000,247.25
ITW,2025,Q3,290100000,260.76
ITW,2025,Q4,288200000,246.3
IVA,2025,Q4,193236978,4.65
IVDA,2025,Q3,5874741,
IVDA,2025,Q4,11139740,0.84
IVF,2025,Q3,15130282,
IVP,2025,Q3,3609285,
IVR,2024,Q1,48825594,9.68
IVR,2024,Q2,54819685,9.37
IVR,2024,Q3,60730287,9.39
IVR,2024,Q4,61729693,8.05
IVR,2025,Q1,65942495,7.89
IVR,2025,Q2,66307379,7.84
IVR,2025,Q3,70945571,7.56
IVR,2025,Q4,83270532,8.41
IVT,2024,Q2,67930431,24.76
IVT,2024,Q3,77130431,28.37
IVT,2024,Q4,77460276,30.13
IVT,2025,Q1,77567764,29.37
IVT,2025,Q2,77606396,27.4
IVT,2025,Q3,77619380,28.62
IVT,2025,Q4,77699241,28.21
IVT,2026,Q1,77935857,30.46
IVVD,2024,Q2,119442635,1.1
IVVD,2024,Q3,119616035,1.02
IVVD,2024,Q4,119961445,0.44
IVVD,2025,Q1,119961445,0.61
IVVD,2025,Q2,120142811,0.72
IVVD,2025,Q3,233122834,1.1
IVVD,2025,Q4,282594729,2.47
IVZ,2024,Q1,449831075,16.59
IVZ,2024,Q2,450032426,14.96
IVZ,2024,Q3,449439952,17.56
IVZ,2024,Q4,447601799,17.48
IVZ,2025,Q1,447556286,15.17
IVZ,2025,Q2,445963773,15.77
IVZ,2025,Q3,445092900,22.94
IVZ,2025,Q4,443673777,26.27
IXHL,2025,Q2,347705507,
IXHL,2025,Q4,358329368,0.36
IZEA,2025,Q3,17125752,3.72
IZEA,2025,Q4,17336121,4.38
J,2024,Q1,125212831,153.73
J,2024,Q2,124248327,139.71
J,2024,Q3,123966838,130.9
J,2024,Q4,122543672,133.62
J,2025,Q1,120156186,120.89
J,2025,Q2,119536469,131.45
J,2025,Q3,118749162,149.86
J,2025,Q4,117446713,132.46
JACK,2024,Q2,19390075,50.94
JACK,2024,Q3,19125981,46.54
JACK,2024,Q4,18830500,41.64
JACK,2025,Q1,18858296,27.19
JACK,2025,Q2,18879446,17.46
JACK,2025,Q3,18882516,19.77
JACK,2025,Q4,18882516,18.95
JACK,2026,Q1,19036016,
JACS,2024,Q4,23840000,
JACS,2025,Q1,23840000,10.07
JACS,2025,Q3,29590000,
JACS.U,2025,Q3,23840000,
JACS.U,2025,Q4,23840000,
JAGX,2024,Q1,2120786,
JAGX,2024,Q3,9241230,
JAGX,2024,Q4,11798300,
JAGX,2025,Q1,656086,
JAGX,2025,Q2,2174841,
JAGX,2025,Q3,3735837,
JAGX,2025,Q4,4175837,
JAKK,2025,Q3,11269529,18.73
JAKK,2025,Q4,11444411,16.88
JAMF,2024,Q1,128453722,18.35
JAMF,2024,Q2,127641388,16.5
JAMF,2024,Q3,128444986,17.35
JAMF,2024,Q4,129390587,14.05
JAMF,2025,Q1,131864700,12.15
JAMF,2025,Q2,132836708,9.51
JAMF,2025,Q3,133222453,10.7
JAMF,2025,Q4,134062832,13.01
JANX,2024,Q2,52164498,41.89
JANX,2024,Q3,52482020,45.43
JANX,2024,Q4,59105147,53.54
JANX,2025,Q1,59175157,27.0
JANX,2025,Q2,60093932,23.1
JANX,2025,Q3,60147807,24.44
JANX,2025,Q4,60831656,13.8
JAZZ,2024,Q1,63039618,120.42
JAZZ,2024,Q2,61753510,106.73
JAZZ,2024,Q3,60454592,111.41
JAZZ,2024,Q4,60732479,123.15
JAZZ,2025,Q1,61632841,124.15
JAZZ,2025,Q2,60658809,106.12
JAZZ,2025,Q3,60765116,131.8
JAZZ,2025,Q4,61560350,170.0
JBGS,2024,Q2,86509609,15.23
JBGS,2024,Q3,84477759,17.48
JBGS,2024,Q4,82454040,15.37
JBGS,2025,Q1,73053010,16.11
JBGS,2025,Q2,61724341,17.3
JBGS,2025,Q3,59181298,22.25
JBGS,2025,Q4,58951982,17.01
JBHT,2024,Q1,103196573,199.25
JBHT,2024,Q2,101986531,160.0
JBHT,2024,Q3,100829954,172.33
JBHT,2024,Q4,100008209,170.66
JBHT,2025,Q1,99194591,147.95
JBHT,2025,Q2,96799281,143.6
JBHT,2025,Q3,95218346,134.17
JBHT,2025,Q4,94604083,194.34
JBHT,2026,Q1,94299203,211.9
JBI,2024,Q1,145947213,15.13
JBI,2024,Q2,145308710,12.63
JBI,2024,Q3,141074293,10.11
JBI,2024,Q4,140003975,7.35
JBI,2025,Q1,139934567,7.2
JBI,2025,Q2,138891705,8.14
JBI,2025,Q3,138825392,9.87
JBI,2026,Q1,138858171,5.15
JBIO,2024,Q2,28867711,1.66
JBIO,2024,Q3,28874513,2.09
JBIO,2024,Q4,28985019,2.65
JBIO,2025,Q1,28985019,2.51
JBIO,2025,Q2,32626730,9.99
JBIO,2025,Q3,46004205,8.63
JBIO,2025,Q4,49316287,15.43
JBL,2024,Q1,120597316,133.95
JBL,2024,Q2,113445192,108.79
JBL,2024,Q3,112843194,119.83
JBL,2024,Q4,109178525,143.9
JBL,2025,Q1,107345348,136.07
JBL,2025,Q2,107318837,218.1
JBL,2025,Q3,106837337,217.17
JBL,2025,Q4,105595267,228.02
JBL,2026,Q1,105502622,265.63
JBLU,2024,Q1,340135050,7.42
JBLU,2024,Q2,346833127,6.09
JBLU,2024,Q3,346876706,6.56
JBLU,2024,Q4,353001047,7.86
JBLU,2025,Q1,354339854,4.82
JBLU,2025,Q2,363664439,4.23
JBLU,2025,Q3,363710720,4.92
JBLU,2025,Q4,370119668,4.55
JBLU,2026,Q1,372018894,4.42
JBSS,2024,Q3,9006038,94.31
JBSS,2025,Q2,9045710,63.24
JBSS,2025,Q4,9089384,70.6
JBTM,2024,Q1,31831350,104.89
JBTM,2024,Q2,31840595,94.97
JBTM,2024,Q3,31842638,98.51
JBTM,2024,Q4,51880294,127.1
JBTM,2025,Q1,51968744,122.2
JBTM,2025,Q2,51970395,120.26
JBTM,2025,Q3,51971372,140.45
JBTM,2025,Q4,51982204,150.67
JCAP,2025,Q3,58290473,17.26
JCAP,2025,Q4,55329124,22.34
JCI,2024,Q1,673675568,65.32
JCI,2024,Q2,668013549,66.47
JCI,2024,Q3,662185383,77.61
JCI,2024,Q4,660594161,78.93
JCI,2025,Q1,658047305,80.11
JCI,2025,Q2,654385440,105.62
JCI,2025,Q3,611135655,109.95
JCI,2025,Q4,612004462,119.75
JCTC,2025,Q3,3518119,
JCTC,2025,Q4,3520113,
JCTC,2026,Q1,3520113,
JD,2024,Q3,1464000000,40.0
JD,2024,Q4,1449500032,34.67
JD,2025,Q1,1451500032,41.12
JD,2025,Q3,1430000000,34.98
JD,2025,Q4,1475406174,28.7
JEF,2024,Q1,212043560,44.1
JEF,2024,Q2,205490683,49.76
JEF,2024,Q3,205498605,61.55
JEF,2024,Q4,206094699,78.4
JEF,2025,Q1,206255979,53.57
JEF,2025,Q2,206280221,54.69
JEF,2025,Q3,206280296,65.42
JEF,2025,Q4,206691275,61.97
JEF,2026,Q1,204432307,41.27
JELD,2024,Q1,85901543,21.23
JELD,2024,Q2,84511647,13.47
JELD,2024,Q3,84617518,15.81
JELD,2024,Q4,84653408,8.19
JELD,2025,Q1,85217425,5.97
JELD,2025,Q2,85403189,3.92
JELD,2025,Q3,85429710,4.91
JELD,2025,Q4,86105591,2.46
JFB,2025,Q3,5966700,
JFB,2025,Q4,12603900,
JG,2025,Q4,62971166,
JHG,2024,Q1,160461846,32.89
JHG,2024,Q2,159264003,33.71
JHG,2024,Q3,158994913,38.07
JHG,2024,Q4,157557812,42.53
JHG,2025,Q1,157557812,36.15
JHG,2025,Q2,155978508,38.84
JHG,2025,Q3,154476408,44.51
JHG,2025,Q4,154075608,47.57
JILL,2025,Q1,15248406,19.53
JILL,2025,Q4,15115353,13.72
JILL,2026,Q1,14879795,
JJSF,2024,Q1,19386215,144.56
JJSF,2024,Q2,19423721,162.37
JJSF,2024,Q3,19478439,172.12
JJSF,2024,Q4,19490254,155.13
JJSF,2025,Q1,19455491,131.72
JJSF,2025,Q2,19467716,113.41
JJSF,2025,Q3,19343158,96.09
JJSF,2025,Q4,19011903,90.37
JKHY,2024,Q1,72900026,173.73
JKHY,2024,Q2,72908319,166.02
JKHY,2024,Q3,72959325,176.54
JKHY,2024,Q4,72897671,175.3
JKHY,2025,Q1,72815986,182.6
JKHY,2025,Q2,72871385,180.17
JKHY,2025,Q3,72377132,148.93
JKHY,2025,Q4,72167368,182.48
JKS,2024,Q3,49311000,26.82
JKS,2024,Q4,49311000,24.9
JKS,2025,Q1,49311000,18.64
JKS,2025,Q3,51650000,24.03
JKS,2025,Q4,51652439,25.81
JLL,2024,Q1,47560547,195.09
JLL,2024,Q2,47464235,205.28
JLL,2024,Q3,47444666,269.81
JLL,2024,Q4,47391812,253.14
JLL,2025,Q1,47473979,247.91
JLL,2025,Q2,47381230,255.78
JLL,2025,Q3,47194630,298.28
JLL,2025,Q4,46851472,336.47
JMIA,2024,Q3,122463000,5.34
JMIA,2024,Q4,122463000,3.82
JMIA,2025,Q1,122463000,2.15
JMIA,2025,Q3,122460000,11.61
JMIA,2025,Q4,247705230,12.49
JMSB,2025,Q3,14175540,19.82
JMSB,2025,Q4,14213556,19.99
JNJ,2024,Q1,2406679183,158.19
JNJ,2024,Q2,2407243667,146.16
JNJ,2024,Q3,2407622972,162.06
JNJ,2024,Q4,2407616693,144.62
JNJ,2025,Q1,2406073279,165.84
JNJ,2025,Q2,2408338872,152.75
JNJ,2025,Q3,2409295102,185.42
JNJ,2025,Q4,2409898936,206.95
JNJ,2026,Q1,2407216971,244.44
JNPR,2024,Q1,324987897,37.06
JNPR,2024,Q2,329163478,36.46
JNPR,2024,Q3,331089057,38.98
JNPR,2024,Q4,333189763,37.45
JNPR,2025,Q1,334382599,
JOB,2024,Q2,108771578,0.31
JOB,2024,Q4,109413244,0.21
JOB,2025,Q1,109413244,0.2
JOB,2025,Q2,109413244,0.2
JOB,2025,Q3,110005722,0.21
JOB,2025,Q4,109870686,0.2
JOBY,2024,Q1,705312495,5.36
JOBY,2024,Q2,713879586,5.1
JOBY,2024,Q3,717094083,5.03
JOBY,2024,Q4,784176364,8.13
JOBY,2025,Q1,789293827,6.02
JOBY,2025,Q2,855981489,10.55
JOBY,2025,Q3,911783173,16.14
JOBY,2025,Q4,979334237,13.2
JOE,2024,Q2,58397506,54.7
JOE,2024,Q3,58397506,58.31
JOE,2024,Q4,58326521,44.93
JOE,2025,Q1,58222315,46.95
JOE,2025,Q2,57908215,47.7
JOE,2025,Q3,57744530,49.48
JOE,2025,Q4,57544391,59.37
JOUT,2025,Q4,9203034,42.45
JOUT,2026,Q1,9246844,
JPM,2024,Q2,2845164727,202.26
JPM,2024,Q3,2815340422,210.86
JPM,2024,Q4,2796106099,239.71
JPM,2025,Q1,2779094488,245.3
JPM,2025,Q2,2749753854,289.91
JPM,2025,Q3,2722262295,315.43
JPM,2025,Q4,2697032375,322.22
JRSH,2025,Q1,12699940,3.4
JRSH,2025,Q4,12699940,3.05
JRVR,2024,Q2,37825767,7.73
JRVR,2024,Q3,37829475,6.27
JRVR,2024,Q4,45644318,4.87
JRVR,2025,Q1,45893162,4.2
JRVR,2025,Q2,45916453,5.86
JRVR,2025,Q3,45965839,5.55
JRVR,2025,Q4,45968584,
JSPR,2025,Q3,27984039,2.38
JSPR,2025,Q4,27996819,1.83
JTAI,2025,Q3,3927256,
JTAI,2025,Q4,119209666,
JUNS,2025,Q3,34426355,
JUNS,2025,Q4,36281252,
JVA,2025,Q3,5708599,4.57
JVA,2025,Q4,5708599,
JVA,2026,Q1,5708599,
JWN,2023,Q4,162332792,18.45
JWN,2024,Q1,163258218,20.27
JWN,2024,Q2,163648780,21.22
JWN,2024,Q3,164210989,22.49
JWN,2024,Q4,164906936,24.15
JWN,2025,Q1,166898470,
JXN,2024,Q1,76264349,66.14
JXN,2024,Q2,75241016,74.26
JXN,2024,Q3,73861777,91.23
JXN,2024,Q4,72646287,87.08
JXN,2025,Q1,71438520,83.78
JXN,2025,Q2,69651457,88.79
JXN,2025,Q3,67969862,101.23
JXN,2025,Q4,70681886,106.65
JYD,2025,Q4,3165708,
JYNT,2025,Q3,14866192,9.54
JYNT,2025,Q4,14114334,8.72
JZ,2025,Q4,462320000,
JZXN,2025,Q4,1255785,
K,2024,Q1,341883645,57.29
K,2024,Q2,342287795,57.68
K,2024,Q3,344697894,80.71
K,2024,Q4,345215923,80.97
K,2025,Q1,346939074,82.49
K,2025,Q2,347669200,79.53
K,2025,Q3,347932629,82.02
KAI,2024,Q1,11742946,328.1
KAI,2024,Q2,11744564,293.78
KAI,2024,Q3,11745324,338.0
KAI,2024,Q4,11754897,344.99
KAI,2025,Q1,11775859,336.91
KAI,2025,Q2,11777467,317.45
KAI,2025,Q3,11778135,297.58
KAI,2026,Q1,11789023,292.35
KALA,2025,Q3,8209725,
KALA,2025,Q4,27849725,0.56
KALU,2024,Q1,16068833,89.36
KALU,2024,Q2,16087112,87.9
KALU,2024,Q3,16088005,72.52
KALU,2024,Q4,16100473,70.27
KALU,2025,Q1,16154376,60.62
KALU,2025,Q2,16177956,79.9
KALU,2025,Q3,16206255,77.16
KALU,2025,Q4,16210443,114.86
KALU,2026,Q1,16340606,
KALV,2024,Q1,42188296,11.86
KALV,2024,Q2,42735647,11.78
KALV,2024,Q3,43215472,11.58
KALV,2024,Q4,49417986,8.47
KALV,2025,Q1,49715636,11.54
KALV,2025,Q2,49953739,11.31
KALV,2025,Q3,50523274,12.18
KAPA,2025,Q3,20821353,1.17
KAPA,2025,Q4,21411198,0.71
KAR,2024,Q2,108619346,16.59
KAR,2024,Q3,106844301,16.88
KAR,2024,Q4,106910777,19.84
KAR,2025,Q1,107383667,19.28
KAR,2025,Q2,106303637,24.45
KAR,2025,Q3,106263187,28.78
KAR,2025,Q4,106297229,29.78
KAVL,2025,Q3,11542302,
KAVL,2025,Q4,13535402,
KAVL,2026,Q1,13535402,
KBH,2024,Q1,75915205,70.88
KBH,2024,Q2,75203769,70.18
KBH,2024,Q3,73334477,85.69
KBH,2024,Q4,72156821,65.72
KBH,2025,Q1,71733514,58.12
KBH,2025,Q2,68050184,52.97
KBH,2025,Q3,64764685,63.64
KBH,2025,Q4,63173611,56.41
KBH,2026,Q1,62648246,51.75
KBR,2024,Q1,134275641,63.66
KBR,2024,Q2,133050180,64.14
KBR,2024,Q3,133242000,65.13
KBR,2024,Q4,133242000,57.93
KBR,2025,Q1,132441673,49.81
KBR,2025,Q2,129736073,47.94
KBR,2025,Q3,128841636,47.29
KBR,2025,Q4,126989628,40.2
KBR,2026,Q1,126466139,36.86
KBSX,2025,Q4,44766003,
KC,2024,Q3,237472992,2.94
KC,2024,Q4,237472992,10.49
KC,2025,Q1,237472992,14.36
KC,2025,Q3,302120000,14.92
KC,2025,Q4,295818572,10.34
KCHVU,2025,Q3,25824050,
KCHVU,2025,Q4,25824050,
KD,2023,Q4,230103348,20.78
KD,2024,Q1,230513437,21.76
KD,2024,Q2,231207484,26.31
KD,2024,Q3,232270932,22.98
KD,2024,Q4,232694503,34.6
KD,2025,Q1,229944566,31.4
KD,2025,Q2,231143968,41.96
KD,2025,Q3,228564347,30.03
KD,2025,Q4,225447192,26.56
KDP,2024,Q1,1355574275,30.67
KDP,2024,Q2,1356086377,33.4
KDP,2024,Q3,1356453649,37.48
KDP,2024,Q4,1356750877,32.12
KDP,2025,Q1,1358178069,34.22
KDP,2025,Q2,1358435279,33.06
KDP,2025,Q3,1358583125,25.51
KDP,2025,Q4,1358666059,28.01
KDP,2026,Q1,1360559471,26.33
KE,2024,Q1,24869206,21.65
KE,2024,Q2,24733358,21.98
KE,2024,Q3,24680651,18.51
KE,2024,Q4,24554663,18.73
KE,2025,Q1,24380394,16.45
KE,2025,Q2,24218517,19.23
KE,2025,Q3,24338363,29.86
KE,2025,Q4,24214134,27.82
KELYA,2024,Q1,32200118,25.04
KELYA,2024,Q2,32267505,21.41
KELYA,2024,Q3,32313991,21.41
KELYA,2024,Q4,31592205,13.94
KELYA,2025,Q1,31907118,13.17
KELYA,2025,Q3,35250000,13.12
KELYB,2025,Q3,3295941,
KELYB,2025,Q4,3295941,
KEN,2025,Q4,52108397,66.31
KEQU,2025,Q2,2844290,58.7
KEQU,2025,Q4,2866384,37.41
KEQU,2026,Q1,2866384,
KEX,2024,Q1,58300000,95.32
KEX,2024,Q2,57900000,119.73
KEX,2024,Q3,57400000,122.43
KEX,2024,Q4,57126000,105.8
KEX,2025,Q1,56100000,101.01
KEX,2025,Q2,55800000,113.41
KEX,2025,Q3,54200000,83.45
KEX,2025,Q4,53646000,110.18
KEY,2024,Q1,942860462,15.81
KEY,2024,Q2,943195733,14.21
KEY,2024,Q3,991282986,16.75
KEY,2024,Q4,1105119318,17.14
KEY,2025,Q1,1095942434,15.99
KEY,2025,Q2,1096515839,17.42
KEY,2025,Q3,1092919589,18.69
KEY,2025,Q4,1089647432,20.64
KEYS,2024,Q1,174555842,156.38
KEYS,2024,Q2,174539238,136.75
KEYS,2024,Q3,173543355,158.93
KEYS,2024,Q4,173172764,160.63
KEYS,2025,Q1,172810514,149.77
KEYS,2025,Q2,172108859,163.86
KEYS,2025,Q3,171856249,174.92
KEYS,2025,Q4,171817127,203.19
KEYS,2026,Q1,171502495,282.37
KFFB,2025,Q2,8086715,
KFFB,2025,Q4,8086715,
KFII,2025,Q1,29672727,9.96
KFIIU,2025,Q3,29672727,
KFIIU,2025,Q4,29672727,
KFRC,2024,Q2,19379000,62.13
KFRC,2024,Q3,19080000,61.45
KFRC,2024,Q4,19111000,56.7
KFRC,2025,Q1,18630000,48.89
KFRC,2025,Q2,18599000,41.13
KFRC,2025,Q3,18141000,29.98
KFRC,2025,Q4,18278000,30.92
KFS,2025,Q3,28956152,14.62
KFS,2025,Q4,28946664,13.45
KFY,2024,Q1,52180239,65.76
KFY,2024,Q2,51808000,67.14
KFY,2024,Q3,52010644,75.24
KFY,2024,Q4,51583011,67.45
KFY,2025,Q1,51645879,67.83
KFY,2025,Q2,51921000,73.33
KFY,2025,Q3,52390986,69.98
KFY,2025,Q4,52194944,66.02
KFY,2026,Q1,51887087,62.95
KG,2025,Q3,7741943,27.31
KG,2025,Q4,7741943,
KGC,2024,Q3,1229030016,9.36
KGC,2024,Q4,1229049984,9.27
KGC,2025,Q1,1230439936,12.61
KGC,2025,Q3,1210000000,24.85
KGC,2025,Q4,1222523636,28.16
KGEI,2025,Q4,35471833,3.93
KGS,2024,Q2,84509612,27.26
KGS,2024,Q3,87569679,29.0
KGS,2024,Q4,87934696,40.83
KGS,2025,Q1,87859201,37.3
KGS,2025,Q2,87752250,34.27
KGS,2025,Q3,86683860,36.97
KGS,2025,Q4,85869390,37.4
KHC,2024,Q1,1214298182,36.9
KHC,2024,Q2,1209078897,32.22
KHC,2024,Q3,1209174894,35.11
KHC,2024,Q4,1194989953,30.71
KHC,2025,Q1,1183542101,30.43
KHC,2025,Q2,1183599215,25.82
KHC,2025,Q3,1183655579,26.04
KHC,2025,Q4,1183744751,24.25
KIDS,2024,Q2,24214426,28.76
KIDS,2024,Q3,24215936,27.11
KIDS,2024,Q4,24286590,23.18
KIDS,2025,Q1,24769049,24.63
KIDS,2025,Q2,25073602,21.48
KIDS,2025,Q3,25077330,18.53
KIDS,2025,Q4,25278787,17.76
KIDZ,2025,Q3,6535014,1.21
KIDZ,2025,Q4,1174718,0.18
KIM,2024,Q1,674116450,19.61
KIM,2024,Q2,674112166,19.46
KIM,2024,Q3,674081407,23.22
KIM,2024,Q4,679482034,23.43
KIM,2025,Q1,676496300,21.24
KIM,2025,Q2,677200477,21.02
KIM,2025,Q3,677195122,21.85
KIM,2025,Q4,674066654,20.27
KIND,2024,Q2,187941328,2.78
KIND,2024,Q3,215474726,2.48
KIND,2024,Q4,235586510,2.37
KIND,2025,Q1,234706942,1.53
KIND,2025,Q2,239445147,1.66
KIND,2025,Q3,244464136,2.09
KIND,2025,Q4,260137108,2.1
KINS,2025,Q3,14147428,14.7
KINS,2025,Q4,14476825,16.83
KIRK,2025,Q1,22454348,
KIRK,2025,Q4,22461383,
KITT,2025,Q3,13710615,
KITT,2025,Q4,28811198,
KKR,2024,Q1,887401714,100.58
KKR,2024,Q2,887439879,105.24
KKR,2024,Q3,888228909,130.58
KKR,2024,Q4,888250533,147.91
KKR,2025,Q1,890641903,115.61
KKR,2025,Q2,890948725,133.03
KKR,2025,Q3,891353410,129.95
KKR,2025,Q4,891550894,127.48
KLAC,2024,Q1,134639951,698.57
KLAC,2024,Q2,134425022,824.51
KLAC,2024,Q3,133759778,774.41
KLAC,2024,Q4,132886746,630.12
KLAC,2025,Q1,132241430,679.8
KLAC,2025,Q2,131961370,895.74
KLAC,2025,Q3,131392338,1078.6
KLAC,2025,Q4,131076611,1215.08
KLC,2024,Q3,117966089,
KLC,2024,Q4,118006276,17.8
KLC,2025,Q1,118006326,11.59
KLC,2025,Q2,118123099,10.1
KLC,2025,Q3,118318554,6.64
KLC,2026,Q1,118355797,
KLG,2024,Q1,85877528,18.8
KLG,2024,Q2,85901439,16.46
KLG,2024,Q3,86125244,17.11
KLG,2024,Q4,86196959,17.99
KLG,2025,Q1,86000000,19.93
KLG,2025,Q2,86416394,15.94
KLIC,2024,Q1,55463682,50.31
KLIC,2024,Q2,54509278,49.19
KLIC,2024,Q3,53871256,45.13
KLIC,2024,Q4,53383168,46.66
KLIC,2025,Q1,52769348,32.98
KLIC,2025,Q2,52145526,34.6
KLIC,2025,Q4,52363000,45.56
KLIC,2026,Q1,52326516,65.72
KLRS,2025,Q3,18702418,
KLRS,2025,Q4,22928303,8.44
KLTO,2025,Q3,72536722,0.48
KLTO,2025,Q4,121238660,0.29
KLTR,2024,Q2,148992942,1.2
KLTR,2024,Q3,149695319,1.36
KLTR,2024,Q4,154138268,2.2
KLTR,2025,Q1,153619177,1.88
KLTR,2025,Q2,154491495,2.01
KLTR,2025,Q3,156334157,1.44
KLTR,2025,Q4,148735559,1.64
KLXE,2025,Q3,17838125,1.92
KLXE,2025,Q4,19529046,
KMB,2024,Q1,336709077,129.35
KMB,2024,Q2,336804427,138.2
KMB,2024,Q3,333485305,142.28
KMB,2024,Q4,331684601,131.04
KMB,2025,Q1,331816035,142.22
KMB,2025,Q2,331779938,128.92
KMB,2025,Q3,331858421,124.34
KMB,2025,Q4,331922371,100.89
KMB,2026,Q1,331940357,96.47
KMDA,2025,Q4,57686056,7.06
KMI,2024,Q1,2219384484,18.34
KMI,2024,Q2,2219462615,19.87
KMI,2024,Q3,2221640145,22.09
KMI,2024,Q4,2221963025,27.4
KMI,2025,Q1,2222068746,28.53
KMI,2025,Q2,2222077616,29.4
KMI,2025,Q3,2224760390,28.31
KMI,2025,Q4,2224806397,27.49
KMI,2026,Q1,2224825757,33.53
KMPR,2024,Q1,64375352,61.92
KMPR,2024,Q2,64426693,59.33
KMPR,2024,Q3,64045475,61.25
KMPR,2024,Q4,63900557,66.44
KMPR,2025,Q1,63994911,66.85
KMPR,2025,Q2,62742781,64.54
KMPR,2025,Q3,58546860,51.55
KMPR,2025,Q4,58714589,40.54
KMT,2024,Q1,78665910,24.94
KMT,2024,Q2,77900791,23.54
KMT,2024,Q3,77725882,25.93
KMT,2024,Q4,77360327,24.02
KMT,2025,Q1,76233564,21.3
KMT,2025,Q2,76021577,22.96
KMT,2025,Q3,76093136,20.93
KMT,2025,Q4,76198792,28.41
KMTS,2025,Q1,51348656,24.92
KMTS,2025,Q2,51348656,16.58
KMTS,2025,Q3,51449053,23.76
KMTS,2025,Q4,58349053,26.52
KMTS,2026,Q1,58373353,
KMX,2023,Q4,157921209,76.74
KMX,2024,Q1,157387560,87.11
KMX,2024,Q2,156078952,73.34
KMX,2024,Q3,154924341,77.38
KMX,2024,Q4,153799974,81.76
KMX,2025,Q1,152684225,77.92
KMX,2025,Q2,150582000,67.21
KMX,2025,Q3,146845043,44.87
KMX,2025,Q4,141796641,38.64
KMX,2026,Q1,141820715,41.58
KN,2024,Q2,88427283,17.26
KN,2024,Q3,88068883,18.03
KN,2024,Q4,87663173,19.93
KN,2025,Q1,86975035,15.2
KN,2025,Q2,85887606,17.62
KN,2025,Q3,85151884,23.31
KN,2025,Q4,84913639,21.43
KN,2026,Q1,85560660,25.68
KNDI,2022,Q3,74239831,
KNDI,2023,Q1,74190171,
KNDI,2023,Q2,79039558,
KNDI,2023,Q3,87522800,
KNDI,2023,Q4,87358234,
KNDI,2024,Q3,87358200,2.06
KNDI,2024,Q4,86072000,1.2
KNDI,2025,Q1,86072000,1.42
KNDI,2025,Q3,85480000,1.21
KNDI,2025,Q4,85985666,
KNF,2024,Q1,56609704,81.08
KNF,2024,Q2,56612705,70.14
KNF,2024,Q3,56612705,89.39
KNF,2024,Q4,56612705,101.64
KNF,2025,Q1,56652361,90.21
KNF,2025,Q2,56664165,81.64
KNF,2025,Q3,56664165,76.87
KNF,2025,Q4,56664165,70.35
KNSA,2024,Q2,71243712,18.67
KNSA,2024,Q3,72201565,24.99
KNSA,2024,Q4,72644240,19.78
KNSA,2025,Q1,72970967,22.21
KNSA,2025,Q2,43472928,27.67
KNSA,2025,Q3,45161019,38.83
KNSA,2025,Q4,45900637,41.25
KNSA,2026,Q1,46303276,
KNSL,2024,Q1,23276419,524.74
KNSL,2024,Q2,23286423,385.28
KNSL,2024,Q3,23287978,465.57
KNSL,2024,Q4,23277395,465.13
KNSL,2025,Q1,23311435,486.71
KNSL,2025,Q2,23300001,483.9
KNSL,2025,Q3,23263426,425.26
KNSL,2025,Q4,23153066,391.12
KNSL,2026,Q1,23062819,341.66
KNTK,2024,Q1,59715285,39.87
KNTK,2024,Q2,59735864,41.44
KNTK,2024,Q3,59754273,45.26
KNTK,2024,Q4,60078190,56.71
KNTK,2025,Q1,60922483,51.94
KNTK,2025,Q2,61474513,44.05
KNTK,2025,Q3,64027442,42.74
KNTK,2025,Q4,64590736,36.05
KNW,2025,Q2,7497948,
KNW,2025,Q3,388143679,1.34
KNW,2025,Q4,388144429,0.63
KNX,2024,Q1,161611000,55.02
KNX,2024,Q2,161864000,49.92
KNX,2024,Q3,161893000,53.95
KNX,2024,Q4,161975633,53.04
KNX,2025,Q1,162050000,43.49
KNX,2025,Q2,162302000,44.23
KNX,2025,Q3,162339000,39.51
KNX,2025,Q4,162425833,52.28
KO,2024,Q1,4307955307,61.18
KO,2024,Q2,4309868150,63.65
KO,2024,Q3,4307797138,71.86
KO,2024,Q4,4301000395,62.26
KO,2025,Q1,4304266738,71.62
KO,2025,Q2,4303667252,70.75
KO,2025,Q3,4301608845,66.32
KO,2025,Q4,4300723069,69.91
KOD,2024,Q1,52534947,5.26
KOD,2024,Q2,52614729,2.35
KOD,2024,Q3,52623774,2.61
KOD,2024,Q4,52748343,9.95
KOD,2025,Q1,52763541,2.8
KOD,2025,Q2,52821689,3.73
KOD,2025,Q3,53048428,16.37
KOD,2025,Q4,61048428,27.96
KODK,2024,Q1,801000000,4.95
KODK,2024,Q2,803000000,5.38
KODK,2024,Q3,804000000,4.72
KODK,2024,Q4,80600000,6.57
KODK,2025,Q1,80800000,6.32
KODK,2025,Q2,81000000,5.65
KODK,2025,Q3,96400000,6.41
KODK,2025,Q4,97500000,8.46
KOP,2024,Q2,20519296,36.99
KOP,2024,Q3,20268927,36.53
KOP,2024,Q4,20485752,32.4
KOP,2025,Q1,20010068,28.0
KOP,2025,Q2,19715527,32.15
KOP,2025,Q3,19613926,28.0
KOP,2025,Q4,19639357,27.08
KOPN,2024,Q1,118428000,1.8
KOPN,2024,Q2,120968103,0.84
KOPN,2024,Q3,158800600,0.73
KOPN,2024,Q4,156118014,1.36
KOPN,2025,Q1,162797922,0.93
KOPN,2025,Q2,162805852,1.53
KOPN,2025,Q3,182513346,2.43
KOPN,2025,Q4,176903857,2.34
KORE,2025,Q3,17539937,2.42
KORE,2025,Q4,17586936,
KOS,2024,Q1,471548508,5.96
KOS,2024,Q2,471816671,5.54
KOS,2024,Q3,471895480,4.03
KOS,2024,Q4,477904652,3.42
KOS,2025,Q1,478009062,2.28
KOS,2025,Q2,478253972,1.72
KOS,2025,Q3,478326954,1.66
KOS,2025,Q4,481024886,0.91
KOSS,2024,Q1,9254795,
KOSS,2024,Q2,9299795,4.45
KOSS,2024,Q3,9350795,
KOSS,2024,Q4,9375795,7.38
KOSS,2025,Q1,9375795,
KOSS,2025,Q2,9456438,5.1
KOSS,2025,Q3,9456438,5.08
KOSS,2025,Q4,9466438,
KPLT,2025,Q3,4643334,11.96
KPLT,2025,Q4,4765058,
KPRX,2025,Q3,3677935,
KPRX,2025,Q4,3950628,
KPTI,2024,Q1,117710263,1.51
KPTI,2024,Q2,124683681,0.87
KPTI,2024,Q3,125314506,0.83
KPTI,2024,Q4,126240054,0.68
KPTI,2025,Q1,8639904,3.74
KPTI,2025,Q2,8671278,4.31
KPTI,2025,Q3,17050876000,6.54
KPTI,2025,Q4,18343968,7.36
KR,2023,Q4,719423447,45.71
KR,2024,Q1,721687844,57.13
KR,2024,Q2,721790829,49.93
KR,2024,Q3,723486278,57.3
KR,2024,Q4,723606130,61.15
KR,2025,Q1,660893475,67.69
KR,2025,Q2,661155838,71.73
KR,2025,Q3,662678212,67.41
KR,2025,Q4,632849160,62.48
KR,2026,Q1,612575611,72.36
KRC,2024,Q1,117366405,36.43
KRC,2024,Q2,117385231,31.17
KRC,2024,Q3,118046674,38.7
KRC,2024,Q4,118046674,40.45
KRC,2025,Q1,118268759,32.76
KRC,2025,Q2,118294328,34.31
KRC,2025,Q3,118305702,42.25
KRC,2025,Q4,118503054,37.37
KRC,2026,Q1,116278807,28.21
KREF,2024,Q1,69313860,10.06
KREF,2024,Q2,69333208,9.05
KREF,2024,Q3,69333208,12.35
KREF,2024,Q4,68713596,10.1
KREF,2025,Q1,67824496,10.8
KREF,2025,Q2,65676132,8.77
KREF,2025,Q3,65488680,9.0
KREF,2025,Q4,64275643,8.22
KREF,2026,Q1,64300417,6.12
KRG,2024,Q1,219603862,21.68
KRG,2024,Q2,219654953,22.38
KRG,2024,Q3,219666129,26.56
KRG,2024,Q4,219667067,25.24
KRG,2025,Q1,219812300,22.37
KRG,2025,Q2,219858193,22.65
KRG,2025,Q3,216505973,22.3
KRG,2025,Q4,206792344,23.97
KRMD,2025,Q3,46322655,3.83
KRMD,2025,Q4,46370432,5.81
KRMN,2024,Q4,132174593,
KRMN,2025,Q1,132174593,33.42
KRMN,2025,Q2,132322435,50.37
KRMN,2025,Q3,132322435,72.2
KRMN,2025,Q4,132526299,73.17
KRNT,2025,Q4,46290822,14.38
KRNY,2024,Q1,64436995,6.44
KRNY,2024,Q2,64579683,6.15
KRNY,2024,Q3,64579683,6.87
KRNY,2024,Q4,64579683,7.08
KRNY,2025,Q1,64579683,6.26
KRNY,2025,Q2,64744523,6.46
KRNY,2025,Q3,64739151,6.57
KRNY,2025,Q4,64739151,7.41
KRO,2024,Q2,115036316,12.55
KRO,2024,Q3,115036316,12.45
KRO,2024,Q4,115036016,9.75
KRO,2025,Q1,115036316,7.48
KRO,2025,Q2,115053116,6.2
KRO,2025,Q3,115053116,5.74
KRO,2025,Q4,115053116,4.42
KRON,2024,Q2,60294610,1.24
KRON,2024,Q3,60340918,1.0
KRON,2024,Q4,60969214,0.95
KRON,2025,Q1,60969214,
KROS,2024,Q2,37522097,45.7
KROS,2024,Q3,40507409,58.07
KROS,2024,Q4,40562047,15.83
KROS,2025,Q1,40615414,10.19
KROS,2025,Q2,40615414,13.35
KROS,2025,Q3,30466069,15.82
KROS,2025,Q4,19717533,20.36
KRP,2024,Q2,80969651,16.36
KRP,2024,Q3,80969651,16.09
KRP,2024,Q4,92502231,16.23
KRP,2025,Q1,93396488,14.0
KRP,2025,Q2,93396488,13.96
KRP,2025,Q3,93396488,13.49
KRP,2025,Q4,93396488,11.76
KRRO,2025,Q3,9417295,47.89
KRRO,2025,Q4,14422571,8.01
KRT,2025,Q3,20099505,25.21
KRT,2025,Q4,19963731,22.57
KRUS,2025,Q3,11111427,59.41
KRUS,2025,Q4,11111427,52.33
KRUS,2026,Q1,11147832,
KRYS,2024,Q1,28558440,177.93
KRYS,2024,Q2,28729950,183.64
KRYS,2024,Q3,28760548,182.03
KRYS,2024,Q4,28806078,156.66
KRYS,2025,Q1,28898680,180.3
KRYS,2025,Q2,28942981,137.46
KRYS,2025,Q3,28997519,176.53
KRYS,2025,Q4,29232189,246.54
KSCP,2025,Q3,11172438,5.77
KSCP,2025,Q4,15947845,3.71
KSPI,2025,Q4,190227932,78.13
KSS,2024,Q1,110906777,29.15
KSS,2024,Q2,111205633,22.99
KSS,2024,Q3,111238455,21.1
KSS,2024,Q4,111317504,14.04
KSS,2025,Q1,111323544,8.18
KSS,2025,Q2,112041679,8.48
KSS,2025,Q3,112074683,15.37
KSS,2025,Q4,112189191,20.41
KSS,2026,Q1,112214439,12.9
KTB,2024,Q1,55692000,60.25
KTB,2024,Q2,55674000,66.15
KTB,2024,Q3,55135000,81.78
KTB,2024,Q4,55311000,85.41
KTB,2025,Q1,55432000,64.13
KTB,2025,Q2,55574234,65.97
KTB,2025,Q3,55593612,79.77
KTB,2026,Q1,55254141,70.29
KTCC,2025,Q2,10773774,2.86
KTCC,2025,Q4,10859269,
KTOS,2024,Q1,150098184,18.38
KTOS,2024,Q2,150999300,20.01
KTOS,2024,Q3,151073886,23.3
KTOS,2024,Q4,152842507,26.38
KTOS,2025,Q1,153443342,29.69
KTOS,2025,Q2,168794500,46.45
KTOS,2025,Q3,168840708,91.37
KTOS,2025,Q4,170329158,75.91
KTTA,2025,Q3,7443577,0.73
KTTA,2025,Q4,24939948,1.29
KULR,2024,Q2,192989619,0.4
KULR,2024,Q3,214227808,0.29
KULR,2024,Q4,284389637,3.55
KULR,2025,Q1,298466335,1.32
KULR,2025,Q2,41108543,7.13
KULR,2025,Q3,45674420,4.16
KULR,2025,Q4,46239034,2.96
KURA,2024,Q2,76634496,20.59
KURA,2024,Q3,77763750,19.54
KURA,2024,Q4,80754961,8.71
KURA,2025,Q1,86574687,6.6
KURA,2025,Q2,86797185,5.77
KURA,2025,Q3,87017518,8.85
KURA,2025,Q4,88329759,10.39
KVACU,2025,Q3,9238421,
KVACU,2025,Q4,5506521,
KVHI,2025,Q3,19573251,5.6
KVHI,2025,Q4,19478934,6.97
KVUE,2024,Q1,1914810796,21.46
KVUE,2024,Q2,1915167356,18.18
KVUE,2024,Q3,1917257438,23.13
KVUE,2024,Q4,1911240720,21.35
KVUE,2025,Q1,1919909938,23.98
KVUE,2025,Q2,1919069920,20.93
KVUE,2025,Q3,1915802170,16.23
KVUE,2025,Q4,1916732090,17.25
KVYO,2024,Q2,72592767,24.89
KVYO,2024,Q3,78803963,35.38
KVYO,2024,Q4,90501471,41.24
KVYO,2025,Q1,94683729,30.26
KVYO,2025,Q2,116897730,33.58
KVYO,2025,Q3,137856147,27.69
KVYO,2025,Q4,145497436,32.47
KW,2024,Q1,138095244,8.58
KW,2024,Q2,137425743,9.72
KW,2024,Q3,137411923,11.05
KW,2024,Q4,137442778,9.99
KW,2025,Q1,138293288,8.68
KW,2025,Q2,137899795,6.8
KW,2025,Q3,137904394,8.32
KW,2025,Q4,138464514,9.67
KWR,2024,Q1,17989892,205.25
KWR,2024,Q2,17912155,169.7
KWR,2024,Q3,17787813,168.49
KWR,2024,Q4,17671654,140.76
KWR,2025,Q1,17680655,123.61
KWR,2025,Q2,17394619,111.94
KWR,2025,Q3,17340035,131.75
KWR,2025,Q4,17335075,137.31
KXIN,2025,Q4,21279792,
KYMR,2024,Q2,61753243,29.85
KYMR,2024,Q3,64765274,47.33
KYMR,2024,Q4,64944136,40.23
KYMR,2025,Q1,65119568,27.37
KYMR,2025,Q2,71497597,43.64
KYMR,2025,Q3,71949027,56.6
KYMR,2025,Q4,81642394,77.81
KYTX,2024,Q1,43115244,24.84
KYTX,2024,Q2,43146852,7.5
KYTX,2024,Q3,43171612,4.89
KYTX,2024,Q4,43214918,3.74
KYTX,2025,Q1,43218873,1.93
KYTX,2025,Q2,43245667,3.07
KYTX,2025,Q3,43796170,6.0
KYTX,2025,Q4,60439893,9.4
KZR,2025,Q3,7323156,3.9
KZR,2025,Q4,7371527,6.29
L,2024,Q1,221406259,78.29
L,2024,Q2,219516512,74.74
L,2024,Q3,217776738,79.05
L,2024,Q4,212861300,84.69
L,2025,Q1,209696528,91.91
L,2025,Q2,207426395,91.66
L,2025,Q3,206659567,100.39
L,2025,Q4,206052874,105.31
LAB,2024,Q2,371154471,1.77
LAB,2024,Q3,372258798,1.93
LAB,2024,Q4,378986362,1.75
LAB,2025,Q1,379822268,1.08
LAB,2025,Q2,381995102,1.2
LAB,2025,Q3,384565414,1.3
LAB,2025,Q4,390071506,1.28
LAC,2024,Q3,217999008,2.7
LAC,2024,Q4,218686462,2.97
LAC,2025,Q1,218904876,2.71
LAC,2025,Q2,241662806,2.68
LAC,2025,Q3,303488288,5.71
LAC,2025,Q4,347369613,4.36
LAD,2024,Q1,27406486,300.86
LAD,2024,Q2,26739875,252.45
LAD,2024,Q3,26637156,317.64
LAD,2024,Q4,26286746,357.43
LAD,2025,Q1,26030572,293.54
LAD,2025,Q2,25636451,337.82
LAD,2025,Q3,24250030,316.0
LAD,2025,Q4,23374910,332.33
LADR,2024,Q1,127888375,11.13
LADR,2024,Q2,127866107,11.29
LADR,2024,Q3,127637981,11.6
LADR,2024,Q4,127106481,11.19
LADR,2025,Q1,128096466,11.41
LADR,2025,Q2,127460976,10.75
LADR,2025,Q3,127321390,10.91
LADR,2025,Q4,127233559,10.99
LADR,2026,Q1,127668084,9.77
LAES,2025,Q4,191525129,3.78
LAKE,2025,Q1,9498604,20.31
LAKE,2025,Q4,9798346,8.84
LAKE,2026,Q1,10723205,
LAMR,2024,Q1,87820609,119.41
LAMR,2024,Q2,87881548,119.53
LAMR,2024,Q3,87937722,133.6
LAMR,2024,Q4,87976923,121.74
LAMR,2025,Q1,87969955,113.78
LAMR,2025,Q2,86798604,121.36
LAMR,2025,Q3,86863497,122.42
LAMR,2025,Q4,86910542,126.58
LANC,2024,Q1,27527000,207.63
LANC,2024,Q2,27527000,188.97
LANC,2024,Q3,27565000,176.57
LANC,2024,Q4,27572000,173.14
LANC,2025,Q1,27569000,
LAND,2024,Q1,35838442,13.34
LAND,2024,Q2,35838442,13.69
LAND,2024,Q3,36184658,13.9
LAND,2024,Q4,36184658,10.85
LAND,2025,Q1,36184658,10.52
LAND,2025,Q2,36184658,10.17
LAND,2025,Q3,37266833,9.16
LAND,2025,Q4,41438406,9.15
LAR,2025,Q4,162406904,5.58
LARK,2025,Q3,5790579,26.69
LASE,2025,Q3,22332826,4.31
LASE,2025,Q4,22845345,
LASR,2024,Q1,47565204,13.0
LASR,2024,Q2,48125661,10.93
LASR,2024,Q3,48429356,10.69
LASR,2024,Q4,49030981,10.49
LASR,2025,Q1,49439471,7.77
LASR,2025,Q2,49899461,19.68
LASR,2025,Q3,50786007,29.63
LASR,2025,Q4,55791319,37.51
LAUR,2024,Q1,155160367,14.57
LAUR,2024,Q2,152545768,14.94
LAUR,2024,Q3,150684931,16.61
LAUR,2024,Q4,150784847,18.29
LAUR,2025,Q1,148810163,20.45
LAUR,2025,Q2,147363087,23.38
LAUR,2025,Q3,147369162,31.54
LAUR,2025,Q4,142743630,33.67
LAW,2024,Q2,59480438,5.96
LAW,2024,Q3,59908766,5.88
LAW,2024,Q4,60383445,4.99
LAW,2025,Q1,60807053,4.09
LAW,2025,Q2,61741846,4.37
LAW,2025,Q3,62491594,6.46
LAW,2025,Q4,63329013,7.76
LAZ,2024,Q1,112766091,41.87
LAZ,2024,Q2,112766091,38.18
LAZ,2024,Q3,112766091,50.38
LAZ,2024,Q4,112766091,51.48
LAZ,2025,Q1,112766091,43.3
LAZ,2025,Q2,112766091,47.98
LAZ,2025,Q3,112746606,52.78
LAZ,2025,Q4,111728757,48.56
LAZR,2024,Q1,348535064,1.97
LAZR,2024,Q2,396671867,1.49
LAZR,2024,Q3,402353009,0.9
LAZR,2024,Q4,37516619,5.38
LAZR,2025,Q1,42006245,5.39
LAZR,2025,Q2,63891880,2.87
LAZR,2025,Q3,72986496,1.91
LAZR,2025,Q4,73698139,
LB,2024,Q2,17425000,23.15
LB,2024,Q3,17425000,39.12
LB,2024,Q4,23255419,64.6
LB,2025,Q1,23255419,71.94
LB,2025,Q2,25337028,67.58
LB,2025,Q3,25338199,53.35
LB,2025,Q4,27838199,48.99
LBRDA,2024,Q1,18235286,57.12
LBRDA,2024,Q2,18236186,54.6
LBRDA,2024,Q3,18236186,76.82
LBRDA,2024,Q4,18251013,74.36
LBRDA,2025,Q1,18254690,85.0
LBRDA,2025,Q3,143490000,63.33
LBRDK,2024,Q1,122589251,57.23
LBRDK,2024,Q2,122589251,54.82
LBRDK,2024,Q3,122589320,77.29
LBRDK,2024,Q4,123022488,74.76
LBRDK,2025,Q1,123071777,85.05
LBRDK,2025,Q2,124847513,98.38
LBRDK,2025,Q3,124847905,63.54
LBRDK,2025,Q4,124856052,48.6
LBRDK,2026,Q1,124856052,50.3
LBRT,2024,Q1,166651693,20.72
LBRT,2024,Q2,165332351,20.89
LBRT,2024,Q3,163415685,19.09
LBRT,2024,Q4,161923807,19.89
LBRT,2025,Q1,161954214,15.83
LBRT,2025,Q2,161955730,11.48
LBRT,2025,Q3,161966952,12.34
LBRT,2025,Q4,162051526,18.46
LBRT,2026,Q1,163191416,28.8
LBTYA,2024,Q1,172161088,16.92
LBTYA,2024,Q2,172675438,17.43
LBTYA,2024,Q3,172871879,21.11
LBTYA,2024,Q4,173057058,12.76
LBTYA,2025,Q1,173796559,11.51
LBTYA,2025,Q3,336780000,11.46
LBTYK,2024,Q1,172161088,17.64
LBTYK,2024,Q2,172675438,17.85
LBTYK,2024,Q3,172871879,21.61
LBTYK,2024,Q4,173057058,13.14
LBTYK,2025,Q1,173796559,11.97
LBTYK,2025,Q2,153409396,10.31
LBTYK,2025,Q3,149366104,11.75
LBTYK,2025,Q4,147451800,11.04
LC,2024,Q1,111120415,8.79
LC,2024,Q2,111816791,8.46
LC,2024,Q3,112401990,11.43
LC,2024,Q4,113383917,16.19
LC,2025,Q1,114199832,10.32
LC,2025,Q2,114740147,12.03
LC,2025,Q3,115301440,15.19
LC,2025,Q4,115180598,18.94
LCCCU,2025,Q3,8905000,
LCCCU,2025,Q4,8905000,
LCCCU,2026,Q1,8905000,
LCID,2024,Q1,2307150085,2.85
LCID,2024,Q2,2318876700,2.61
LCID,2024,Q3,3011686560,3.53
LCID,2024,Q4,3031499851,3.02
LCID,2025,Q1,3050262035,2.42
LCID,2025,Q2,3072494911,2.11
LCID,2025,Q3,324168457,23.79
LCID,2025,Q4,327684243,10.57
LCII,2024,Q1,25449794,123.06
LCII,2024,Q2,25462195,103.38
LCII,2024,Q3,25462361,120.54
LCII,2024,Q4,25463227,103.39
LCII,2025,Q1,25237659,87.43
LCII,2025,Q2,24244283,91.19
LCII,2025,Q3,24198010,93.15
LCII,2025,Q4,24201069,121.34
LCNB,2025,Q3,14186645,14.99
LCNB,2025,Q4,14237966,16.39
LCTX,2024,Q2,188837375,1.0
LCTX,2024,Q3,188837375,0.91
LCTX,2024,Q4,228356290,0.5
LCTX,2025,Q1,228356290,0.45
LCTX,2025,Q2,228356290,0.91
LCTX,2025,Q3,230327537,1.69
LCTX,2025,Q4,249087529,1.67
LCUT,2025,Q3,22655990,3.87
LCUT,2025,Q4,22654207,3.95
LDI,2024,Q2,88134396,1.65
LDI,2024,Q3,98076575,2.73
LDI,2024,Q4,104724387,2.04
LDI,2025,Q1,111009806,1.19
LDI,2025,Q2,112351102,1.27
LDI,2025,Q3,126394171,3.07
LDI,2025,Q4,228821318,2.07
LDOS,2024,Q1,135211535,131.09
LDOS,2024,Q2,134713696,145.88
LDOS,2024,Q3,133433109,163.0
LDOS,2024,Q4,133433000,144.06
LDOS,2025,Q1,131167372,134.94
LDOS,2025,Q2,128718872,157.76
LDOS,2025,Q3,128297332,188.96
LDOS,2025,Q4,127855172,180.4
LDOS,2026,Q1,126392684,155.52
LDWY,2025,Q4,1773119,
LE,2025,Q1,30843000,10.18
LE,2025,Q4,30551068,14.52
LE,2026,Q1,30751337,
LEA,2024,Q1,56787794,144.88
LEA,2024,Q2,56256685,114.21
LEA,2024,Q3,54341276,109.15
LEA,2024,Q4,53637383,94.7
LEA,2025,Q1,53463492,88.22
LEA,2025,Q2,53206093,94.98
LEA,2025,Q3,51870171,100.61
LEA,2025,Q4,50727454,114.6
LECO,2024,Q1,56908333,255.44
LECO,2024,Q2,56675255,188.64
LECO,2024,Q3,56425803,192.02
LECO,2024,Q4,56095332,187.47
LECO,2025,Q1,55826284,189.16
LECO,2025,Q2,55186252,207.32
LECO,2025,Q3,55026176,235.83
LECO,2025,Q4,54805365,239.64
LEDS,2025,Q3,8226153,
LEDS,2025,Q4,8226153,
LEDS,2026,Q1,8257653,
LEE,2025,Q3,6261825,5.44
LEE,2025,Q4,22239629,4.79
LEG,2024,Q1,134036049,19.15
LEG,2024,Q2,134166312,11.46
LEG,2024,Q3,134294816,13.62
LEG,2024,Q4,134733672,9.6
LEG,2025,Q1,135144514,7.91
LEG,2025,Q2,135350969,8.92
LEG,2025,Q3,135436282,8.88
LEG,2025,Q4,135877594,11.0
LEGH,2025,Q3,23868727,27.51
LEGH,2025,Q4,23812341,19.52
LEGN,2025,Q4,369886369,21.74
LEGT,2024,Q1,25799375,
LEGT,2024,Q2,25799375,10.11
LEGT,2024,Q3,25799375,10.2
LEGT,2024,Q4,25799375,10.29
LEGT,2025,Q1,25799375,10.49
LEGT,2025,Q3,25800000,10.74
LEGT.U,2025,Q3,25799375,
LEGT.U,2025,Q4,25799375,
LEGT.U,2026,Q1,25799375,
LEN,2024,Q1,245036430,171.98
LEN,2024,Q2,241703433,149.87
LEN,2024,Q3,238807135,187.48
LEN,2024,Q4,233511543,136.37
LEN,2025,Q1,232184470,114.78
LEN,2025,Q2,227601639,110.61
LEN.B,2024,Q3,32437712,172.94
LEN.B,2025,Q3,31217013,119.99
LEN.B,2025,Q4,31217013,95.12
LEN.B,2026,Q1,31053898,
LENZ,2024,Q2,27496665,17.29
LENZ,2024,Q3,27500892,23.74
LENZ,2024,Q4,27542874,28.87
LENZ,2025,Q1,28146154,25.71
LENZ,2025,Q2,28522096,29.31
LENZ,2025,Q3,31289969,46.58
LENZ,2025,Q4,31354394,16.0
LESL,2024,Q1,184742767,6.5
LESL,2024,Q2,184912804,4.19
LESL,2024,Q3,184969296,3.16
LESL,2024,Q4,185227353,2.23
LESL,2025,Q1,185421657,0.74
LESL,2025,Q2,185608308,0.42
LESL,2025,Q4,9290311,
LESL,2026,Q1,9316575,
LEU,2025,Q3,17492832,310.07
LEU,2025,Q4,18945365,242.76
LEVI,2024,Q1,103348841,19.99
LEVI,2024,Q2,105137324,19.28
LEVI,2024,Q3,104724812,21.8
LEVI,2024,Q4,104566642,17.3
LEVI,2025,Q1,104585522,15.59
LEVI,2025,Q2,107206840,18.49
LEVI,2025,Q3,103091513,23.3
LEVI,2025,Q4,103742231,20.74
LEVI,2026,Q1,98176901,18.49
LEXX,2025,Q3,22225846,0.95
LEXX,2025,Q4,24887446,0.62
LEXX,2026,Q1,24787446,
LFCR,2025,Q2,37407919,8.12
LFCR,2025,Q3,37466352,7.36
LFMD,2024,Q1,42289990,10.28
LFMD,2024,Q2,43068867,6.86
LFMD,2024,Q3,43312117,5.24
LFMD,2024,Q4,44583688,4.95
LFMD,2025,Q1,45447604,5.44
LFMD,2025,Q2,47417393,13.62
LFMD,2025,Q3,48135885,6.79
LFMD,2025,Q4,47973844,3.41
LFST,2024,Q2,382622704,4.91
LFST,2024,Q3,382640096,7.0
LFST,2024,Q4,384550152,7.37
LFST,2025,Q1,388875906,6.66
LFST,2025,Q2,388936394,5.17
LFST,2025,Q3,389000281,5.5
LFST,2025,Q4,389783210,7.04
LFT,2025,Q3,52364930,2.02
LFT,2025,Q4,52399265,1.41
LFUS,2024,Q1,24784449,242.35
LFUS,2024,Q2,24788290,255.59
LFUS,2024,Q3,24814687,265.25
LFUS,2024,Q4,24713072,235.65
LFUS,2025,Q1,24715117,196.74
LFUS,2025,Q2,24781558,226.73
LFUS,2025,Q3,24901687,259.01
LFUS,2025,Q4,25107673,252.92
LFVN,2025,Q2,12691009,13.08
LFVN,2025,Q4,12793359,6.16
LFWD,2025,Q3,17732137,0.71
LFWD,2025,Q4,1528222,0.58
LGCL,2025,Q4,2790404,
LGCY,2025,Q2,12561684,11.18
LGCY,2025,Q4,12613086,10.19
LGF.A,2023,Q4,83564574,10.9
LGF.A,2024,Q1,83567087,9.95
LGF.A,2024,Q2,83567087,9.42
LGF.A,2024,Q3,83579450,7.83
LGF.A,2024,Q4,83691063,8.54
LGF.B,2023,Q4,83564574,10.19
LGF.B,2024,Q1,83567087,9.31
LGF.B,2024,Q2,83567087,8.57
LGF.B,2024,Q3,83579450,6.92
LGF.B,2024,Q4,83691063,7.55
LGF.B,2025,Q1,16721810,7.92
LGF.B,2025,Q3,16731046,
LGIH,2024,Q1,23567441,116.37
LGIH,2024,Q2,23500280,89.49
LGIH,2024,Q3,23513488,118.52
LGIH,2024,Q4,23397074,89.4
LGIH,2025,Q1,23404502,66.47
LGIH,2025,Q2,23056635,51.52
LGIH,2025,Q3,23079100,51.71
LGIH,2025,Q4,23133086,42.96
LGIH,2026,Q1,23232279,
LGL,2025,Q3,5531537,6.67
LGL,2025,Q4,6528033,
LGND,2024,Q1,17963653,73.1
LGND,2024,Q2,18268950,84.26
LGND,2024,Q3,18895373,100.09
LGND,2024,Q4,19255353,107.15
LGND,2025,Q1,19294168,105.14
LGND,2025,Q2,19596560,113.68
LGND,2025,Q3,19681720,177.14
LGND,2025,Q4,19941141,189.07
LGO,2025,Q4,83673905,0.94
LGVN,2025,Q3,19848876,0.75
LGVN,2025,Q4,21783749,0.51
LH,2024,Q1,84293628,218.46
LH,2024,Q2,83963277,203.51
LH,2024,Q3,83639261,223.48
LH,2024,Q4,83700000,229.32
LH,2025,Q1,83700000,232.74
LH,2025,Q2,83100000,262.51
LH,2025,Q3,82900000,287.06
LH,2025,Q4,82400000,250.88
LHX,2024,Q1,189680354,213.1
LHX,2024,Q2,189705190,224.58
LHX,2024,Q3,189668364,237.87
LHX,2024,Q4,189668000,210.28
LHX,2025,Q1,188313839,209.31
LHX,2025,Q2,187094798,250.84
LHX,2025,Q4,187052847,293.57
LHX,2026,Q1,186776263,345.15
LI,2024,Q3,883104000,25.65
LI,2024,Q4,883104000,23.99
LI,2025,Q1,892534976,25.2
LI,2025,Q3,1050000000,25.34
LI,2025,Q4,1013284291,16.93
LIDR,2025,Q3,45054997,2.49
LIDR,2025,Q4,45345919,1.84
LIF,2024,Q2,74135201,32.39
LIF,2024,Q3,74666574,39.35
LIF,2024,Q4,75527845,41.27
LIF,2025,Q1,76528724,38.39
LIF,2025,Q2,77548651,65.25
LIF,2025,Q3,78400518,106.3
LIF,2025,Q4,80198613,64.14
LII,2024,Q1,35624454,488.76
LII,2024,Q2,35634095,534.98
LII,2024,Q3,35623280,604.29
LII,2024,Q4,35579664,609.3
LII,2025,Q1,35484828,560.83
LII,2025,Q2,35124281,573.24
LII,2025,Q3,35072782,529.36
LII,2025,Q4,34802911,485.58
LILA,2024,Q1,38700000,6.97
LILA,2024,Q2,37900000,9.61
LILA,2024,Q3,38000000,9.58
LILA,2024,Q4,38000000,6.36
LILA,2025,Q1,39000000,6.33
LILA,2025,Q3,200100000,8.29
LILAK,2024,Q1,157100000,6.99
LILAK,2024,Q2,155900000,9.62
LILAK,2024,Q3,156300000,9.49
LILAK,2024,Q4,156300000,6.34
LILAK,2025,Q1,158400000,6.21
LILAK,2025,Q2,158700000,6.22
LILAK,2025,Q3,158900000,8.44
LILAK,2025,Q4,158800000,7.46
LIMN,2025,Q3,27064633,
LIMN,2025,Q4,44877633,
LIN,2024,Q1,480676281,464.32
LIN,2024,Q2,477502737,438.81
LIN,2024,Q3,476157903,476.86
LIN,2024,Q4,472911618,418.67
LIN,2025,Q1,471294205,465.64
LIN,2025,Q2,468909532,469.18
LIN,2025,Q3,466948930,475.0
LIN,2025,Q4,463394156,426.39
LINC,2024,Q2,31474923,11.86
LINC,2024,Q3,31479167,11.94
LINC,2024,Q4,31592807,15.82
LINC,2025,Q1,31592807,15.87
LINC,2025,Q2,31618405,23.05
LINC,2025,Q3,31623795,23.5
LINC,2025,Q4,31878966,24.15
LIND,2024,Q1,53533132,9.33
LIND,2024,Q2,54318812,9.65
LIND,2024,Q3,54503864,9.25
LIND,2024,Q4,54586397,11.86
LIND,2025,Q1,54707948,9.27
LIND,2025,Q2,54789150,11.67
LIND,2025,Q3,55400743,12.8
LIND,2025,Q4,65251988,14.42
LINE,2024,Q2,227688745,
LINE,2024,Q3,228411730,78.38
LINE,2024,Q4,228197383,58.57
LINE,2025,Q1,228590171,58.63
LINE,2025,Q2,228767627,43.52
LINE,2025,Q3,228289625,38.64
LINE,2025,Q4,227080326,35.0
LINK,2025,Q3,15750007,
LINK,2025,Q4,15750007,3.88
LION,2024,Q2,288681224,8.06
LION,2024,Q3,288681224,
LION,2024,Q4,288681224,7.6
LIQT,2025,Q3,9627064,
LIQT,2025,Q4,9947841,
LITE,2024,Q1,67600000,47.35
LITE,2024,Q2,68000000,50.92
LITE,2024,Q3,68700000,63.38
LITE,2024,Q4,69200000,83.95
LITE,2025,Q1,69400000,62.34
LITE,2025,Q2,69900000,95.06
LITE,2025,Q3,70900000,162.71
LITE,2025,Q4,71400000,368.59
LIVE,2025,Q3,3071656,18.37
LIVE,2025,Q4,3071656,14.8
LIVN,2024,Q1,54151745,55.94
LIVN,2024,Q2,54297960,54.82
LIVN,2024,Q3,54300835,52.54
LIVN,2024,Q4,54351765,46.31
LIVN,2025,Q1,54525691,39.28
LIVN,2025,Q2,54601073,45.02
LIVN,2025,Q3,54605527,52.38
LIVN,2025,Q4,54689876,61.53
LIXT,2025,Q3,5704200,5.03
LIXT,2025,Q4,11617944,
LKFN,2024,Q2,25507451,61.52
LKFN,2024,Q3,25506084,65.12
LKFN,2024,Q4,25555969,68.76
LKFN,2025,Q1,25556904,59.44
LKFN,2025,Q2,25530150,61.45
LKFN,2025,Q3,25528732,64.2
LKFN,2025,Q4,25266503,57.06
LKQ,2024,Q1,266775849,53.41
LKQ,2024,Q2,263256076,41.59
LKQ,2024,Q3,259959916,39.92
LKQ,2024,Q4,259154784,36.75
LKQ,2025,Q1,258147675,42.54
LKQ,2025,Q2,257293192,37.01
LKQ,2025,Q3,255966006,30.54
LKQ,2025,Q4,255132267,30.2
LLY,2024,Q1,950405386,777.96
LLY,2024,Q2,950425778,905.38
LLY,2024,Q3,949315694,885.94
LLY,2024,Q4,948169999,772.0
LLY,2025,Q1,947735651,825.91
LLY,2025,Q2,946456759,779.53
LLY,2025,Q3,945383757,763.0
LLY,2025,Q4,943357420,1074.68
LLYVA,2024,Q1,98140175,42.35
LLYVA,2024,Q2,98140175,37.51
LLYVA,2024,Q3,23985441,49.51
LLYVA,2024,Q4,23987941,66.56
LLYVA,2025,Q1,23990946,67.24
LLYVA,2025,Q3,91880000,94.3
LLYVK,2024,Q1,218794768,43.82
LLYVK,2024,Q2,218794768,38.27
LLYVK,2024,Q3,222286598,51.33
LLYVK,2024,Q4,222842367,68.06
LLYVK,2025,Q1,223022901,68.14
LLYVK,2025,Q2,223627028,81.16
LLYVK,2025,Q3,223634694,96.97
LLYVK,2025,Q4,23991058,
LMAT,2024,Q2,22468843,82.28
LMAT,2024,Q3,22484021,92.89
LMAT,2024,Q4,22558631,92.14
LMAT,2025,Q1,22594362,83.9
LMAT,2025,Q2,22637522,83.05
LMAT,2025,Q3,22685994,87.51
LMAT,2025,Q4,22778363,81.1
LMB,2025,Q3,11626814,97.12
LMB,2025,Q4,11679391,77.85
LMFA,2025,Q3,12209413,1.14
LMFA,2025,Q4,16157892,
LMND,2024,Q1,70501578,16.41
LMND,2024,Q2,71027947,16.5
LMND,2024,Q3,71404540,16.49
LMND,2024,Q4,72820080,36.68
LMND,2025,Q1,73266170,31.43
LMND,2025,Q2,73886417,43.81
LMND,2025,Q3,74731027,53.53
LMND,2025,Q4,76383438,71.18
LMNR,2025,Q3,18048294,14.85
LMNR,2025,Q4,18119117,12.62
LMNR,2026,Q1,18106877,
LMT,2024,Q1,239938144,454.87
LMT,2024,Q2,238358003,467.1
LMT,2024,Q3,237035273,584.56
LMT,2024,Q4,235385902,485.94
LMT,2025,Q1,234295953,446.71
LMT,2025,Q2,233465056,463.14
LMT,2025,Q3,231397796,499.21
LMT,2025,Q4,230080240,483.67
LMT,2026,Q1,230563608,604.39
LNC,2024,Q1,170026818,31.93
LNC,2024,Q2,170197108,31.1
LNC,2024,Q3,170343186,31.51
LNC,2024,Q4,170403822,31.71
LNC,2025,Q1,170733897,35.91
LNC,2025,Q2,189580412,34.6
LNC,2025,Q3,189939050,40.33
LNC,2025,Q4,190090406,44.53
LNG,2024,Q1,228912501,161.28
LNG,2024,Q2,226273139,174.83
LNG,2024,Q3,224365066,179.84
LNG,2024,Q4,223665466,214.87
LNG,2025,Q1,221785474,231.4
LNG,2025,Q2,219768104,243.52
LNG,2025,Q3,215234776,234.98
LNG,2025,Q4,210202883,194.39
LNKB,2025,Q3,37455648,7.13
LNKB,2025,Q4,37467596,8.26
LNN,2024,Q3,10846482,124.64
LNN,2025,Q3,10804220,140.56
LNN,2025,Q4,10454669,117.87
LNN,2026,Q1,10395655,119.07
LNSR,2025,Q3,11944546,12.35
LNSR,2025,Q4,12095631,11.63
LNT,2024,Q1,256379032,50.4
LNT,2024,Q2,256499575,50.9
LNT,2024,Q3,256599202,60.69
LNT,2024,Q4,256692381,59.14
LNT,2025,Q1,256876299,64.35
LNT,2025,Q2,256969227,60.47
LNT,2025,Q3,257053689,67.41
LNT,2025,Q4,257140829,65.01
LNTH,2024,Q1,69312588,62.24
LNTH,2024,Q2,69430642,80.29
LNTH,2024,Q3,69526841,109.75
LNTH,2024,Q4,68476575,89.46
LNTH,2025,Q1,69185836,97.6
LNTH,2025,Q2,67994149,81.86
LNTH,2025,Q3,66311779,51.29
LNTH,2025,Q4,64605894,66.55
LNW,2024,Q1,90137722,102.09
LNW,2024,Q2,88724171,104.88
LNW,2024,Q3,88307886,90.73
LNW,2024,Q4,84466317,86.38
LNW,2025,Q1,84378631,86.61
LNW,2025,Q2,83946594,96.26
LNW,2025,Q3,81523883,83.94
LNW,2025,Q4,77148711,103.09
LNZA,2024,Q1,197725477,3.1
LNZA,2024,Q2,197765067,1.85
LNZA,2024,Q3,197782055,1.91
LNZA,2024,Q4,194915711,1.37
LNZA,2025,Q1,197897580,0.24
LNZA,2025,Q2,231995967,0.27
LNZA,2025,Q3,2320216,
LNZA,2025,Q4,10089163,
LOAN,2025,Q3,11438651,5.49
LOAN,2025,Q4,11429351,4.65
LOAN,2026,Q1,11429351,
LOAR,2024,Q2,89703571,53.41
LOAR,2024,Q3,89703571,74.59
LOAR,2024,Q4,93556071,73.91
LOAR,2025,Q1,93556071,70.65
LOAR,2025,Q2,93622471,86.17
LOAR,2025,Q3,93622471,80.0
LOAR,2025,Q4,93622471,68.0
LOB,2024,Q1,44969300,41.51
LOB,2024,Q2,45035289,35.06
LOB,2024,Q3,45189405,47.37
LOB,2024,Q4,45565314,39.55
LOB,2025,Q1,45607984,26.66
LOB,2025,Q2,45731300,29.8
LOB,2025,Q3,45857617,35.22
LOB,2025,Q4,46219604,34.35
LOCL,2025,Q3,22271082,
LOCL,2025,Q4,22401295,2.14
LOCO,2024,Q1,31099611,9.74
LOCO,2024,Q2,29928318,11.31
LOCO,2024,Q3,29939226,13.7
LOCO,2024,Q4,29777207,11.54
LOCO,2025,Q1,30052186,10.3
LOCO,2025,Q2,29995453,11.01
LOCO,2025,Q3,29954935,9.7
LOCO,2025,Q4,29956259,10.46
LODE,2025,Q3,51264247,3.42
LODE,2025,Q4,74099140,
LOGI,2023,Q4,154819963,95.06
LOGI,2024,Q1,153443934,89.37
LOGI,2024,Q2,152812108,96.88
LOGI,2024,Q3,151579551,89.73
LOGI,2024,Q4,149199581,82.35
LOGI,2025,Q1,147920729,84.41
LOGI,2025,Q2,147296376,90.13
LOGI,2025,Q3,146857663,109.68
LOGI,2025,Q4,146588946,100.22
LOKVU,2025,Q1,23000000,10.08
LOKVU,2025,Q2,23000000,
LOKVU,2025,Q3,23000000,
LOKVU,2025,Q4,23000000,
LOOP,2025,Q1,47718350,1.15
LOOP,2025,Q4,48337555,1.0
LOPE,2024,Q1,29738382,136.21
LOPE,2024,Q2,29457420,139.91
LOPE,2024,Q3,29145781,141.85
LOPE,2024,Q4,28724845,163.8
LOPE,2025,Q1,28374509,173.02
LOPE,2025,Q2,28087210,189.0
LOPE,2025,Q3,27968476,219.52
LOPE,2025,Q4,27143454,166.31
LOVE,2023,Q4,15488999,25.55
LOVE,2024,Q2,15550537,22.58
LOVE,2024,Q3,15558674,28.65
LOVE,2024,Q4,15432856,23.66
LOVE,2025,Q1,14793504,18.18
LOVE,2025,Q2,14549118,18.2
LOVE,2025,Q3,14610309,16.93
LOVE,2025,Q4,14617106,14.75
LOVE,2026,Q1,14617106,
LOW,2024,Q1,572184243,254.73
LOW,2024,Q2,569835275,220.46
LOW,2024,Q3,567294169,270.85
LOW,2024,Q4,564650005,246.8
LOW,2025,Q1,559706540,233.23
LOW,2025,Q2,560437659,221.87
LOW,2025,Q3,560824905,251.31
LOW,2025,Q4,560951457,241.16
LOW,2026,Q1,560063429,236.28
LPA,2025,Q4,31617815,
LPAA,2024,Q2,23000000,
LPAA,2024,Q3,23000000,9.98
LPAA,2024,Q4,23000000,10.05
LPAA,2025,Q1,23000000,10.21
LPAA,2025,Q3,28750000,10.5
LPAAU,2025,Q3,23000000,
LPAAU,2025,Q4,23000000,
LPBB,2024,Q3,23000000,
LPBB,2024,Q4,23000000,9.95
LPBB,2025,Q1,23000000,10.12
LPBBU,2025,Q3,23000000,
LPBBU,2025,Q4,23000000,
LPCN,2025,Q3,5551931,2.85
LPCN,2025,Q4,7299687,
LPG,2023,Q4,40593079,43.87
LPG,2024,Q2,42619448,41.96
LPG,2024,Q3,42804479,34.42
LPG,2024,Q4,42804479,24.37
LPG,2025,Q1,42647720,22.34
LPG,2025,Q2,42647720,24.38
LPG,2025,Q3,42838114,29.8
LPG,2025,Q4,42744103,24.34
LPLA,2024,Q1,74708931,264.2
LPLA,2024,Q2,74762890,279.3
LPLA,2024,Q3,74879579,232.63
LPLA,2024,Q4,74574576,326.51
LPLA,2025,Q1,79975719,327.14
LPLA,2025,Q2,80004103,374.97
LPLA,2025,Q3,80037622,332.69
LPLA,2025,Q4,80080181,357.17
LPRO,2024,Q1,119165108,6.26
LPRO,2024,Q2,119252588,5.58
LPRO,2024,Q3,119350001,6.12
LPRO,2024,Q4,119782899,5.97
LPRO,2025,Q1,119786421,2.76
LPRO,2025,Q2,118172477,1.94
LPRO,2025,Q3,118189443,2.11
LPRO,2025,Q4,117676162,1.55
LPSN,2024,Q2,89019738,0.58
LPSN,2024,Q3,90849244,1.28
LPSN,2024,Q4,91313969,1.52
LPSN,2025,Q1,93849817,0.8
LPSN,2025,Q2,96624957,1.01
LPSN,2025,Q3,11857018,0.58
LPSN,2025,Q4,12053603,3.87
LPTH,2025,Q2,44670213,3.08
LPTH,2025,Q4,57708603,10.8
LPTX,2024,Q1,38264464,
LPTX,2024,Q2,38264464,1.96
LPTX,2024,Q3,38317897,2.57
LPTX,2024,Q4,41257602,2.88
LPTX,2025,Q1,41439529,0.31
LPTX,2025,Q2,41439529,0.3
LPTX,2025,Q3,56651840,0.45
LPTX,2025,Q4,89979619,1.16
LPX,2024,Q1,71671837,83.91
LPX,2024,Q2,70275943,82.33
LPX,2024,Q3,70238241,107.46
LPX,2024,Q4,69692101,103.55
LPX,2025,Q1,69589135,91.98
LPX,2025,Q2,69640961,85.99
LPX,2025,Q3,69643461,88.84
LPX,2025,Q4,69830343,80.76
LQDA,2024,Q2,76793694,12.0
LQDA,2024,Q3,84636621,10.0
LQDA,2024,Q4,85298537,11.76
LQDA,2025,Q1,85484525,14.75
LQDA,2025,Q2,86091454,12.46
LQDA,2025,Q3,86995483,22.74
LQDA,2025,Q4,88114429,34.49
LQDT,2024,Q2,30532399,19.98
LQDT,2024,Q4,31039308,32.29
LQDT,2025,Q1,31220722,31.01
LQDT,2025,Q2,31236939,23.59
LQDT,2025,Q3,30639767,27.43
LQDT,2025,Q4,31013881,30.31
LRCX,2024,Q1,130736000,971.57
LRCX,2024,Q2,130377000,1064.85
LRCX,2024,Q3,1291958000,816.08
LRCX,2024,Q4,1284956000,72.23
LRCX,2025,Q1,1282957000,72.7
LRCX,2025,Q2,1265621000,97.34
LRCX,2025,Q3,1256030000,133.9
LRCX,2025,Q4,1248771000,171.18
LRCX,2026,Q1,1250571000,213.66
LRFC,2024,Q1,2675998,
LRFC,2024,Q2,2676062,
LRFC,2024,Q3,2666453,
LRFC,2024,Q4,2655898,
LRFC,2025,Q1,2655973,
LRHC,2025,Q3,1625329,
LRMR,2024,Q2,63806628,7.25
LRMR,2024,Q3,63806628,6.55
LRMR,2024,Q4,64027892,3.87
LRMR,2025,Q1,64027892,2.15
LRMR,2025,Q2,85590392,2.89
LRMR,2025,Q3,85590392,3.23
LRMR,2025,Q4,103882937,3.81
LRN,2024,Q1,43254938,63.05
LRN,2024,Q2,43278384,70.5
LRN,2024,Q3,43592540,85.31
LRN,2024,Q4,43546641,103.93
LRN,2025,Q1,43523253,126.5
LRN,2025,Q2,43626921,145.19
LRN,2025,Q3,43858627,148.94
LRN,2025,Q4,42580290,64.93
LSAK,2024,Q1,63599696,
LSAK,2024,Q2,63243350,4.68
LSAK,2024,Q3,78018643,5.0
LSAK,2024,Q4,79124599,5.45
LSAK,2025,Q1,81249400,4.77
LSAK,2025,Q2,83673097,4.49
LSAK,2025,Q3,84086399,4.15
LSAK,2025,Q4,83920675,
LSCC,2024,Q1,137546399,78.23
LSCC,2024,Q2,137772234,57.99
LSCC,2024,Q3,137971192,53.07
LSCC,2024,Q4,137830605,56.65
LSCC,2025,Q1,137507531,52.45
LSCC,2025,Q2,136895573,48.99
LSCC,2025,Q3,136786394,73.32
LSCC,2025,Q4,136895565,73.58
LSCC,2026,Q1,136786203,92.76
LSEA,2024,Q1,36179233,14.53
LSEA,2024,Q2,36275392,9.19
LSEA,2024,Q3,36282883,12.35
LSEA,2024,Q4,36330297,8.49
LSEA,2025,Q1,36409560,
LSF,2025,Q3,10686528,5.58
LSF,2025,Q4,10925218,2.22
LSH,2025,Q2,10500000,
LSH,2025,Q4,34427559,
LSTA,2025,Q3,8820733,2.62
LSTA,2025,Q4,9032291,1.86
LSTR,2024,Q1,35762038,192.76
LSTR,2024,Q2,35452581,184.48
LSTR,2024,Q3,35331173,188.87
LSTR,2024,Q4,35316073,171.86
LSTR,2025,Q1,34946177,150.2
LSTR,2025,Q2,34653536,139.02
LSTR,2025,Q3,34344702,122.56
LSTR,2025,Q4,34058726,143.7
LTBR,2025,Q3,32371338,21.21
LTBR,2025,Q4,34152062,12.64
LTC,2024,Q1,43475389,32.51
LTC,2024,Q2,43491284,34.5
LTC,2024,Q3,45260754,36.69
LTC,2024,Q4,45450613,34.55
LTC,2025,Q1,45930567,35.45
LTC,2025,Q2,46065292,34.61
LTC,2025,Q3,47614192,36.86
LTC,2025,Q4,48509762,34.38
LTH,2024,Q2,199389627,18.83
LTH,2024,Q3,206972629,24.42
LTH,2024,Q4,209592785,22.12
LTH,2025,Q1,219417165,30.2
LTH,2025,Q2,219996102,30.33
LTH,2025,Q3,220512238,27.6
LTH,2025,Q4,221805082,26.58
LTM,2025,Q4,574215983709,54.01
LTRN,2025,Q3,11184423,4.35
LTRN,2025,Q4,11254697,
LTRX,2025,Q2,39151106,2.87
LTRX,2025,Q4,39692026,5.86
LUCD,2025,Q3,137683002,1.01
LUCD,2025,Q4,176945972,1.09
LUCK,2024,Q1,90361083,13.7
LUCK,2024,Q2,88932059,14.49
LUCK,2024,Q3,88394235,11.74
LUCK,2024,Q4,84477211,10.01
LUCK,2025,Q1,81685637,9.76
LUCK,2025,Q2,81695761,9.13
LUCK,2025,Q3,81117156,10.24
LUCK,2025,Q4,79185111,8.47
LUCY,2025,Q3,5350183,
LUCY,2025,Q4,6300661,
LULU,2024,Q1,120892132,390.65
LULU,2024,Q2,119886401,298.7
LULU,2024,Q3,117660550,271.35
LULU,2024,Q4,116667564,382.41
LULU,2025,Q1,115521231,283.06
LULU,2025,Q2,114729430,237.58
LULU,2025,Q3,113468082,177.93
LULU,2025,Q4,112190041,207.81
LULU,2026,Q1,110482671,153.1
LUMN,2024,Q1,1015035771,1.56
LUMN,2024,Q2,1016810054,1.1
LUMN,2024,Q3,1014812246,7.1
LUMN,2024,Q4,1013799349,5.31
LUMN,2025,Q1,1025907768,3.92
LUMN,2025,Q2,1026140909,4.38
LUMN,2025,Q3,1025643740,6.12
LUMN,2025,Q4,1024369609,7.77
LUNG,2024,Q2,39152553,6.34
LUNG,2024,Q3,39487879,8.29
LUNG,2024,Q4,39796420,6.79
LUNG,2025,Q1,40257527,6.73
LUNG,2025,Q2,40746556,2.59
LUNG,2025,Q3,41247034,1.62
LUNG,2025,Q4,42237203,2.21
LUNR,2024,Q1,53723453,
LUNR,2024,Q2,62923974,3.3
LUNR,2024,Q3,80857602,8.05
LUNR,2024,Q4,115725043,18.16
LUNR,2025,Q1,117330851,7.45
LUNR,2025,Q2,117819525,10.87
LUNR,2025,Q3,119319784,10.52
LUNR,2025,Q4,159372567,16.23
LUV,2024,Q1,598456459,29.19
LUV,2024,Q2,599157019,28.61
LUV,2024,Q3,599737219,29.63
LUV,2024,Q4,592661084,33.62
LUV,2025,Q1,569865799,33.58
LUV,2025,Q2,525187709,32.44
LUV,2025,Q3,517155080,31.91
LUV,2025,Q4,491317990,41.33
LUV,2026,Q1,488773713,37.57
LVLU,2024,Q1,41326868,
LVLU,2024,Q2,41771889,1.85
LVLU,2024,Q3,42030938,1.6
LVLU,2024,Q4,42721421,1.13
LVLU,2025,Q1,42942378,
LVLU,2025,Q2,2748930,0.3
LVLU,2025,Q3,2771846,
LVLU,2025,Q4,2856939,
LVO,2024,Q2,98957316,1.57
LVO,2024,Q3,95666688,0.95
LVO,2024,Q4,96092404,1.47
LVO,2025,Q1,96765145,0.7
LVO,2025,Q4,11645397,4.72
LVS,2024,Q1,745047150,51.7
LVS,2024,Q2,736431728,44.25
LVS,2024,Q3,725026178,50.34
LVS,2024,Q4,715934671,51.36
LVS,2025,Q1,706627556,38.63
LVS,2025,Q2,686453606,43.51
LVS,2025,Q3,676134487,53.79
LVS,2025,Q4,671910723,65.09
LVS,2026,Q1,662637325,53.88
LVTX,2025,Q3,26305295,
LVWR,2025,Q3,203988736,4.75
LVWR,2025,Q4,204341376,4.42
LW,2024,Q1,144391021,106.53
LW,2024,Q2,143670633,84.08
LW,2024,Q3,142597776,64.74
LW,2024,Q4,142640697,66.83
LW,2025,Q1,141115615,53.3
LW,2025,Q2,139300813,51.85
LW,2025,Q3,139352480,58.08
LW,2025,Q4,138879884,41.89
LW,2026,Q1,138072803,42.26
LWACU,2025,Q3,22168750,
LWACU,2025,Q4,22168750,
LWAY,2025,Q3,15228763,27.76
LWAY,2025,Q4,15149600,24.23
LWLG,2024,Q2,120716365,2.99
LWLG,2024,Q3,122372981,2.76
LWLG,2024,Q4,124799620,2.1
LWLG,2025,Q1,125041157,1.02
LWLG,2025,Q2,129439986,1.24
LWLG,2025,Q3,133633927,3.71
LWLG,2025,Q4,148831122,3.24
LXEO,2024,Q2,33061004,16.04
LXEO,2024,Q3,33065947,9.04
LXEO,2024,Q4,33196997,6.58
LXEO,2025,Q1,33196997,3.47
LXEO,2025,Q2,54001214,4.02
LXEO,2025,Q3,72987327,6.64
LXEO,2025,Q4,74087063,9.93
LXFR,2024,Q1,26842132,10.37
LXFR,2024,Q2,27386677,11.59
LXFR,2024,Q3,26784848,12.95
LXFR,2024,Q4,26742074,13.09
LXFR,2025,Q1,26765905,11.86
LXFR,2025,Q2,26764077,12.18
LXFR,2025,Q3,26721510,13.9
LXFR,2025,Q4,26640434,13.53
LXFR,2026,Q1,26751621,
LXP,2024,Q1,294314556,9.02
LXP,2024,Q2,294340310,9.12
LXP,2024,Q3,294509469,10.05
LXP,2024,Q4,295728056,8.12
LXP,2025,Q1,295756383,8.65
LXP,2025,Q2,295786195,8.26
LXP,2025,Q3,295794225,8.96
LXP,2025,Q4,59077036,49.58
LXRX,2024,Q2,361492295,1.68
LXRX,2024,Q3,361492295,1.57
LXRX,2024,Q4,361492295,0.74
LXRX,2025,Q1,363178000,0.46
LXRX,2025,Q2,363398860,0.95
LXRX,2025,Q3,363398680,1.35
LXRX,2025,Q4,423680611,1.15
LXU,2024,Q2,71621131,8.18
LXU,2024,Q3,71621131,8.04
LXU,2024,Q4,71849398,7.59
LXU,2025,Q1,71877955,6.59
LXU,2025,Q2,71936047,7.8
LXU,2025,Q3,71944499,7.88
LXU,2025,Q4,71846842,8.5
LYB,2024,Q1,325622260,102.28
LYB,2024,Q2,325089214,95.66
LYB,2024,Q3,324756819,95.9
LYB,2024,Q4,323446166,74.27
LYB,2025,Q1,321400014,70.4
LYB,2025,Q2,321648429,57.86
LYB,2025,Q3,321872964,49.04
LYB,2025,Q4,322169978,43.3
LYEL,2024,Q2,256003113,1.45
LYEL,2024,Q3,279220614,1.38
LYEL,2024,Q4,295228868,0.64
LYEL,2025,Q1,295337557,0.54
LYEL,2025,Q2,19211202,8.84
LYEL,2025,Q3,21218217,16.24
LYEL,2025,Q4,23307143,30.78
LYFT,2024,Q1,394953011,19.35
LYFT,2024,Q2,401626774,14.1
LYFT,2024,Q3,406286219,12.75
LYFT,2024,Q4,409477927,12.9
LYFT,2025,Q1,412105246,11.87
LYFT,2025,Q2,397910877,15.76
LYFT,2025,Q3,401465000,22.01
LYFT,2025,Q4,400856000,19.37
LYG,2025,Q4,58885743602,5.3
LYRA,2024,Q1,60964859,6.22
LYRA,2024,Q2,65456735,0.28
LYRA,2024,Q3,65457648,0.26
LYRA,2024,Q4,65880561,0.21
LYRA,2025,Q1,66267225,0.13
LYRA,2025,Q2,1644454,8.96
LYRA,2025,Q3,1774882,
LYRA,2025,Q4,1774882,
LYTS,2024,Q1,29129848,15.12
LYTS,2024,Q2,29744319,14.47
LYTS,2024,Q3,29838315,16.15
LYTS,2024,Q4,29921385,19.42
LYTS,2025,Q1,30004460,17.0
LYTS,2025,Q2,30512222,17.01
LYTS,2025,Q3,31092786,23.61
LYTS,2025,Q4,31133195,18.32
LYV,2024,Q1,231442568,105.77
LYV,2024,Q2,232113741,93.74
LYV,2024,Q3,232353685,109.49
LYV,2024,Q4,233401156,129.5
LYV,2025,Q1,234089506,130.58
LYV,2025,Q2,234472727,151.28
LYV,2025,Q3,234741245,163.4
LYV,2025,Q4,234801922,142.5
LZ,2024,Q2,175611948,8.39
LZ,2024,Q3,172822210,6.35
LZ,2024,Q4,176089714,7.51
LZ,2025,Q1,181184393,8.61
LZ,2025,Q2,180249374,8.91
LZ,2025,Q3,177270258,10.38
LZ,2025,Q4,172922380,9.93
LZB,2024,Q1,42639834,37.62
LZB,2024,Q2,41949567,37.28
LZB,2024,Q3,41827242,42.93
LZB,2024,Q4,41480995,43.57
LZB,2025,Q1,41288847,39.09
LZB,2025,Q2,40880790,37.17
LZB,2025,Q3,41207237,34.32
LZB,2025,Q4,41248970,37.27
LZB,2026,Q1,40923710,32.14
LZM,2025,Q4,85509305,4.27
M,2024,Q1,274271536,19.99
M,2024,Q2,276411486,19.2
M,2024,Q3,277373416,15.69
M,2024,Q4,277635790,16.93
M,2025,Q1,277717637,12.56
M,2025,Q2,271539526,11.66
M,2025,Q3,268505751,17.93
M,2025,Q4,265883109,22.05
M,2026,Q1,263739490,18.09
MA,2024,Q1,922470031,481.57
MA,2024,Q2,916710583,441.16
MA,2024,Q3,910767523,493.8
MA,2024,Q4,904889521,526.57
MA,2025,Q1,901263158,548.12
MA,2025,Q2,897274172,561.94
MA,2025,Q3,891258183,568.81
MA,2025,Q4,885216386,570.88
MAA,2024,Q1,116826006,131.58
MAA,2024,Q2,116876199,142.61
MAA,2024,Q3,116880291,158.9
MAA,2024,Q4,116901778,154.57
MAA,2025,Q1,117057714,167.58
MAA,2025,Q2,117071138,148.01
MAA,2025,Q3,117081742,139.73
MAA,2025,Q4,116901020,138.91
MAC,2024,Q1,215750149,17.23
MAC,2024,Q2,215991342,15.44
MAC,2024,Q3,225527485,18.24
MAC,2024,Q4,252496876,19.92
MAC,2025,Q1,252648795,17.17
MAC,2025,Q2,252751307,16.18
MAC,2025,Q3,256118084,18.2
MAC,2025,Q4,256670747,18.46
MACI,2024,Q2,16000000,
MACI,2024,Q3,16000000,9.99
MACI,2024,Q4,16000000,10.08
MACI,2025,Q1,16000000,10.23
MACI,2025,Q3,20270000,10.5
MACIU,2025,Q3,16000000,
MACIU,2025,Q4,16000000,
MAG,2024,Q3,103178000,14.04
MAG,2024,Q4,103307000,13.6
MAG,2025,Q1,103450000,15.28
MAGN,2023,Q4,45147547,1.94
MAGN,2024,Q2,45397132,1.39
MAGN,2024,Q3,45498375,1.8
MAGN,2024,Q4,35400000,18.17
MAGN,2025,Q1,35600000,18.16
MAGN,2025,Q2,35600000,12.08
MAGN,2025,Q3,35600000,11.72
MAGN,2025,Q4,35900000,15.14
MAIA,2025,Q3,37032307,1.54
MAIA,2025,Q4,60671491,1.53
MAIN,2024,Q1,85715621,47.31
MAIN,2024,Q2,87073879,50.49
MAIN,2024,Q3,88178190,50.14
MAIN,2024,Q4,88556229,58.58
MAIN,2025,Q1,89029361,56.56
MAIN,2025,Q2,89430382,59.1
MAIN,2025,Q3,89587543,63.59
MAIN,2025,Q4,90104831,60.39
MAMA,2024,Q2,37263096,6.74
MAMA,2024,Q3,37577493,7.3
MAMA,2024,Q4,37586897,7.96
MAMA,2025,Q1,37596000,6.51
MAMA,2025,Q2,37610665,8.3
MAMA,2025,Q3,40498628,10.51
MAMA,2025,Q4,40653333,13.49
MAMA,2026,Q1,40657000,
MAMK,2025,Q4,9200000,
MAMO,2025,Q3,41640950,
MAMO,2025,Q4,41640950,
MAN,2024,Q1,47703285,77.64
MAN,2024,Q2,47447886,69.8
MAN,2024,Q3,46936363,73.52
MAN,2024,Q4,46692203,57.72
MAN,2025,Q1,46282435,57.88
MAN,2025,Q2,46291083,40.4
MAN,2025,Q3,46297180,37.9
MAN,2025,Q4,46419646,29.73
MANH,2024,Q1,61569883,250.23
MANH,2024,Q2,61245946,246.68
MANH,2024,Q3,61075279,281.38
MANH,2024,Q4,61124051,270.24
MANH,2025,Q1,60714988,173.04
MANH,2025,Q2,60468594,197.47
MANH,2025,Q3,60258247,204.98
MANH,2025,Q4,59847548,173.31
MANH,2026,Q1,59164602,133.12
MANU,2024,Q3,55016400,16.18
MANU,2024,Q4,55016300,17.35
MANU,2025,Q1,54317000,13.09
MANU,2025,Q3,172430000,15.14
MANU,2025,Q4,172434348,15.92
MAPS,2024,Q1,95051735,
MAPS,2024,Q2,96948250,1.04
MAPS,2024,Q3,97376026,0.87
MAPS,2024,Q4,105028513,1.38
MAPS,2025,Q1,105053766,1.13
MAPS,2025,Q2,107226460,0.9
MAPS,2025,Q3,107897133,1.16
MAPS,2025,Q4,111187614,0.83
MAR,2024,Q1,285622357,252.31
MAR,2024,Q2,281522766,241.77
MAR,2024,Q3,277893432,248.6
MAR,2024,Q4,275695298,278.94
MAR,2025,Q1,273896119,238.2
MAR,2025,Q2,271457839,273.21
MAR,2025,Q3,268351795,260.44
MAR,2025,Q4,264984554,310.24
MARA,2024,Q1,272956165,22.58
MARA,2024,Q2,294474622,19.85
MARA,2024,Q3,321831487,16.22
MARA,2024,Q4,345816827,16.77
MARA,2025,Q1,351927748,11.5
MARA,2025,Q2,370457880,15.68
MARA,2025,Q3,378184353,18.26
MARA,2025,Q4,380234635,8.98
MAS,2024,Q1,220244380,78.88
MAS,2024,Q2,218248839,66.67
MAS,2024,Q3,215748893,83.94
MAS,2024,Q4,211983493,72.57
MAS,2025,Q1,210942022,69.54
MAS,2025,Q2,209363636,64.36
MAS,2025,Q3,207695621,70.39
MAS,2025,Q4,203607085,63.46
MAS,2026,Q1,201734437,60.37
MASI,2024,Q1,53085556,146.85
MASI,2024,Q2,53196747,125.94
MASI,2024,Q3,53540566,133.33
MASI,2024,Q4,53948792,165.3
MASI,2025,Q1,54219116,166.6
MASI,2025,Q2,54324812,168.22
MASI,2025,Q3,53713949,147.55
MASI,2025,Q4,53713945,130.06
MASI,2026,Q1,52192538,177.87
MASS,2024,Q2,34656778,5.15
MASS,2024,Q3,34822836,3.47
MASS,2024,Q4,35329993,2.2
MASS,2025,Q1,35861154,4.48
MASS,2025,Q2,36085698,7.13
MASS,2025,Q3,36192978,8.76
MASS,2025,Q4,37379953,5.25
MAT,2024,Q1,344100000,19.81
MAT,2024,Q2,339900000,16.26
MAT,2024,Q3,336900000,19.05
MAT,2024,Q4,330200000,17.73
MAT,2025,Q1,322900000,19.43
MAT,2025,Q2,322200000,19.72
MAT,2025,Q3,310800000,16.83
MAT,2025,Q4,302200000,19.84
MATV,2024,Q1,54322760,18.75
MATV,2024,Q2,54326985,16.96
MATV,2024,Q3,54335830,16.99
MATV,2024,Q4,54517608,10.9
MATV,2025,Q1,54632920,6.23
MATV,2025,Q2,54672519,6.82
MATV,2025,Q3,54681114,11.31
MATV,2025,Q4,54777042,12.15
MATW,2024,Q2,30597624,25.05
MATW,2024,Q4,30968686,27.68
MATW,2025,Q1,31008623,22.24
MATW,2025,Q2,30790906,23.91
MATW,2025,Q3,30795844,24.28
MATW,2025,Q4,31126081,26.12
MATX,2024,Q1,34168153,112.4
MATX,2024,Q2,33579287,130.97
MATX,2024,Q3,33210132,142.62
MATX,2024,Q4,32863714,134.84
MATX,2025,Q1,32644844,128.17
MATX,2025,Q2,31789018,111.35
MATX,2025,Q3,31180035,98.59
MATX,2025,Q4,30439310,123.55
MAX,2024,Q2,54729353,13.17
MAX,2024,Q3,55090208,18.11
MAX,2024,Q4,55456104,11.29
MAX,2025,Q1,55895646,9.24
MAX,2025,Q2,56370303,10.95
MAX,2025,Q3,56868573,11.38
MAX,2025,Q4,56207408,12.95
MAXN,2024,Q3,1417110016,0.1
MAXN,2024,Q4,16710500,7.54
MAXN,2025,Q1,16710500,2.95
MAXN,2025,Q3,550000,3.35
MAXN,2025,Q4,16932759,2.75
MAYAU,2025,Q3,10919375,
MAYAU,2025,Q4,10919375,
MAYS,2025,Q3,2015780,
MAYS,2025,Q4,2015780,
MAYS,2026,Q1,2015780,
MAZE,2025,Q1,43797166,11.01
MAZE,2025,Q2,43850884,12.27
MAZE,2025,Q3,48119444,25.93
MAZE,2025,Q4,49335551,41.43
MBAV,2024,Q2,28750000,
MBAV,2024,Q3,28750000,10.0
MBAV,2024,Q4,28750000,10.06
MBAV,2025,Q1,28750000,10.25
MBAV,2025,Q3,35940000,
MBAVU,2025,Q3,28750000,
MBAVU,2025,Q4,28750000,
MBBC,2025,Q2,2938698,
MBBC,2025,Q4,2938620,
MBC,2024,Q1,127200000,18.74
MBC,2024,Q2,127000000,14.68
MBC,2024,Q3,127100000,18.54
MBC,2024,Q4,127600000,14.61
MBC,2025,Q1,127200000,13.06
MBC,2025,Q2,126730924,10.93
MBC,2025,Q3,126779371,13.17
MBC,2025,Q4,127537368,11.04
MBCN,2025,Q3,8086886,30.01
MBI,2024,Q2,51028154,5.49
MBI,2024,Q3,51030108,3.57
MBI,2024,Q4,50971033,6.46
MBI,2025,Q1,50371259,4.98
MBI,2025,Q2,50488741,4.34
MBI,2025,Q3,50493626,7.45
MBI,2025,Q4,50511149,7.16
MBIN,2024,Q1,43354718,43.18
MBIN,2024,Q2,45757567,40.54
MBIN,2024,Q3,45764023,44.96
MBIN,2024,Q4,45850904,36.47
MBIN,2025,Q1,45881706,37.0
MBIN,2025,Q2,45885458,33.07
MBIN,2025,Q3,45889238,31.8
MBIN,2025,Q4,45962065,34.06
MBIO,2024,Q1,9545541,
MBIO,2024,Q2,34098059,0.47
MBIO,2024,Q3,36827671,0.24
MBIO,2024,Q4,2460240,0.18
MBIO,2025,Q1,3532452,
MBIO,2025,Q2,3532452,
MBIO,2025,Q3,6453701,
MBIO,2025,Q4,6732092,0.98
MBLY,2024,Q1,94901460,32.15
MBLY,2024,Q2,99548127,28.08
MBLY,2024,Q3,99548127,13.7
MBLY,2024,Q4,100226477,19.92
MBLY,2025,Q1,100496663,14.4
MBLY,2025,Q2,103579323,17.98
MBLY,2025,Q3,216005938,14.12
MBLY,2025,Q4,243613499,10.44
MBLY,2026,Q1,243656395,6.87
MBOT,2025,Q3,67158044,3.05
MBOT,2025,Q4,67158044,2.0
MBRX,2024,Q1,2311536,
MBRX,2024,Q2,2561527,
MBRX,2024,Q3,3001895,
MBRX,2024,Q4,14000494,
MBRX,2025,Q1,14127494,0.97
MBRX,2025,Q2,30286168,0.3
MBRX,2025,Q3,50910476,0.53
MBRX,2025,Q4,5336350,
MBUU,2024,Q1,20439597,43.28
MBUU,2024,Q2,20012691,35.04
MBUU,2024,Q3,19715202,38.81
MBUU,2024,Q4,19635294,37.59
MBUU,2025,Q1,19190828,30.68
MBUU,2025,Q2,19245009,31.34
MBUU,2025,Q3,19226584,32.45
MBUU,2025,Q4,18602523,28.21
MBWM,2025,Q3,16253600,45.0
MBWM,2025,Q4,17272961,48.1
MBX,2024,Q3,33417418,25.98
MBX,2024,Q4,33424371,18.43
MBX,2025,Q1,33424371,7.38
MBX,2025,Q2,33593866,11.41
MBX,2025,Q3,44902302,17.5
MBX,2025,Q4,47510243,31.54
MC,2024,Q1,70354653,56.77
MC,2024,Q2,70362748,56.86
MC,2024,Q3,70586666,68.51
MC,2024,Q4,70609982,73.88
MC,2025,Q1,74183429,58.36
MC,2025,Q2,74178031,62.32
MC,2025,Q3,73996339,71.32
MC,2025,Q4,73435377,68.74
MCB,2025,Q3,10298002,74.82
MCB,2025,Q4,10116117,76.36
MCBS,2025,Q3,25480661,27.69
MCBS,2025,Q4,28755228,26.54
MCD,2024,Q1,720681656,281.95
MCD,2024,Q2,717343247,254.84
MCD,2024,Q3,716619686,304.51
MCD,2024,Q4,714461139,289.89
MCD,2025,Q1,715032727,312.37
MCD,2025,Q2,713604434,292.17
MCD,2025,Q3,712154350,303.89
MCD,2025,Q4,710398642,305.63
MCFT,2024,Q1,16981048,23.72
MCFT,2024,Q2,16612851,18.88
MCFT,2024,Q3,16795781,18.21
MCFT,2024,Q4,16752512,19.07
MCFT,2025,Q1,16605130,17.22
MCFT,2025,Q2,16306356,18.58
MCFT,2025,Q3,16288798,21.46
MCFT,2025,Q4,16284904,18.91
MCHP,2023,Q4,540387949,90.18
MCHP,2024,Q1,536885996,89.71
MCHP,2024,Q2,536505077,91.5
MCHP,2024,Q3,537010234,80.29
MCHP,2024,Q4,537818969,57.35
MCHP,2025,Q1,539399446,48.41
MCHP,2025,Q2,539679667,70.37
MCHP,2025,Q3,540446834,64.22
MCHP,2025,Q4,541135458,63.72
MCHX,2025,Q3,39245334,1.81
MCHX,2025,Q4,39249271,1.66
MCK,2023,Q4,131408286,462.98
MCK,2024,Q1,129985514,536.85
MCK,2024,Q2,129676762,584.04
MCK,2024,Q3,126940097,494.42
MCK,2024,Q4,125326376,569.91
MCK,2025,Q1,125112236,672.99
MCK,2025,Q2,124384393,732.78
MCK,2025,Q3,123426650,772.54
MCK,2025,Q4,122487456,820.29
MCO,2024,Q1,182600000,393.03
MCO,2024,Q2,182100000,420.93
MCO,2024,Q3,181200000,474.59
MCO,2024,Q4,181231008,473.37
MCO,2025,Q1,179900000,465.69
MCO,2025,Q2,179400000,501.59
MCO,2025,Q3,178400000,476.48
MCO,2025,Q4,177300000,510.85
MCO,2026,Q1,174700000,436.25
MCRB,2024,Q1,151442034,0.77
MCRB,2024,Q2,151633922,0.72
MCRB,2024,Q3,170200253,0.95
MCRB,2024,Q4,173008198,0.83
MCRB,2025,Q1,174643740,0.7
MCRB,2025,Q2,8754570,11.11
MCRB,2025,Q3,9046519,19.24
MCRB,2025,Q4,9586298,14.88
MCRI,2024,Q2,18452117,68.13
MCRI,2024,Q3,18389057,79.27
MCRI,2024,Q4,18461306,78.9
MCRI,2025,Q1,18466406,77.75
MCRI,2025,Q2,18267451,86.44
MCRI,2025,Q3,18250291,105.84
MCRI,2025,Q4,17886120,95.7
MCS,2024,Q1,25170383,14.26
MCS,2024,Q2,25189021,11.37
MCS,2024,Q3,24497446,15.07
MCS,2024,Q4,24764638,21.5
MCS,2025,Q1,24312990,16.69
MCS,2025,Q2,24326492,16.86
MCS,2025,Q3,23729171,15.51
MCS,2025,Q4,23791814,15.51
MCVT,2025,Q3,83068868,3.86
MCVT,2025,Q4,76802872,1.67
MCW,2024,Q2,321828892,7.12
MCW,2024,Q3,322249966,6.51
MCW,2024,Q4,324053935,7.29
MCW,2025,Q1,324826938,7.89
MCW,2025,Q2,327275242,6.01
MCW,2025,Q3,327568371,5.33
MCW,2025,Q4,328479065,5.56
MCY,2024,Q2,55371127,53.14
MCY,2024,Q3,55371127,62.98
MCY,2024,Q4,55388627,66.48
MCY,2025,Q1,55388627,55.9
MCY,2025,Q2,55388627,67.34
MCY,2025,Q3,55388627,84.78
MCY,2025,Q4,55388627,94.06
MD,2024,Q1,84147224,10.03
MD,2024,Q2,85865841,7.55
MD,2024,Q3,85880487,11.59
MD,2024,Q4,85829575,13.12
MD,2025,Q1,85905735,14.49
MD,2025,Q2,87084187,14.35
MD,2025,Q3,85877386,16.75
MD,2025,Q4,83001072,21.39
MDAI,2025,Q3,30688895,2.28
MDAI,2025,Q4,31823895,1.42
MDB,2024,Q1,72831108,358.64
MDB,2024,Q2,73350695,249.96
MDB,2024,Q3,73869454,270.35
MDB,2024,Q4,74470596,232.81
MDB,2025,Q1,81187663,175.4
MDB,2025,Q2,81714313,209.99
MDB,2025,Q3,81356893,310.38
MDB,2025,Q4,81391760,419.69
MDB,2026,Q1,80369527,244.77
MDBH,2025,Q3,5138632,
MDBH,2025,Q4,5300132,
MDCX,2025,Q3,22029144,
MDCX,2025,Q4,39362109,1.53
MDGL,2024,Q1,21311526,267.04
MDGL,2024,Q2,21712677,280.16
MDGL,2024,Q3,21810407,212.22
MDGL,2024,Q4,22080246,308.57
MDGL,2025,Q1,22203282,331.23
MDGL,2025,Q2,22289014,302.64
MDGL,2025,Q3,22711420,458.66
MDGL,2025,Q4,22939969,582.34
MDIA,2025,Q3,76435287,
MDIA,2025,Q4,76318634,
MDLZ,2024,Q1,1341359018,70.0
MDLZ,2024,Q2,1335797706,65.44
MDLZ,2024,Q3,1337194254,73.67
MDLZ,2024,Q4,1293525167,59.73
MDLZ,2025,Q1,1294815373,67.85
MDLZ,2025,Q2,1293945412,67.44
MDLZ,2025,Q3,1290358492,62.47
MDLZ,2025,Q4,1281845669,53.83
MDLZ,2026,Q1,1283649766,57.64
MDRR,2025,Q3,1112405,
MDRR,2025,Q4,1428500,
MDT,2024,Q1,1327822539,87.15
MDT,2024,Q2,1282269783,78.71
MDT,2024,Q3,1282490493,90.03
MDT,2024,Q4,1282285681,79.88
MDT,2025,Q1,1282543505,89.86
MDT,2025,Q2,1281264703,87.17
MDT,2025,Q3,1282685882,95.24
MDT,2025,Q4,1282014208,96.06
MDT,2026,Q1,1283884964,86.65
MDU,2024,Q1,203888237,25.2
MDU,2024,Q2,203888237,25.1
MDU,2024,Q3,203888237,27.41
MDU,2024,Q4,204331170,18.02
MDU,2025,Q1,204331170,16.91
MDU,2025,Q2,204331170,16.67
MDU,2025,Q3,204331170,17.81
MDU,2025,Q4,204382821,19.52
MDV,2025,Q3,10274997,14.64
MDV,2025,Q4,10319480,14.39
MDWD,2025,Q4,12835148,18.46
MDXG,2024,Q2,146809007,6.93
MDXG,2024,Q3,146946213,5.91
MDXG,2024,Q4,147366056,9.62
MDXG,2025,Q1,147702140,7.6
MDXG,2025,Q2,147959416,6.11
MDXG,2025,Q3,148102159,6.98
MDXG,2025,Q4,148566586,6.77
MDXH,2025,Q4,51364520,3.57
MEC,2024,Q2,20619530,16.66
MEC,2024,Q3,20644333,21.08
MEC,2024,Q4,20419823,15.72
MEC,2025,Q1,20461031,13.43
MEC,2025,Q2,20317825,15.96
MEC,2025,Q3,20318370,13.76
MEC,2025,Q4,20318370,18.72
MED,2024,Q1,10937245,38.32
MED,2024,Q2,10937418,21.82
MED,2024,Q3,10937830,19.14
MED,2024,Q4,10937830,17.62
MED,2025,Q1,10991021,13.48
MED,2025,Q2,10991064,14.05
MED,2025,Q3,10991273,13.67
MED,2025,Q4,10991273,10.68
MEDP,2024,Q1,30983399,404.15
MEDP,2024,Q2,31001761,411.85
MEDP,2024,Q3,31081601,333.8
MEDP,2024,Q4,30466806,332.23
MEDP,2025,Q1,28741609,304.69
MEDP,2025,Q2,28093026,313.86
MEDP,2025,Q3,28168223,514.16
MEDP,2025,Q4,28381283,561.65
MEDP,2026,Q1,28559689,480.19
MEG,2024,Q2,34229939,44.56
MEG,2024,Q3,34300748,26.3
MEG,2024,Q4,34339764,18.55
MEG,2025,Q1,34216241,14.26
MEG,2025,Q2,35286491,21.89
MEG,2025,Q3,35337667,27.46
MEG,2025,Q4,35980650,24.83
MEGL,2025,Q4,4064050,
MEI,2024,Q1,35390500,12.18
MEI,2024,Q2,35324385,10.35
MEI,2024,Q3,35245060,11.96
MEI,2024,Q4,35656622,11.79
MEI,2025,Q1,35690749,6.38
MEI,2025,Q2,35206813,9.51
MEI,2025,Q3,35217142,7.55
MEI,2025,Q4,35408249,6.64
MEI,2026,Q1,35430421,
MEIP,2025,Q2,35655155,2.47
MEIP,2025,Q4,36361999,1.32
MELI,2024,Q1,50697442,1511.96
MELI,2024,Q2,50697438,1643.4
MELI,2024,Q3,50697375,2051.96
MELI,2024,Q4,50697375,1700.44
MELI,2025,Q1,50697375,1950.87
MELI,2025,Q2,50697375,2613.63
MELI,2025,Q3,50697182,2336.94
MELI,2025,Q4,50697182,2014.26
MEOH,2025,Q4,77339520,39.72
MERC,2024,Q2,66870774,8.54
MERC,2024,Q3,66870774,6.77
MERC,2024,Q4,66870774,6.5
MERC,2025,Q1,66870774,6.15
MERC,2025,Q2,66982506,3.5
MERC,2025,Q3,66982506,2.88
MERC,2025,Q4,66982506,1.98
MESA,2024,Q1,41172218,
MESA,2024,Q2,41313221,1.71
MESA,2024,Q3,41331719,1.21
MESA,2024,Q4,41331719,1.16
MESA,2025,Q1,41334433,0.78
MESA,2025,Q2,41866972,0.93
MESA,2025,Q3,41886643,1.3
MESA,2025,Q4,46829476,
MET,2024,Q1,711123411,74.11
MET,2024,Q2,700324845,70.19
MET,2024,Q3,692420423,82.48
MET,2024,Q4,681228028,81.88
MET,2025,Q1,671297826,80.29
MET,2025,Q2,665026054,80.42
MET,2025,Q3,658891656,82.37
MET,2025,Q4,652053867,78.94
META,2024,Q1,2191446233,485.58
META,2024,Q2,2184728795,504.22
META,2024,Q3,2180000871,572.44
META,2024,Q4,2189898148,585.51
META,2025,Q1,2171148098,576.36
META,2025,Q2,2168962480,738.09
META,2025,Q3,2177889269,734.38
META,2025,Q4,2187177748,660.09
METC,2024,Q1,44263429,16.84
METC,2024,Q2,43728727,12.45
METC,2024,Q3,43797444,11.7
METC,2024,Q4,44403347,10.26
METC,2025,Q1,44418301,8.23
METC,2025,Q3,66000000,33.19
METCB,2025,Q3,10842581,16.85
METCB,2025,Q4,11155785,11.75
MFA,2024,Q1,102082000,11.41
MFA,2024,Q2,102083000,10.64
MFA,2024,Q3,102083000,12.72
MFA,2024,Q4,102083000,10.19
MFA,2025,Q1,102653000,10.26
MFA,2025,Q2,102668702,9.46
MFA,2025,Q3,102195703,9.19
MFA,2025,Q4,102093862,9.31
MFC,2024,Q3,1770009984,29.55
MFC,2024,Q4,1741200000,30.71
MFC,2025,Q1,1722409984,31.15
MFC,2025,Q3,1680000000,31.15
MFC,2025,Q4,1677180680,36.28
MFH,2025,Q4,79409800,4.97
MFIC,2024,Q1,65253275,15.04
MFIC,2024,Q2,93780278,15.14
MFIC,2024,Q3,93780278,13.39
MFIC,2024,Q4,93780278,13.49
MFIC,2025,Q1,93303622,12.86
MFIC,2025,Q2,93303622,12.62
MFIC,2025,Q3,93303622,11.99
MFIC,2025,Q4,92211869,11.44
MFIN,2025,Q3,23279435,10.1
MFIN,2025,Q4,23530083,10.29
MG,2024,Q2,30977420,8.29
MG,2024,Q3,31010375,11.37
MG,2024,Q4,31032045,9.06
MG,2025,Q1,31329814,10.58
MG,2025,Q2,31538050,8.01
MG,2025,Q3,31548153,9.84
MG,2025,Q4,31595562,12.65
MGA,2024,Q3,287328000,41.04
MGA,2024,Q4,287342016,41.79
MGA,2025,Q1,281688992,33.99
MGA,2025,Q3,281810000,47.38
MGA,2025,Q4,282879673,53.3
MGEE,2024,Q1,36175888,78.72
MGEE,2024,Q2,36175888,74.72
MGEE,2024,Q3,36207529,91.45
MGEE,2024,Q4,36507340,93.96
MGEE,2025,Q1,36539422,92.96
MGEE,2025,Q2,36541849,88.44
MGEE,2025,Q3,36541849,84.18
MGEE,2025,Q4,36563899,78.42
MGLD,2025,Q2,42817687,
MGLD,2025,Q4,42811212,
MGM,2024,Q1,313680435,47.21
MGM,2024,Q2,303769722,44.44
MGM,2024,Q3,297740481,39.09
MGM,2024,Q4,285550604,34.65
MGM,2025,Q1,272149150,29.64
MGM,2025,Q2,272191042,34.39
MGM,2025,Q3,273506440,34.66
MGM,2025,Q4,255828519,36.49
MGNI,2024,Q1,140023657,10.75
MGNI,2024,Q2,141146976,13.29
MGNI,2024,Q3,140690441,13.85
MGNI,2024,Q4,142951374,15.92
MGNI,2025,Q1,141110559,11.41
MGNI,2025,Q2,142399305,24.12
MGNI,2025,Q3,143647869,21.78
MGNI,2025,Q4,144364365,16.23
MGNX,2024,Q1,62633460,14.72
MGNX,2024,Q2,62722244,4.25
MGNX,2024,Q3,62763448,3.29
MGNX,2024,Q4,63090323,3.25
MGNX,2025,Q1,63090323,1.27
MGNX,2025,Q2,63205703,1.21
MGNX,2025,Q3,63258532,1.68
MGNX,2025,Q4,63555837,1.61
MGPI,2024,Q2,21988494,74.4
MGPI,2024,Q3,21953283,83.25
MGPI,2024,Q4,21270343,39.37
MGPI,2025,Q1,21271756,29.38
MGPI,2025,Q2,21292736,29.97
MGPI,2025,Q3,21294315,24.19
MGPI,2025,Q4,21363225,24.3
MGRC,2024,Q1,24548743,123.37
MGRC,2024,Q2,24550058,106.55
MGRC,2024,Q3,24551184,105.28
MGRC,2024,Q4,24551184,111.82
MGRC,2025,Q1,24611329,111.4
MGRC,2025,Q2,24611531,115.96
MGRC,2025,Q3,24611657,117.3
MGRC,2025,Q4,24611657,104.93
MGRM,2025,Q2,40632367,2.89
MGRX,2025,Q3,13906570,
MGRX,2025,Q4,16967420,0.74
MGTX,2024,Q2,64898918,4.21
MGTX,2024,Q3,78153401,4.17
MGTX,2024,Q4,78854936,6.09
MGTX,2025,Q1,80365359,6.78
MGTX,2025,Q2,80447477,6.52
MGTX,2025,Q3,80490889,8.23
MGTX,2025,Q4,81446126,7.95
MGX,2025,Q3,37546751,2.37
MGX,2025,Q4,37620530,1.62
MGY,2024,Q1,180931251,25.95
MGY,2024,Q2,188161733,25.34
MGY,2024,Q3,191036251,24.42
MGY,2024,Q4,188635832,23.38
MGY,2025,Q1,186948932,25.26
MGY,2025,Q2,185291079,22.48
MGY,2025,Q3,183152540,23.87
MGY,2025,Q4,180882426,21.89
MGYR,2025,Q3,6477991,17.27
MGYR,2025,Q4,6477991,17.28
MHH,2025,Q3,11697331,7.62
MHH,2025,Q4,11858401,6.98
MHK,2024,Q1,63863085,130.89
MHK,2024,Q2,63117076,113.59
MHK,2024,Q3,63121264,160.68
MHK,2024,Q4,62587228,119.13
MHK,2025,Q1,62524692,114.18
MHK,2025,Q2,62131911,104.84
MHK,2025,Q3,61821362,128.92
MHK,2025,Q4,61460358,109.3
MHLD,2024,Q1,100209450,2.25
MHLD,2024,Q2,99774352,2.06
MHLD,2024,Q3,99320805,1.77
MHLD,2024,Q4,99039253,1.69
MHLD,2025,Q1,99682710,
MHO,2024,Q1,27751658,136.29
MHO,2024,Q2,27411758,122.14
MHO,2024,Q3,27205054,171.36
MHO,2024,Q4,27114451,132.95
MHO,2025,Q1,26783786,114.18
MHO,2025,Q2,26390709,112.12
MHO,2025,Q3,26148509,144.44
MHO,2025,Q4,25767709,127.95
MHO,2026,Q1,25590109,122.45
MIDD,2024,Q1,53768507,160.79
MIDD,2024,Q2,53769547,122.61
MIDD,2024,Q3,53793158,139.13
MIDD,2024,Q4,53624590,135.45
MIDD,2025,Q1,53481521,151.98
MIDD,2025,Q2,50682386,144.0
MIDD,2025,Q3,50371250,132.93
MIDD,2025,Q4,50682383,148.67
MIDD,2026,Q1,47181017,132.58
MIGI,2025,Q3,22865188,
MIGI,2025,Q4,5486730,
MIND,2025,Q1,7969421,6.0
MIND,2025,Q4,9038082,8.79
MIND,2026,Q1,9089055,
MIR,2024,Q1,220159325,11.37
MIR,2024,Q2,225411548,10.74
MIR,2024,Q3,225500094,11.07
MIR,2024,Q4,226035636,17.45
MIR,2025,Q1,225554626,14.5
MIR,2025,Q2,227891326,21.53
MIR,2025,Q3,247821635,23.26
MIR,2025,Q4,244667792,23.42
MIRA,2025,Q3,41876087,1.36
MIRA,2025,Q4,42022087,
MIRM,2024,Q2,47707204,34.19
MIRM,2024,Q3,48004582,39.0
MIRM,2024,Q4,49014190,41.35
MIRM,2025,Q1,49534709,45.05
MIRM,2025,Q2,50237647,50.89
MIRM,2025,Q3,51393574,73.31
MIRM,2025,Q4,60341617,78.99
MIST,2025,Q3,85169344,2.0
MIST,2025,Q4,117667277,2.02
MITK,2024,Q2,46203821,11.18
MITK,2024,Q4,45243715,11.13
MITK,2025,Q1,45564205,8.25
MITK,2025,Q2,45647049,9.9
MITK,2025,Q3,45742350,9.77
MITK,2025,Q4,45316289,10.55
MITQ,2025,Q2,9939080,
MITQ,2025,Q4,9945115,
MITT,2025,Q3,31744449,7.24
MITT,2025,Q4,31735457,8.52
MKC,2024,Q1,251745319,76.81
MKC,2024,Q2,252015474,70.94
MKC,2024,Q3,252191469,82.3
MKC,2024,Q4,252517977,76.24
MKC,2025,Q1,252681735,82.31
MKC,2025,Q2,253041198,75.82
MKC.V,2025,Q3,15135757,66.72
MKC.V,2025,Q4,14851729,68.01
MKC.V,2026,Q1,14781847,
MKL,2024,Q1,13002646,1521.48
MKL,2024,Q2,12945385,1575.66
MKL,2024,Q3,12862300,1568.58
MKL,2024,Q4,12770003,1726.23
MKL,2025,Q1,12684687,1869.61
MKL,2025,Q2,12652001,1997.36
MKL,2025,Q3,12610250,1911.36
MKL,2025,Q4,12575726,2149.65
MKL,2026,Q1,12513710,1914.07
MKSI,2024,Q1,67196556,133.0
MKSI,2024,Q2,67287594,130.58
MKSI,2024,Q3,67298941,108.71
MKSI,2024,Q4,67377585,104.39
MKSI,2025,Q1,67072198,80.15
MKSI,2025,Q2,67159003,99.36
MKSI,2025,Q3,67169474,123.77
MKSI,2025,Q4,67248357,159.8
MKTW,2025,Q3,2416640,16.53
MKTW,2025,Q4,2448135,15.02
MKTX,2024,Q1,37896895,219.25
MKTX,2024,Q2,37751975,200.53
MKTX,2024,Q3,37704364,256.2
MKTX,2024,Q4,37693220,226.04
MKTX,2025,Q1,37501661,216.35
MKTX,2025,Q2,37363773,223.34
MKTX,2025,Q3,37171508,174.25
MKTX,2025,Q4,35548265,181.25
MKZR,2025,Q2,1769284,0.67
MKZR,2025,Q4,1966400,
MLAB,2025,Q1,5455437,118.66
MLAB,2025,Q4,5524813,78.5
MLAC,2024,Q4,23805000,
MLAC,2025,Q1,23805000,10.05
MLAC,2025,Q3,28330000,10.3
MLACU,2025,Q3,23805000,
MLACU,2025,Q4,23805000,
MLCO,2024,Q3,440422016,7.79
MLCO,2024,Q4,419708992,5.79
MLCO,2025,Q1,425512992,5.27
MLCO,2025,Q3,419710000,9.17
MLCO,2025,Q4,1220376014,7.57
MLGO,2025,Q4,10941519,
MLI,2024,Q1,113597003,53.93
MLI,2024,Q2,113324148,56.94
MLI,2024,Q3,113735099,74.1
MLI,2024,Q4,113267514,79.36
MLI,2025,Q1,110649746,76.14
MLI,2025,Q2,110700752,79.47
MLI,2025,Q3,111013631,101.11
MLI,2025,Q4,110964294,114.8
MLI,2026,Q1,110570613,110.8
MLKN,2024,Q1,71638797,24.76
MLKN,2024,Q2,69830778,26.49
MLKN,2024,Q3,69165532,24.76
MLKN,2024,Q4,68158992,22.59
MLKN,2025,Q1,67746549,19.14
MLKN,2025,Q2,67806605,19.42
MLKN,2025,Q3,68514774,17.74
MLKN,2025,Q4,68249980,18.28
MLKN,2026,Q1,68374732,14.46
MLM,2024,Q1,61640190,613.94
MLM,2024,Q2,61117053,541.8
MLM,2024,Q3,61118057,538.25
MLM,2024,Q4,60974146,516.5
MLM,2025,Q1,60285411,478.13
MLM,2025,Q2,60306003,548.96
MLM,2025,Q3,60307143,630.28
MLM,2025,Q4,60312046,622.66
MLNK,2024,Q2,75790593,21.36
MLNK,2024,Q3,75525228,20.57
MLNK,2024,Q4,76626179,20.65
MLNK,2025,Q1,77190412,18.53
MLNK,2025,Q2,74094297,16.23
MLP,2025,Q3,19741709,18.64
MLP,2025,Q4,19868771,16.94
MLR,2025,Q3,11431416,40.42
MLR,2025,Q4,11371730,37.37
MLSS,2025,Q3,78628913,
MLSS,2025,Q4,80453116,0.27
MLTX,2024,Q2,62888637,43.97
MLTX,2024,Q3,63063929,50.42
MLTX,2024,Q4,63282727,54.15
MLTX,2025,Q1,63474253,39.07
MLTX,2025,Q2,63501402,47.2
MLTX,2025,Q3,63704544,7.17
MLTX,2025,Q4,71727875,13.18
MLYS,2024,Q2,49726675,11.7
MLYS,2024,Q3,49768669,12.11
MLYS,2024,Q4,49835637,12.31
MLYS,2025,Q1,65175287,15.88
MLYS,2025,Q2,66295184,13.53
MLYS,2025,Q3,79139956,37.92
MLYS,2025,Q4,82399478,36.29
MMC,2024,Q1,492724025,205.98
MMC,2024,Q2,491755908,210.72
MMC,2024,Q3,491121531,223.09
MMC,2024,Q4,491131126,212.41
MMC,2025,Q1,492727760,244.03
MMC,2025,Q2,491624043,218.64
MMC,2025,Q3,489909683,201.53
MMC,2025,Q4,484124253,185.52
MMC,2026,Q1,481794501,173.45
MMI,2024,Q2,38729323,31.52
MMI,2024,Q3,38823704,39.63
MMI,2024,Q4,38888092,38.26
MMI,2025,Q1,38976875,34.45
MMI,2025,Q2,38996974,30.71
MMI,2025,Q3,38922604,29.35
MMI,2025,Q4,38234466,27.29
MMLP,2024,Q2,39001086,3.23
MMLP,2024,Q3,39001086,3.65
MMLP,2024,Q4,39055086,3.59
MMLP,2025,Q1,39055086,3.6
MMLP,2025,Q2,39055086,2.95
MMLP,2025,Q3,39055086,3.06
MMLP,2025,Q4,39055086,
MMLP,2026,Q1,39124686,
MMM,2024,Q1,553361257,106.07
MMM,2024,Q2,549353621,102.19
MMM,2024,Q3,544558607,136.7
MMM,2024,Q4,542900000,129.09
MMM,2025,Q1,538181362,146.86
MMM,2025,Q2,532629702,152.24
MMM,2025,Q3,531225048,155.18
MMM,2025,Q4,526700000,160.1
MMM,2026,Q1,521567261,145.23
MMS,2024,Q1,60796458,83.9
MMS,2024,Q2,60177003,85.7
MMS,2024,Q3,60295271,93.16
MMS,2024,Q4,56600398,74.65
MMS,2025,Q1,56349399,68.19
MMS,2025,Q2,56349629,70.2
MMS,2025,Q3,54461507,91.37
MMS,2025,Q4,54548576,86.32
MMSI,2024,Q1,58105654,75.75
MMSI,2024,Q2,58208536,85.95
MMSI,2024,Q3,58279409,98.83
MMSI,2024,Q4,58834568,96.72
MMSI,2025,Q1,59099536,105.71
MMSI,2025,Q2,59219117,93.48
MMSI,2025,Q3,59290248,83.23
MMSI,2025,Q4,59431931,88.14
MMYT,2024,Q3,70114600,92.95
MMYT,2024,Q4,70114600,112.28
MMYT,2025,Q1,70114600,97.99
MMYT,2025,Q3,111260000,93.6
MMYT,2025,Q4,95147394,82.12
MNDO,2025,Q4,20372828,1.15
MNDY,2024,Q3,49858800,277.77
MNDY,2024,Q4,49858800,235.44
MNDY,2025,Q1,50773300,243.16
MNDY,2025,Q3,50770000,193.69
MNDY,2025,Q4,51160822,147.56
MNKD,2024,Q2,274995037,5.22
MNKD,2024,Q3,275777693,6.29
MNKD,2024,Q4,303591344,6.43
MNKD,2025,Q1,303932852,5.03
MNKD,2025,Q2,306828335,3.74
MNKD,2025,Q3,307070281,5.37
MNKD,2025,Q4,308100433,5.67
MNMD,2024,Q1,71872422,9.4
MNMD,2024,Q2,72144970,7.21
MNMD,2024,Q3,73331690,5.69
MNMD,2024,Q4,75368359,6.96
MNMD,2025,Q1,75553266,5.85
MNMD,2025,Q2,76087943,6.49
MNMD,2025,Q3,98509279,11.79
MNMD,2025,Q4,99698129,13.39
MNOV,2025,Q3,49046246,1.27
MNOV,2025,Q4,49221246,1.31
MNPR,2025,Q3,6682584,81.67
MNPR,2025,Q4,6692140,65.3
MNR,2024,Q2,95039689,19.02
MNR,2024,Q3,103490483,16.0
MNR,2024,Q4,118334519,17.18
MNR,2025,Q1,118336367,15.55
MNR,2025,Q2,118337920,14.44
MNR,2025,Q3,168422811,13.18
MNR,2025,Q4,168218770,11.04
MNRO,2023,Q4,40007000,29.34
MNRO,2024,Q2,40026000,23.86
MNRO,2024,Q3,40054000,28.86
MNRO,2024,Q4,40054000,24.8
MNRO,2025,Q1,40068000,14.47
MNRO,2025,Q2,29978942,14.91
MNRO,2025,Q3,30019660,17.97
MNRO,2025,Q4,30019660,20.04
MNSB,2025,Q3,7705571,20.83
MNSB,2025,Q4,7366049,20.36
MNST,2024,Q1,1041728228,59.28
MNST,2024,Q2,979543967,49.95
MNST,2024,Q3,972519659,52.17
MNST,2024,Q4,973158896,52.56
MNST,2025,Q1,975246159,58.52
MNST,2025,Q2,976428189,62.64
MNST,2025,Q3,977021216,67.31
MNST,2025,Q4,978270734,76.67
MNTK,2024,Q2,143613398,5.7
MNTK,2024,Q3,143367622,5.21
MNTK,2024,Q4,142434501,3.98
MNTK,2025,Q1,142434501,2.09
MNTK,2025,Q2,142256617,2.22
MNTK,2025,Q3,142256617,2.01
MNTK,2025,Q4,142341139,1.67
MNTN,2025,Q3,44231894,18.55
MNTN,2025,Q4,56796624,11.94
MNTS,2024,Q1,25540419,
MNTS,2024,Q2,25540419,
MNTS,2024,Q3,25540419,0.44
MNTS,2024,Q4,4777866,
MNTS,2025,Q1,5536616,
MNTS,2025,Q2,5824498,
MNTS,2025,Q3,12287458,
MNTS,2025,Q4,1669563,
MO,2024,Q1,1717626424,43.62
MO,2024,Q2,1706224328,45.55
MO,2024,Q3,1694812982,51.04
MO,2024,Q4,1690661641,52.29
MO,2025,Q1,1684451818,60.02
MO,2025,Q2,1679890953,58.63
MO,2025,Q3,1678671552,66.06
MO,2025,Q4,1671898087,57.66
MOB,2025,Q4,12213935,
MOBX,2025,Q3,64308034,0.81
MOBX,2025,Q4,101072226,0.27
MOD,2023,Q4,52207750,59.7
MOD,2024,Q1,52322085,95.19
MOD,2024,Q2,52413580,100.19
MOD,2024,Q3,52503083,132.79
MOD,2024,Q4,52574000,115.93
MOD,2025,Q1,52391883,76.75
MOD,2025,Q2,52490229,98.5
MOD,2025,Q3,52648568,142.16
MOD,2025,Q4,52731197,133.51
MODD,2025,Q1,54247388,1.09
MODD,2025,Q4,77703547,0.36
MODG,2024,Q2,183804993,15.3
MODG,2024,Q3,183823936,10.98
MODG,2024,Q4,183396369,7.86
MODG,2025,Q1,183752224,6.59
MODG,2025,Q2,183865613,8.05
MODG,2025,Q3,183883637,9.5
MODG,2025,Q4,184094276,11.67
MODV,2024,Q1,14210882,23.45
MODV,2024,Q2,14240177,26.24
MODV,2024,Q3,14283664,14.28
MODV,2024,Q4,14340049,11.84
MODV,2025,Q1,14353820,1.32
MODV,2025,Q3,14401602,
MOFG,2025,Q3,20632760,28.29
MOG.A,2024,Q1,28759355,159.65
MOG.A,2024,Q2,28765302,167.3
MOG.A,2024,Q3,28785765,202.02
MOG.A,2024,Q4,28350335,196.84
MOG.A,2025,Q1,28290552,173.35
MOG.A,2025,Q3,31680000,207.67
MOG.B,2025,Q3,3248420,
MOG.B,2026,Q1,3296444,
MOH,2024,Q1,58600000,410.83
MOH,2024,Q2,58600000,297.3
MOH,2024,Q3,57200000,344.56
MOH,2024,Q4,55500000,291.05
MOH,2025,Q1,54200000,329.39
MOH,2025,Q2,54200000,297.9
MOH,2025,Q3,51400000,191.36
MOH,2025,Q4,51500000,173.54
MOH,2026,Q1,52100000,133.3
MOLN,2025,Q4,40374641,
MOMO,2024,Q3,136143008,7.61
MOMO,2024,Q4,131928000,7.71
MOMO,2025,Q1,123911000,6.31
MOMO,2025,Q3,119260000,7.42
MOMO,2025,Q4,160669479,6.55
MORN,2024,Q1,42745583,308.37
MORN,2024,Q2,42838731,295.85
MORN,2024,Q3,42884181,319.12
MORN,2024,Q4,42839680,336.76
MORN,2025,Q1,42249193,299.87
MORN,2025,Q2,42177737,313.93
MORN,2025,Q3,41129198,232.01
MORN,2025,Q4,39583760,217.31
MOS,2024,Q1,321392799,32.46
MOS,2024,Q2,318637582,28.9
MOS,2024,Q3,317645280,26.78
MOS,2024,Q4,316939231,24.58
MOS,2025,Q1,317230799,27.01
MOS,2025,Q2,317378326,36.48
MOS,2025,Q3,317407877,34.68
MOS,2025,Q4,317505258,24.09
MOV,2024,Q2,29131595,24.86
MOV,2024,Q3,29169952,18.6
MOV,2024,Q4,29174709,19.68
MOV,2025,Q1,29178287,16.72
MOV,2025,Q2,29296119,15.25
MOV,2025,Q3,15682096,18.97
MOV,2025,Q4,15682352,20.62
MOV,2026,Q1,15622386,
MOVE,2025,Q4,1208857,
MP,2024,Q1,165316817,14.3
MP,2024,Q2,165383329,12.73
MP,2024,Q3,163207224,17.65
MP,2024,Q4,163442217,15.6
MP,2025,Q1,163456298,24.41
MP,2025,Q2,177098314,33.27
MP,2025,Q3,177230483,67.07
MP,2025,Q4,177667450,50.52
MPAA,2025,Q1,19435706,9.5
MPAA,2025,Q4,19210954,12.34
MPB,2025,Q3,23048496,28.64
MPB,2025,Q4,23176156,31.02
MPC,2024,Q1,352330482,201.5
MPC,2024,Q2,334684050,173.48
MPC,2024,Q3,321388952,162.91
MPC,2024,Q4,312575833,139.5
MPC,2025,Q1,307213828,145.69
MPC,2025,Q2,304020309,166.11
MPC,2025,Q3,300602479,192.74
MPC,2025,Q4,294740164,162.63
MPLX,2024,Q1,1016195695,41.56
MPLX,2024,Q2,1020584538,42.59
MPLX,2024,Q3,1018812097,44.46
MPLX,2024,Q4,1022509781,47.86
MPLX,2025,Q1,1020802191,53.52
MPLX,2025,Q2,1019065904,51.51
MPLX,2025,Q3,1017065152,49.95
MPLX,2025,Q4,1015204337,53.37
MPTI,2025,Q3,2929798,55.48
MPTI,2025,Q4,3565118,53.22
MPW,2024,Q1,600100000,4.7
MPW,2024,Q2,600200000,4.31
MPW,2024,Q3,600400000,5.85
MPW,2024,Q4,600600000,3.95
MPW,2025,Q1,600800000,6.03
MPW,2025,Q2,601100000,4.31
MPW,2025,Q3,601500000,5.07
MPW,2025,Q4,597700000,5.0
MPWR,2024,Q1,48672000,677.42
MPWR,2024,Q2,48752000,821.68
MPWR,2024,Q3,48780000,924.5
MPWR,2024,Q4,47866000,591.7
MPWR,2025,Q1,47880000,579.98
MPWR,2025,Q2,47892000,731.38
MPWR,2025,Q3,47907000,920.64
MPWR,2025,Q4,49118000,906.36
MPX,2025,Q3,34999034,8.87
MPX,2025,Q4,35242624,8.76
MQ,2024,Q1,463882609,5.96
MQ,2024,Q2,471849781,5.48
MQ,2024,Q3,465903664,4.92
MQ,2024,Q4,471026371,3.79
MQ,2025,Q1,434975915,4.12
MQ,2025,Q2,414971902,5.83
MQ,2025,Q3,407234623,5.28
MQ,2025,Q4,394378510,4.75
MRAM,2025,Q3,22856514,9.31
MRAM,2025,Q4,23120289,9.28
MRBK,2025,Q3,11517456,15.79
MRBK,2025,Q4,11875178,17.58
MRC,2024,Q2,85236533,12.91
MRC,2024,Q3,85243002,12.74
MRC,2024,Q4,86083438,12.78
MRC,2025,Q1,86066530,11.48
MRC,2025,Q2,84985289,13.71
MRC,2025,Q3,84992662,14.42
MRCC,2025,Q3,21666340,7.02
MRCC,2025,Q4,21666340,6.37
MRCY,2024,Q1,57869000,29.5
MRCY,2024,Q2,58094000,26.99
MRCY,2024,Q3,58455000,37.0
MRCY,2024,Q4,58660000,42.0
MRCY,2025,Q1,58852000,43.09
MRCY,2025,Q2,59915670,53.86
MRCY,2025,Q3,60100136,77.4
MRCY,2025,Q4,60014632,73.01
MREO,2024,Q2,769262609,3.6
MREO,2024,Q3,775728034,4.11
MREO,2024,Q4,795001444,3.5
MREO,2025,Q1,795001444,2.25
MREO,2025,Q2,795484404,2.71
MREO,2025,Q3,795658504,2.06
MREO,2025,Q4,798078829,0.42
MRK,2024,Q1,2532806307,131.95
MRK,2024,Q2,2534809312,123.8
MRK,2024,Q3,2529635645,113.56
MRK,2024,Q4,2526036240,99.48
MRK,2025,Q1,2511031253,89.76
MRK,2025,Q2,2497783211,79.16
MRK,2025,Q3,2482022536,83.93
MRK,2025,Q4,2472392003,105.26
MRKR,2025,Q3,16673127,0.89
MRKR,2025,Q4,16673127,1.49
MRNA,2024,Q1,383239726,106.56
MRNA,2024,Q2,384396030,118.75
MRNA,2024,Q3,384817811,66.83
MRNA,2024,Q4,385815877,41.58
MRNA,2025,Q1,386741820,28.35
MRNA,2025,Q2,389079757,27.59
MRNA,2025,Q3,390679512,25.83
MRNA,2025,Q4,394939424,29.49
MRP,2025,Q1,154183686,26.51
MRP,2025,Q2,154183686,28.51
MRP,2025,Q3,154183686,33.61
MRP,2025,Q4,154183686,29.87
MRSN,2024,Q2,122675051,2.01
MRSN,2024,Q3,123532909,1.89
MRSN,2024,Q4,124631339,1.43
MRSN,2025,Q1,124631339,0.34
MRSN,2025,Q2,4990692,0.3
MRSN,2025,Q3,4998750,7.76
MRTN,2024,Q2,81414959,18.45
MRTN,2024,Q3,81447838,17.7
MRTN,2024,Q4,81463938,15.61
MRTN,2025,Q1,81493424,13.72
MRTN,2025,Q2,81520424,12.99
MRTN,2025,Q3,81520424,10.66
MRTN,2025,Q4,81542153,11.38
MRUS,2024,Q2,68210479,59.17
MRUS,2024,Q3,68463681,49.96
MRUS,2024,Q4,69090469,42.05
MRUS,2025,Q1,69213576,42.09
MRUS,2025,Q2,75634358,52.6
MRUS,2025,Q3,75844579,94.15
MRVI,2024,Q1,132830872,8.67
MRVI,2024,Q2,141553339,7.16
MRVI,2024,Q3,141843505,8.31
MRVI,2024,Q4,143651803,5.45
MRVI,2025,Q1,143975437,2.21
MRVI,2025,Q2,144677773,2.41
MRVI,2025,Q3,145022751,2.87
MRVI,2025,Q4,146383162,3.25
MRVL,2024,Q1,866000000,70.88
MRVL,2024,Q2,865600000,69.9
MRVL,2024,Q3,866200000,72.12
MRVL,2024,Q4,865300000,110.45
MRVL,2025,Q1,866100000,61.57
MRVL,2025,Q2,862200000,77.4
MRVL,2025,Q3,862100000,84.07
MRVL,2025,Q4,848100000,84.98
MRVL,2026,Q1,874300000,99.05
MRX,2025,Q4,72937470,38.36
MS,2024,Q2,1617863626,97.19
MS,2024,Q3,1611035579,104.24
MS,2024,Q4,1612855585,125.72
MS,2025,Q1,1604319158,116.67
MS,2025,Q2,1596335756,140.86
MS,2025,Q3,1589309311,158.96
MS,2025,Q4,1587860206,177.53
MSA,2024,Q1,39382242,193.59
MSA,2024,Q2,39352993,187.69
MSA,2024,Q3,39309950,177.34
MSA,2024,Q4,62081391,165.77
MSA,2025,Q1,39305893,146.69
MSA,2025,Q2,39143220,167.53
MSA,2025,Q3,39152061,172.07
MSA,2025,Q4,38774722,160.14
MSAI,2025,Q3,52537883,0.64
MSAI,2025,Q4,80491889,0.29
MSB,2025,Q1,13120010,27.2
MSB,2025,Q4,13120010,38.52
MSB,2026,Q1,13120010,
MSBI,2023,Q3,21538434,
MSBI,2023,Q4,21503989,27.56
MSBI,2024,Q1,21481762,25.13
MSBI,2024,Q2,21393260,22.65
MSBI,2024,Q3,21401485,22.38
MSBI,2024,Q4,21494485,24.4
MSBI,2025,Q3,21551721,17.14
MSBI,2025,Q4,20989589,21.17
MSC,2025,Q4,770352700,
MSCI,2024,Q1,79224201,560.45
MSCI,2024,Q2,78649981,481.75
MSCI,2024,Q3,78371294,582.93
MSCI,2024,Q4,77651999,600.01
MSCI,2025,Q1,77371495,565.5
MSCI,2025,Q2,77365235,576.74
MSCI,2025,Q3,75139539,567.41
MSCI,2025,Q4,73474042,573.73
MSCI,2026,Q1,72800000,539.01
MSEX,2024,Q2,17829778,52.26
MSEX,2024,Q3,17855200,65.24
MSEX,2024,Q4,17887454,52.63
MSEX,2025,Q1,17920178,64.1
MSEX,2025,Q2,18016640,54.18
MSEX,2025,Q3,18337819,54.12
MSEX,2025,Q4,18521933,50.42
MSFT,2024,Q1,7432305794,420.72
MSFT,2024,Q2,7433038381,446.95
MSFT,2024,Q3,7434880776,430.3
MSFT,2024,Q4,7433982235,421.5
MSFT,2025,Q1,7432543865,375.39
MSFT,2025,Q2,7433166379,497.41
MSFT,2025,Q3,7432377655,517.95
MSFT,2025,Q4,7425629076,483.62
MSGE,2024,Q1,41158016,39.21
MSGE,2024,Q2,41190264,34.23
MSGE,2024,Q3,41605791,42.53
MSGE,2024,Q4,40974855,35.6
MSGE,2025,Q1,40593104,32.74
MSGE,2025,Q2,40593104,39.97
MSGE,2025,Q3,40364953,45.24
MSGE,2025,Q4,40406345,53.89
MSGM,2025,Q3,5078450,
MSGM,2025,Q4,5078450,3.17
MSGS,2024,Q1,19416405,184.52
MSGS,2024,Q2,19422573,188.13
MSGS,2024,Q3,19464513,208.26
MSGS,2024,Q4,19480345,225.68
MSGS,2025,Q1,19488096,194.72
MSGS,2025,Q2,19488096,208.95
MSGS,2025,Q3,19529890,227.0
MSGS,2025,Q4,19539816,258.65
MSI,2024,Q1,166787080,354.98
MSI,2024,Q2,166840999,386.05
MSI,2024,Q3,167120598,449.63
MSI,2024,Q4,166936952,462.23
MSI,2025,Q1,166915805,437.81
MSI,2025,Q2,166603894,420.46
MSI,2025,Q3,166554998,457.29
MSI,2025,Q4,165658912,383.32
MSM,2024,Q1,56300611,97.04
MSM,2024,Q2,56122955,79.31
MSM,2024,Q3,55903690,86.06
MSM,2024,Q4,55859134,74.69
MSM,2025,Q1,55721676,77.67
MSM,2025,Q2,55675778,85.02
MSM,2025,Q3,55790152,92.14
MSM,2025,Q4,55803307,84.1
MSM,2026,Q1,55834311,92.27
MSN,2025,Q1,21042652,
MSN,2025,Q4,21042652,
MSPR,2025,Q3,13774399,
MSS,2025,Q2,17450476,
MSS,2025,Q4,22229652,
MSS,2026,Q1,27451517,
MSTR,2024,Q1,15773406,1704.56
MSTR,2024,Q2,17468045,1377.48
MSTR,2024,Q3,183003980,168.6
MSTR,2024,Q4,237711607,289.62
MSTR,2025,Q1,253763053,288.27
MSTR,2025,Q2,263912697,404.23
MSTR,2025,Q3,267713485,322.21
MSTR,2025,Q4,314112458,151.95
MT,2024,Q3,777806016,26.26
MT,2024,Q4,777806016,23.13
MT,2025,Q1,768547008,28.85
MT,2025,Q3,819270000,36.15
MT,2025,Q4,761125819,45.57
MTA,2025,Q4,92899448,7.78
MTB,2024,Q1,166854421,145.44
MTB,2024,Q2,167000691,151.36
MTB,2024,Q3,165921158,178.12
MTB,2024,Q4,164333454,188.01
MTB,2025,Q1,160516041,178.75
MTB,2025,Q2,156269291,193.99
MTB,2025,Q3,153690781,197.62
MTB,2025,Q4,149000252,201.48
MTC,2025,Q4,99587811,
MTCH,2024,Q1,265668115,36.28
MTCH,2024,Q2,257895012,30.38
MTCH,2024,Q3,251090997,37.84
MTCH,2024,Q4,250429132,32.71
MTCH,2025,Q1,245225322,31.2
MTCH,2025,Q2,240622147,30.89
MTCH,2025,Q3,236070189,35.32
MTCH,2025,Q4,232644477,32.29
MTD,2024,Q1,21357370,1331.29
MTD,2024,Q2,21219218,1397.59
MTD,2024,Q3,21102668,1499.7
MTD,2024,Q4,20916459,1223.68
MTD,2025,Q1,20782786,1180.91
MTD,2025,Q2,20599040,1174.72
MTD,2025,Q3,20428445,1227.61
MTD,2025,Q4,20325250,1394.19
MTDR,2024,Q1,124780249,66.77
MTDR,2024,Q2,124816171,59.6
MTDR,2024,Q3,124772721,49.42
MTDR,2024,Q4,125207212,56.26
MTDR,2025,Q1,125202746,51.09
MTDR,2025,Q2,124494423,47.72
MTDR,2025,Q3,124270672,44.93
MTDR,2025,Q4,124249941,42.44
MTEX,2025,Q3,1900930,
MTEX,2025,Q4,1900930,
MTG,2024,Q1,266587218,22.36
MTG,2024,Q2,259233744,21.55
MTG,2024,Q3,253365363,25.6
MTG,2024,Q4,242706658,23.71
MTG,2025,Q1,237437433,24.78
MTG,2025,Q2,230523015,27.84
MTG,2025,Q3,223740981,28.37
MTG,2025,Q4,214953360,29.22
MTH,2024,Q1,36319014,175.46
MTH,2024,Q2,36327214,161.85
MTH,2024,Q3,36179602,205.07
MTH,2024,Q4,71765912,153.82
MTH,2025,Q1,71830262,70.88
MTH,2025,Q2,71156138,66.97
MTH,2025,Q3,70406707,72.43
MTH,2025,Q4,66800664,65.8
MTH,2026,Q1,66702433,61.84
MTN,2024,Q1,37968155,222.83
MTN,2024,Q2,37624016,180.13
MTN,2024,Q3,37485473,174.29
MTN,2024,Q4,37438353,187.45
MTN,2025,Q1,37337967,160.02
MTN,2025,Q2,37152403,157.13
MTN,2025,Q3,35884970,149.57
MTN,2025,Q4,35775575,132.8
MTN,2026,Q1,35633051,128.32
MTNB,2025,Q3,6406191,
MTNB,2025,Q4,6406191,0.59
MTRN,2024,Q1,20730895,131.75
MTRN,2024,Q2,20747039,108.13
MTRN,2024,Q3,20751282,111.86
MTRN,2024,Q4,20765214,98.88
MTRN,2025,Q1,20814258,81.6
MTRN,2025,Q2,20726917,79.37
MTRN,2025,Q3,20732741,120.81
MTRN,2025,Q4,20736213,124.32
MTRX,2024,Q1,27308795,13.03
MTRX,2024,Q2,27548310,9.93
MTRX,2024,Q3,27554879,11.53
MTRX,2024,Q4,27606852,11.97
MTRX,2025,Q1,27610499,12.43
MTRX,2025,Q2,28068535,13.51
MTRX,2025,Q3,28124527,13.08
MTRX,2025,Q4,28128405,11.7
MTSI,2024,Q1,72106577,95.64
MTSI,2024,Q2,72191208,111.47
MTSI,2024,Q3,72399645,111.26
MTSI,2025,Q1,74339819,100.38
MTSI,2025,Q2,74390671,143.29
MTSI,2025,Q3,74471281,124.49
MTSI,2025,Q4,74932978,171.28
MTSI,2026,Q1,75011970,222.07
MTSR,2024,Q4,105050219,
MTSR,2025,Q1,105055538,27.22
MTSR,2025,Q2,105055538,28.45
MTSR,2025,Q3,105376189,52.33
MTUS,2024,Q2,43459468,20.27
MTUS,2024,Q3,42494328,14.83
MTUS,2024,Q4,42116424,14.13
MTUS,2025,Q1,42023268,13.36
MTUS,2025,Q2,41826462,15.41
MTUS,2025,Q3,41648794,16.53
MTUS,2025,Q4,41730421,17.16
MTVA,2025,Q3,24214788,
MTVA,2025,Q4,5090936,
MTW,2024,Q2,35116857,11.53
MTW,2024,Q3,35126894,9.62
MTW,2024,Q4,35134245,9.13
MTW,2025,Q1,35443463,8.59
MTW,2025,Q2,35459107,12.02
MTW,2025,Q3,35470942,10.01
MTW,2025,Q4,35473418,11.99
MTX,2024,Q1,32248162,75.28
MTX,2024,Q2,32168725,83.16
MTX,2024,Q3,31888720,77.23
MTX,2024,Q4,31897554,76.21
MTX,2025,Q1,31732168,63.57
MTX,2025,Q2,31376116,55.07
MTX,2025,Q3,31134308,62.12
MTX,2025,Q4,31048585,60.95
MTZ,2024,Q1,79458432,93.25
MTZ,2024,Q2,79220966,106.99
MTZ,2024,Q3,79234969,123.1
MTZ,2024,Q4,79291828,136.14
MTZ,2025,Q1,78902752,116.71
MTZ,2025,Q2,78907954,170.43
MTZ,2025,Q3,78900930,212.81
MTZ,2025,Q4,78894830,217.37
MU,2024,Q1,1107368110,117.89
MU,2024,Q2,1108841326,131.53
MU,2024,Q3,1108742682,103.71
MU,2024,Q4,1114171932,84.16
MU,2025,Q1,1117571525,86.89
MU,2025,Q2,1119125101,123.25
MU,2025,Q3,1122466035,167.32
MU,2025,Q4,1125509261,285.41
MU,2026,Q1,1127734051,337.84
MULN,2025,Q2,4604935,
MUR,2024,Q1,152576275,45.7
MUR,2024,Q2,150887425,41.24
MUR,2024,Q3,145843359,33.74
MUR,2024,Q4,145855183,30.26
MUR,2025,Q1,142716062,28.4
MUR,2025,Q2,142731820,22.5
MUR,2025,Q3,142738809,28.41
MUR,2025,Q4,142830352,31.25
MURA,2025,Q3,17344486,2.07
MUSA,2024,Q1,20717691,419.2
MUSA,2024,Q2,20492205,469.46
MUSA,2024,Q3,20249099,492.87
MUSA,2024,Q4,20016228,501.75
MUSA,2025,Q1,19761644,469.81
MUSA,2025,Q2,19292355,406.8
MUSA,2025,Q3,18734447,388.26
MUSA,2025,Q4,18535347,403.52
MUX,2024,Q1,49440096,9.86
MUX,2024,Q2,51085515,9.18
MUX,2024,Q3,52924821,9.3
MUX,2024,Q4,53934510,7.78
MUX,2025,Q1,53987670,7.55
MUX,2025,Q2,54106415,9.61
MUX,2025,Q3,54480457,17.1
MUX,2025,Q4,59452799,18.51
MVBF,2025,Q3,12584334,25.06
MVBF,2025,Q4,12844813,25.83
MVIS,2024,Q1,206659634,1.84
MVIS,2024,Q2,212750648,1.06
MVIS,2024,Q3,219018180,1.14
MVIS,2024,Q4,245004785,1.31
MVIS,2025,Q1,249261553,1.24
MVIS,2025,Q2,300964884,1.14
MVIS,2025,Q3,305397269,1.24
MVIS,2025,Q4,306579855,0.83
MVST,2024,Q1,317196095,0.84
MVST,2024,Q2,323815298,0.46
MVST,2024,Q3,323815298,0.25
MVST,2024,Q4,325209085,2.07
MVST,2025,Q1,325341389,1.17
MVST,2025,Q2,325354111,3.63
MVST,2025,Q3,328182834,3.85
MVST,2025,Q4,332032946,2.8
MWA,2024,Q1,155712887,16.09
MWA,2024,Q2,155796076,17.92
MWA,2024,Q3,156252093,21.7
MWA,2024,Q4,156599544,22.5
MWA,2025,Q1,156677534,25.42
MWA,2025,Q2,156293515,24.04
MWA,2025,Q3,156349160,25.52
MWA,2025,Q4,156385318,23.82
MWYN,2025,Q2,17054004,
MWYN,2025,Q4,20194804,
MWYN,2026,Q1,20194804,
MX,2024,Q2,37457198,4.87
MX,2024,Q3,37202783,4.67
MX,2024,Q4,36883279,4.02
MX,2025,Q1,36063605,3.43
MX,2025,Q2,35924033,3.98
MX,2025,Q3,35981823,3.13
MX,2025,Q4,36440854,2.55
MXC,2025,Q1,2046000,
MXC,2025,Q4,2046000,
MXCT,2024,Q2,105089214,3.92
MXCT,2024,Q3,105482558,3.89
MXCT,2024,Q4,106027733,4.16
MXCT,2025,Q1,106318532,2.73
MXCT,2025,Q2,106606648,2.18
MXCT,2025,Q3,106674011,1.58
MXCT,2025,Q4,106861428,1.55
MXL,2024,Q1,83128037,18.67
MXL,2024,Q2,83898216,20.14
MXL,2024,Q3,84361778,14.48
MXL,2024,Q4,84633566,19.78
MXL,2025,Q1,86373820,10.86
MXL,2025,Q2,87080498,14.21
MXL,2025,Q3,87372834,16.08
MXL,2025,Q4,86451150,17.43
MXL,2026,Q1,89545959,17.39
MYE,2024,Q2,37222218,13.38
MYE,2024,Q3,37259812,13.82
MYE,2024,Q4,37295964,11.04
MYE,2025,Q1,37382291,11.93
MYE,2025,Q2,37409727,14.49
MYE,2025,Q3,37407915,16.94
MYE,2025,Q4,37403228,18.72
MYFW,2025,Q3,9714711,23.02
MYFW,2025,Q4,9735091,26.81
MYGN,2024,Q2,90820354,24.46
MYGN,2024,Q3,91035230,27.39
MYGN,2024,Q4,91309064,13.71
MYGN,2025,Q1,92177383,8.87
MYGN,2025,Q2,93044627,5.31
MYGN,2025,Q3,93213722,7.23
MYGN,2025,Q4,93508165,6.15
MYNZ,2025,Q4,12515336,1.12
MYO,2025,Q3,38435524,0.89
MYO,2025,Q4,38511715,0.91
MYPS,2024,Q1,118346301,2.78
MYPS,2024,Q2,108203579,2.07
MYPS,2024,Q3,108226661,1.51
MYPS,2024,Q4,117007707,1.86
MYPS,2025,Q1,108626198,1.27
MYPS,2025,Q2,108888036,1.31
MYPS,2025,Q3,109646197,0.96
MYPS,2025,Q4,111790336,0.65
MYRG,2024,Q1,16765450,176.75
MYRG,2024,Q2,16507773,135.71
MYRG,2024,Q3,16121901,102.23
MYRG,2024,Q4,16138503,148.77
MYRG,2025,Q1,15522834,113.09
MYRG,2025,Q2,15522834,181.45
MYRG,2025,Q3,15522834,208.03
MYRG,2025,Q4,15540073,218.5
MYSZ,2025,Q3,3848979,
MYSZ,2025,Q4,4639784,
MZTI,2025,Q2,27534000,172.77
MZTI,2025,Q4,27423000,164.42
NABL,2024,Q2,185284976,15.23
NABL,2024,Q3,185755674,13.06
NABL,2024,Q4,188950626,9.34
NABL,2025,Q1,189059535,7.09
NABL,2025,Q2,187096094,8.1
NABL,2025,Q3,186329603,7.8
NABL,2025,Q4,188376316,7.48
NAGE,2024,Q2,75933137,2.73
NAGE,2024,Q3,76383267,3.65
NAGE,2024,Q4,77750447,5.3
NAGE,2025,Q1,78769662,6.9
NAGE,2025,Q2,79752957,14.41
NAGE,2025,Q3,79806139,9.33
NAGE,2025,Q4,80080488,6.36
NAII,2025,Q2,6176778,
NAII,2025,Q4,6176778,
NAK,2025,Q4,558461162,1.97
NAKA,2025,Q3,439850889,1.07
NAKA,2025,Q4,690018254,0.35
NAMS,2024,Q1,89976538,
NAMS,2024,Q2,90015357,19.21
NAMS,2024,Q3,92385872,16.6
NAMS,2024,Q4,109817812,25.7
NAMS,2025,Q1,112270677,20.47
NAMS,2025,Q2,112628458,18.11
NAMS,2025,Q3,113390804,28.44
NAMS,2025,Q4,114975422,35.08
NAOV,2025,Q3,1088176,
NAOV,2025,Q4,1100413,
NAT,2024,Q3,208796000,3.67
NAT,2024,Q4,208796000,2.5
NAT,2025,Q1,211751008,2.46
NAT,2025,Q3,211750000,3.14
NAT,2025,Q4,211750660,3.44
NATH,2025,Q1,4089510,96.38
NATH,2025,Q4,4094405,93.57
NATL,2024,Q2,72321897,27.02
NATL,2024,Q3,72487658,28.53
NATL,2024,Q4,73041674,33.92
NATL,2025,Q1,73454346,26.38
NATL,2025,Q2,73585992,28.53
NATL,2025,Q3,73904136,39.31
NATL,2025,Q4,73561203,38.11
NATR,2025,Q3,17495563,15.52
NATR,2025,Q4,17507608,21.58
NAUT,2024,Q2,125411248,2.34
NAUT,2024,Q3,125563965,2.85
NAUT,2024,Q4,126148469,1.68
NAUT,2025,Q1,126148469,0.86
NAUT,2025,Q2,126305122,0.72
NAUT,2025,Q3,126305122,0.84
NAUT,2025,Q4,126564473,1.95
NAUT,2026,Q1,127078855,
NAVI,2024,Q1,111824749,17.4
NAVI,2024,Q2,109410094,14.56
NAVI,2024,Q3,107363480,15.59
NAVI,2024,Q4,102276303,13.29
NAVI,2025,Q1,101334478,12.63
NAVI,2025,Q2,99431038,14.1
NAVI,2025,Q3,97506705,13.15
NAVI,2025,Q4,95089668,13.0
NB,2025,Q2,77757089,2.33
NB,2025,Q4,125321172,5.3
NBBK,2024,Q2,42705729,15.08
NBBK,2024,Q3,42705729,18.56
NBBK,2024,Q4,41842641,18.06
NBBK,2025,Q1,40570443,18.07
NBBK,2025,Q2,39826446,17.86
NBBK,2025,Q3,39826446,17.65
NBBK,2025,Q4,45604774,19.82
NBHC,2024,Q2,37917773,39.05
NBHC,2024,Q3,38013516,42.1
NBHC,2024,Q4,38055322,43.06
NBHC,2025,Q1,38094318,38.27
NBHC,2025,Q2,38045622,37.61
NBHC,2025,Q3,37815589,38.64
NBHC,2025,Q4,45013622,38.01
NBIX,2024,Q1,100637227,137.92
NBIX,2024,Q2,100976249,137.67
NBIX,2024,Q3,101246911,115.22
NBIX,2024,Q4,99703527,136.5
NBIX,2025,Q1,98965820,110.6
NBIX,2025,Q2,99181510,125.69
NBIX,2025,Q3,99705698,140.38
NBIX,2025,Q4,100363463,141.83
NBR,2024,Q1,10701511,86.13
NBR,2024,Q2,10709898,71.16
NBR,2024,Q3,10709216,64.47
NBR,2024,Q4,10764937,57.17
NBR,2025,Q1,14538284,41.71
NBR,2025,Q2,14575667,28.02
NBR,2025,Q3,15722454,40.87
NBR,2025,Q4,15834469,54.3
NBTB,2024,Q2,47171305,38.6
NBTB,2024,Q3,47177534,44.23
NBTB,2024,Q4,47253792,47.76
NBTB,2025,Q1,47257723,42.9
NBTB,2025,Q2,52394085,41.55
NBTB,2025,Q3,52315193,41.76
NBTB,2025,Q4,52204410,41.52
NBTX,2025,Q4,48410068,
NBY,2025,Q3,126010749,
NBY,2025,Q4,26625029,5.64
NC,2025,Q3,5897002,42.16
NC,2025,Q4,5971635,49.04
NCDL,2025,Q3,49387065,13.8
NCDL,2025,Q4,49387065,13.34
NCL,2025,Q3,22724784,
NCL,2025,Q4,179797995,
NCLH,2024,Q1,429040624,20.93
NCLH,2024,Q2,439691329,18.79
NCLH,2024,Q3,439708278,20.51
NCLH,2024,Q4,439944822,25.73
NCLH,2025,Q1,446806727,18.96
NCLH,2025,Q2,451937084,20.28
NCLH,2025,Q3,455257489,24.63
NCLH,2025,Q4,455545641,22.32
NCMI,2024,Q1,97082436,5.15
NCMI,2024,Q2,95321639,4.39
NCMI,2024,Q3,94915077,7.05
NCMI,2024,Q4,95209712,6.64
NCMI,2025,Q1,94304388,5.84
NCMI,2025,Q2,93710120,4.84
NCMI,2025,Q3,93831167,4.51
NCMI,2026,Q1,93143847,
NCNA,2025,Q4,20809854947,
NCNO,2024,Q2,115084198,31.45
NCNO,2024,Q3,115559517,31.59
NCNO,2024,Q4,115793932,33.58
NCNO,2025,Q1,116449936,27.47
NCNO,2025,Q2,115941576,27.97
NCNO,2025,Q3,115814720,27.11
NCNO,2025,Q4,114684968,25.64
NCNO,2026,Q1,114534701,14.98
NCPL,2025,Q2,4720056,
NCPL,2025,Q4,6867899,0.66
NCPL,2026,Q1,7847899,
NCRA,2025,Q3,14373617,
NCRA,2025,Q4,14433630,
NCSM,2025,Q3,2540920,51.06
NCSM,2025,Q4,2545535,39.49
NDAQ,2024,Q1,576532584,63.1
NDAQ,2024,Q2,575940337,60.26
NDAQ,2024,Q3,574757604,73.01
NDAQ,2024,Q4,575145323,77.31
NDAQ,2025,Q1,574121620,75.86
NDAQ,2025,Q2,573795242,89.42
NDAQ,2025,Q3,570995433,88.45
NDAQ,2025,Q4,568443856,97.13
NDAQ,2026,Q1,565540798,84.89
NDLS,2025,Q3,46774702,0.64
NDLS,2025,Q4,5888223,0.71
NDRA,2025,Q3,1166441,
NDRA,2025,Q4,1240751,
NDSN,2024,Q1,57192245,274.54
NDSN,2024,Q2,57268781,231.94
NDSN,2024,Q3,57181533,262.63
NDSN,2024,Q4,57016026,209.24
NDSN,2025,Q1,56911738,201.72
NDSN,2025,Q2,56508946,214.37
NDSN,2025,Q3,56186303,226.95
NDSN,2025,Q4,55823516,240.43
NDSN,2026,Q1,55783598,266.06
NE,2024,Q1,142816000,48.49
NE,2024,Q2,142904000,44.65
NE,2024,Q3,160342000,36.14
NE,2024,Q4,158947000,31.4
NE,2025,Q1,158775000,23.7
NE,2025,Q2,158824801,26.55
NE,2025,Q3,158846719,28.28
NE,2025,Q4,159197398,28.24
NE,2026,Q1,159545944,49.07
NECB,2025,Q3,14027240,20.57
NECB,2025,Q4,13834022,22.61
NEE,2024,Q1,2054532552,63.91
NEE,2024,Q2,2055353601,70.81
NEE,2024,Q3,2056404540,84.53
NEE,2024,Q4,2057026280,71.69
NEE,2025,Q1,2058631107,70.89
NEE,2025,Q2,2059292588,69.42
NEE,2025,Q3,2082609684,75.49
NEE,2025,Q4,2083521964,80.28
NEE,2026,Q1,2085341456,92.88
NEHC,2025,Q3,53449171,1.84
NEHC,2025,Q4,56775187,2.93
NEM,2024,Q1,1153140195,35.84
NEM,2024,Q2,1147429288,41.87
NEM,2024,Q3,1138450479,53.45
NEM,2024,Q4,1126861075,37.22
NEM,2025,Q1,1112996934,48.28
NEM,2025,Q2,1098449725,58.26
NEM,2025,Q3,1091262981,84.31
NEM,2025,Q4,1087874212,99.85
NEM,2026,Q1,1067552764,108.25
NEO,2024,Q1,127711930,15.72
NEO,2024,Q2,128158151,13.87
NEO,2024,Q3,128360871,14.75
NEO,2024,Q4,128461383,16.48
NEO,2025,Q1,128694503,9.49
NEO,2025,Q2,129178622,7.31
NEO,2025,Q3,129387801,7.72
NEO,2025,Q4,129812211,11.76
NEO,2026,Q1,130211780,7.42
NEOG,2024,Q1,216607746,15.78
NEOG,2024,Q2,216614407,15.63
NEOG,2024,Q3,216698138,16.81
NEOG,2024,Q4,216944017,12.14
NEOG,2025,Q1,217038267,8.67
NEOG,2025,Q2,217205186,4.78
NEOG,2025,Q3,217298626,5.71
NEOG,2025,Q4,217525981,6.99
NEOG,2026,Q1,217673041,9.29
NEON,2025,Q3,16782922,3.49
NEON,2025,Q4,16782922,1.74
NEOV,2025,Q2,34213838,
NEOV,2025,Q4,42577923,3.04
NEPH,2025,Q3,10626683,
NEPH,2025,Q4,10644268,4.88
NERV,2025,Q3,6993406,2.12
NERV,2025,Q4,43274398,4.02
NESR,2025,Q3,100777759,10.26
NESR,2025,Q4,100787173,15.66
NET,2024,Q1,301090249,96.83
NET,2024,Q2,303675639,82.83
NET,2024,Q3,305713757,80.89
NET,2024,Q4,308320930,107.68
NET,2025,Q1,310553791,112.69
NET,2025,Q2,312872178,195.83
NET,2025,Q3,315250214,214.59
NET,2025,Q4,317576096,197.15
NETD,2024,Q1,30500000,
NETD,2024,Q2,30500000,10.53
NETD,2024,Q3,30500000,10.66
NETD,2024,Q4,30500000,10.8
NETD,2025,Q1,30500000,10.95
NETD,2025,Q3,21350000,
NETDU,2025,Q3,7625000,
NEU,2024,Q1,9594250,634.62
NEU,2024,Q2,9594110,515.57
NEU,2024,Q3,9595011,551.89
NEU,2024,Q4,9524789,528.35
NEU,2025,Q1,9434506,566.45
NEU,2025,Q2,9396621,690.86
NEU,2025,Q3,9397122,828.21
NEU,2025,Q4,9397364,687.26
NEU,2026,Q1,9198019,640.95
NEUE,2025,Q2,9024240,6.9
NEUP,2025,Q2,2357613,
NEUP,2025,Q4,5390895,
NEWT,2025,Q3,28887295,11.45
NEWT,2025,Q4,28831491,11.35
NEXA,2025,Q4,132438611,8.85
NEXN,2025,Q4,56284083,6.54
NEXT,2024,Q1,257994156,5.68
NEXT,2024,Q2,259474273,7.94
NEXT,2024,Q3,260291186,4.71
NEXT,2024,Q4,260442494,7.71
NEXT,2025,Q1,260874157,7.78
NEXT,2025,Q2,261988370,8.91
NEXT,2025,Q3,264801408,6.79
NEXT,2025,Q4,264930065,5.27
NFBK,2024,Q2,43186202,9.48
NFBK,2024,Q3,42904081,11.6
NFBK,2024,Q4,43116424,11.62
NFBK,2025,Q1,42626087,10.91
NFBK,2025,Q2,41810525,11.48
NFBK,2025,Q3,41801495,11.8
NFBK,2025,Q4,41763997,11.43
NFE,2023,Q3,205031406,
NFE,2024,Q1,205063510,30.59
NFE,2024,Q2,205067047,21.98
NFE,2024,Q3,251419302,9.09
NFE,2024,Q4,273771811,15.12
NFE,2025,Q1,273772000,8.31
NFE,2025,Q2,284552811,3.32
NFE,2025,Q3,284552811,2.21
NFE,2025,Q4,284552786,1.14
NFG,2024,Q1,91917872,53.72
NFG,2024,Q2,91356883,54.19
NFG,2024,Q3,90822810,60.61
NFG,2024,Q4,90612955,60.68
NFG,2025,Q1,90351976,79.19
NFG,2025,Q2,90363646,84.71
NFG,2025,Q3,90386463,92.37
NFG,2025,Q4,95026423,80.06
NFGC,2025,Q4,342329665,2.97
NFLX,2024,Q1,430964991,607.33
NFLX,2024,Q2,429164615,674.88
NFLX,2024,Q3,427458114,709.27
NFLX,2024,Q4,427757100,891.32
NFLX,2025,Q1,425683210,932.53
NFLX,2025,Q2,424926346,1339.13
NFLX,2025,Q3,423732334,1198.92
NFLX,2025,Q4,4222162150,93.76
NFLX,2026,Q1,4212794271,96.15
NG,2024,Q1,334371223,3.0
NG,2024,Q2,334430713,3.46
NG,2024,Q3,334567187,4.1
NG,2024,Q4,334646571,3.33
NG,2025,Q1,334646571,2.92
NG,2025,Q2,406897647,4.09
NG,2025,Q3,406926988,8.8
NG,2025,Q4,406994531,9.32
NG,2026,Q1,438780614,8.98
NGD,2024,Q3,790536000,2.88
NGD,2024,Q4,790900992,2.48
NGD,2025,Q1,791299968,3.71
NGD,2025,Q3,791720000,7.18
NGD,2025,Q4,794484096,8.71
NGG,2024,Q3,977172992,69.67
NGG,2024,Q4,977225984,59.42
NGG,2025,Q1,978451968,65.61
NGG,2025,Q3,992260000,72.67
NGG,2025,Q4,992308981,77.35
NGL,2023,Q4,132512766,
NGL,2024,Q2,132512766,5.06
NGL,2024,Q3,132012766,4.5
NGL,2024,Q4,132012766,4.99
NGL,2025,Q1,132012766,4.54
NGL,2025,Q2,127847423,4.27
NGL,2025,Q3,125722503,6.0
NGL,2025,Q4,123814289,10.0
NGNE,2024,Q1,12980289,50.9
NGNE,2024,Q2,12993613,36.39
NGNE,2024,Q3,14854725,41.96
NGNE,2024,Q4,14929566,22.86
NGNE,2025,Q1,14262066,11.71
NGNE,2025,Q2,14271916,14.95
NGNE,2025,Q3,15489800,17.33
NGNE,2025,Q4,15574293,20.6
NGS,2025,Q3,12568917,27.99
NGS,2025,Q4,12587628,33.65
NGVC,2025,Q3,23033093,40.0
NGVC,2025,Q4,23033093,25.05
NGVT,2024,Q2,36345110,43.71
NGVT,2024,Q3,36349108,39.0
NGVT,2024,Q4,36351236,40.75
NGVT,2025,Q1,36464882,39.59
NGVT,2025,Q2,36466285,43.09
NGVT,2025,Q3,35964032,55.19
NGVT,2025,Q4,35291884,59.18
NHC,2025,Q3,15515253,121.51
NHC,2025,Q4,15541309,137.09
NHI,2024,Q1,43424841,62.83
NHI,2024,Q2,43442849,67.73
NHI,2024,Q3,45422064,84.06
NHI,2024,Q4,45687942,69.3
NHI,2025,Q1,46693671,73.86
NHI,2025,Q2,47473160,70.12
NHI,2025,Q3,47638502,79.5
NHI,2025,Q4,48392384,76.37
NHICU,2025,Q1,20905100,10.09
NHICU,2025,Q2,20905100,
NHICU,2025,Q3,20905100,
NHICU,2025,Q4,20905100,
NHTC,2025,Q3,11513075,4.47
NHTC,2025,Q4,8577848,
NI,2024,Q1,448305338,27.66
NI,2024,Q2,448509837,28.81
NI,2024,Q3,466778943,34.65
NI,2024,Q4,469939639,36.76
NI,2025,Q1,470702914,40.09
NI,2025,Q2,470855009,40.34
NI,2025,Q3,477195529,43.3
NI,2025,Q4,478533171,41.76
NIC,2025,Q3,14798920,134.5
NIC,2025,Q4,21366851,121.3
NICE,2024,Q3,62869100,173.67
NICE,2024,Q4,62869100,169.84
NICE,2025,Q1,63249800,154.17
NICE,2025,Q3,63250000,144.78
NICE,2025,Q4,60427562,113.04
NINE,2025,Q3,43361339,0.63
NINE,2025,Q4,43310777,0.35
NIO,2024,Q3,1941929984,6.68
NIO,2024,Q4,1941929984,4.36
NIO,2025,Q1,1941929984,3.81
NIO,2025,Q3,2089999999,7.62
NIO,2025,Q4,2528659175,5.1
NITO,2025,Q3,2712883,
NITO,2025,Q4,5111362,
NIU,2024,Q3,69327400,2.3
NIU,2024,Q4,69327400,1.79
NIU,2025,Q1,69327400,4.08
NIU,2025,Q3,77920000,4.69
NIU,2025,Q4,77963966,3.03
NIXX,2025,Q3,24875578,1.41
NIXX,2025,Q4,25946889,0.96
NJR,2024,Q1,98822278,42.91
NJR,2024,Q2,99167564,42.74
NJR,2024,Q3,99769083,47.2
NJR,2024,Q4,100289422,46.65
NJR,2025,Q1,100371550,49.06
NJR,2025,Q2,100451372,44.82
NJR,2025,Q3,100743847,48.15
NJR,2025,Q4,100845185,46.12
NKE,2024,Q1,1211461555,93.98
NKE,2024,Q2,1201461692,75.37
NKE,2024,Q3,1190598484,88.4
NKE,2024,Q4,1181239135,75.67
NKE,2025,Q1,1178102735,63.48
NKE,2025,Q2,1188015740,71.04
NKE,2025,Q3,1189313611,69.73
NKE,2025,Q4,1191495650,63.71
NKE,2026,Q1,1199499281,52.82
NKSH,2025,Q3,6366001,29.44
NKSH,2025,Q4,6368410,33.53
NKTR,2024,Q1,183624620,0.93
NKTR,2024,Q2,184079479,1.24
NKTR,2024,Q3,184458284,1.3
NKTR,2024,Q4,186103588,0.93
NKTR,2025,Q1,186103588,0.68
NKTR,2025,Q2,19018573,25.84
NKTR,2025,Q3,20341589,56.9
NKTR,2025,Q4,28687963,42.28
NKTX,2024,Q2,70558754,5.91
NKTX,2024,Q3,70568754,4.52
NKTX,2024,Q4,70957554,2.49
NKTX,2025,Q1,70957554,1.84
NKTX,2025,Q2,71024512,1.66
NKTX,2025,Q3,71029512,2.07
NKTX,2025,Q4,71290490,1.85
NL,2025,Q3,48862734,6.15
NL,2025,Q4,48862734,5.47
NLOP,2025,Q3,14814075,29.66
NLOP,2025,Q4,14814075,25.79
NLY,2024,Q1,500440023,19.69
NLY,2024,Q2,501018415,19.06
NLY,2024,Q3,560548148,20.07
NLY,2024,Q4,578357904,18.3
NLY,2025,Q1,605089071,20.31
NLY,2025,Q2,642076127,18.82
NLY,2025,Q3,683031214,20.21
NLY,2025,Q4,718386976,22.36
NMAX,2025,Q3,129123786,12.4
NMAX,2025,Q4,89899158,7.73
NMFC,2024,Q1,106289293,12.67
NMFC,2024,Q2,107851415,12.24
NMFC,2024,Q3,107851415,11.98
NMFC,2024,Q4,107851415,11.26
NMFC,2025,Q1,107851415,11.03
NMFC,2025,Q2,106360961,10.55
NMFC,2025,Q3,103155812,9.64
NMFC,2025,Q4,100806575,9.21
NMG,2025,Q4,160761539,2.48
NMIH,2024,Q1,80275167,32.34
NMIH,2024,Q2,79672652,34.04
NMIH,2024,Q3,79132002,41.19
NMIH,2024,Q4,78452097,36.76
NMIH,2025,Q1,78122938,36.05
NMIH,2025,Q2,77574120,42.19
NMIH,2025,Q3,76867928,38.34
NMIH,2025,Q4,76032627,40.79
NMM,2025,Q4,28665121,52.43
NMPAU,2025,Q3,12137500,
NMPAU,2025,Q4,12137500,
NMRA,2024,Q2,160027746,9.83
NMRA,2024,Q3,161561064,13.21
NMRA,2024,Q4,161978923,10.6
NMRA,2025,Q1,161747922,1.0
NMRA,2025,Q2,161945427,0.73
NMRA,2025,Q3,167089114,1.82
NMRA,2025,Q4,182040945,1.79
NMRK,2024,Q2,150558673,10.23
NMRK,2024,Q3,149789792,15.53
NMRK,2024,Q4,159177285,12.81
NMRK,2025,Q1,163266587,12.17
NMRK,2025,Q2,155422356,12.15
NMRK,2025,Q3,159126874,18.65
NMRK,2025,Q4,163152081,17.34
NMTC,2025,Q3,50413148,0.89
NMTC,2025,Q4,50525995,0.76
NN,2024,Q1,120700334,6.58
NN,2024,Q2,126320101,8.11
NN,2024,Q3,128864792,7.49
NN,2024,Q4,131451767,15.56
NN,2025,Q1,132397178,12.17
NN,2025,Q2,133130567,15.2
NN,2025,Q3,134829088,14.3
NN,2025,Q4,135595665,16.64
NNBR,2024,Q2,50048063,3.0
NNBR,2024,Q3,49946337,3.9
NNBR,2024,Q4,49886862,3.27
NNBR,2025,Q1,50447151,2.26
NNBR,2025,Q2,50298512,2.1
NNBR,2025,Q3,50195810,2.06
NNBR,2025,Q4,50190124,1.28
NNDM,2024,Q3,219238000,2.45
NNDM,2024,Q4,219238000,2.48
NNDM,2025,Q1,219238000,1.59
NNDM,2025,Q3,218360000,1.57
NNDM,2025,Q4,218362244,1.54
NNE,2025,Q3,50474294,38.56
NNE,2025,Q4,52082794,24.01
NNI,2024,Q3,25625046,113.28
NNI,2025,Q3,25316448,125.38
NNI,2025,Q4,25258282,132.96
NNN,2024,Q1,183349467,42.74
NNN,2024,Q2,183660240,42.6
NNN,2024,Q3,187526191,48.49
NNN,2024,Q4,187553140,40.85
NNN,2025,Q1,187951105,42.65
NNN,2025,Q2,188781890,43.18
NNN,2025,Q3,189920815,42.57
NNN,2025,Q4,189939441,39.63
NNOX,2024,Q3,58497100,6.08
NNOX,2024,Q4,58521900,7.2
NNOX,2025,Q1,58521900,5.0
NNOX,2025,Q3,57780000,3.7
NNOX,2025,Q4,65382891,2.8
NNVC,2025,Q2,17431000,1.4
NNVC,2025,Q4,21595000,
NOA,2025,Q4,28821481,14.37
NOC,2024,Q1,147989969,478.66
NOC,2024,Q2,146245264,435.95
NOC,2024,Q3,145695342,528.07
NOC,2024,Q4,144755659,469.29
NOC,2025,Q1,143928185,512.01
NOC,2025,Q2,143182982,499.98
NOC,2025,Q3,142720067,609.32
NOC,2025,Q4,141921621,570.21
NOC,2026,Q1,142033476,682.24
NODK,2025,Q3,20605747,13.56
NODK,2025,Q4,20537521,13.3
NOEMU,2025,Q3,9585750,
NOEMU,2025,Q4,9585750,
NOG,2024,Q1,101055323,39.68
NOG,2024,Q2,100172478,37.17
NOG,2024,Q3,99825164,35.41
NOG,2024,Q4,99113645,37.16
NOG,2025,Q1,98704081,30.23
NOG,2025,Q2,97594682,28.35
NOG,2025,Q3,97602978,24.8
NOG,2025,Q4,97294661,21.47
NOK,2024,Q3,5456549888,4.37
NOK,2024,Q4,5385480192,4.43
NOK,2025,Q1,5408620032,5.27
NOK,2025,Q3,5380000000,4.81
NOK,2025,Q4,5742239696,6.47
NOMD,2025,Q4,142426655,12.51
NOTE,2024,Q1,126087528,1.33
NOTE,2024,Q2,131184339,1.46
NOTE,2024,Q3,132925259,1.28
NOTE,2024,Q4,153129346,1.07
NOTE,2025,Q1,149925786,0.81
NOTE,2025,Q2,163909082,0.54
NOTE,2025,Q3,15018986,4.63
NOTE,2025,Q4,18681540,1.47
NOTV,2025,Q3,34367251,1.45
NOTV,2025,Q4,34394971,0.56
NOV,2024,Q1,395535931,19.52
NOV,2024,Q2,393706882,19.01
NOV,2024,Q3,389084160,15.97
NOV,2024,Q4,380819811,14.6
NOV,2025,Q1,375738435,15.22
NOV,2025,Q2,371364737,12.43
NOV,2025,Q3,364752877,13.25
NOV,2025,Q4,360404544,15.63
NOV,2026,Q1,358888480,18.81
NOVA,2024,Q2,124864454,5.58
NOVA,2024,Q3,124952654,9.74
NOVA,2024,Q4,125081959,3.43
NOVT,2024,Q1,35893906,174.77
NOVT,2024,Q2,35904106,163.11
NOVT,2024,Q3,35921328,178.92
NOVT,2024,Q4,35960636,152.77
NOVT,2025,Q1,35970832,127.87
NOVT,2025,Q2,35973631,128.93
NOVT,2025,Q3,35775123,100.15
NOVT,2025,Q4,35683769,118.99
NOW,2024,Q1,205000000,762.4
NOW,2024,Q2,206000000,786.67
NOW,2024,Q3,206000000,894.39
NOW,2024,Q4,206000000,1060.12
NOW,2025,Q1,207000000,796.14
NOW,2025,Q2,208000000,1028.08
NOW,2025,Q3,208000000,920.28
NOW,2025,Q4,1046000000,153.19
NOW,2026,Q1,1031000000,104.55
NPACU,2025,Q3,30887075,
NPACU,2025,Q4,30887075,
NPB,2025,Q3,34364659,17.08
NPB,2025,Q4,34494116,16.78
NPCE,2024,Q2,29196985,7.56
NPCE,2024,Q3,29848101,6.97
NPCE,2024,Q4,32560130,11.19
NPCE,2025,Q1,32798505,12.29
NPCE,2025,Q2,33081498,11.14
NPCE,2025,Q3,33307734,10.31
NPCE,2025,Q4,33666948,15.44
NPK,2025,Q3,7151940,112.15
NPK,2025,Q4,7164352,106.76
NPKI,2024,Q2,86465506,8.31
NPKI,2024,Q3,86497298,6.93
NPKI,2024,Q4,86554486,7.67
NPKI,2025,Q1,84522676,5.81
NPKI,2025,Q2,84432766,8.51
NPKI,2025,Q3,84494699,11.31
NPKI,2025,Q4,84527934,11.92
NPO,2024,Q1,20952146,168.77
NPO,2024,Q2,20974525,145.57
NPO,2024,Q3,20992277,162.18
NPO,2024,Q4,21190297,172.45
NPO,2025,Q1,21042440,161.79
NPO,2025,Q2,21053512,191.55
NPO,2025,Q3,21065729,226.0
NPO,2025,Q4,21248001,214.13
NPWR,2024,Q1,72162898,11.39
NPWR,2024,Q2,73186047,9.83
NPWR,2024,Q3,75248435,7.01
NPWR,2024,Q4,77062770,10.59
NPWR,2025,Q1,77726852,2.63
NPWR,2025,Q2,77882957,2.47
NPWR,2025,Q3,83919757,3.01
NPWR,2025,Q4,84687931,2.28
NRC,2025,Q3,22657421,12.78
NRC,2025,Q4,22746397,18.77
NRDS,2024,Q2,47021577,14.6
NRDS,2024,Q3,41753215,12.71
NRDS,2024,Q4,42422181,13.3
NRDS,2025,Q1,42826957,9.05
NRDS,2025,Q2,44314455,10.97
NRDS,2025,Q3,41027578,10.76
NRDS,2025,Q4,35100146,13.55
NRDY,2024,Q1,109002565,2.91
NRDY,2024,Q2,112608847,1.67
NRDY,2024,Q3,115431656,0.98
NRDY,2024,Q4,118051627,1.62
NRDY,2025,Q1,119768268,1.42
NRDY,2025,Q2,121403407,1.63
NRDY,2025,Q3,122938630,1.26
NRDY,2025,Q4,124219824,1.04
NREF,2025,Q3,17721828,14.18
NREF,2025,Q4,18686983,14.08
NRG,2024,Q1,208475647,67.69
NRG,2024,Q2,206379832,77.86
NRG,2024,Q3,202566373,91.1
NRG,2024,Q4,198068576,90.22
NRG,2025,Q1,195510428,95.46
NRG,2025,Q2,193430802,160.58
NRG,2025,Q3,191639408,161.95
NRG,2025,Q4,214677543,159.24
NRGV,2024,Q1,148850450,1.79
NRGV,2024,Q2,150484246,0.95
NRGV,2024,Q3,152119628,0.96
NRGV,2024,Q4,154242940,2.28
NRGV,2025,Q1,156044290,0.7
NRGV,2025,Q2,161855407,0.72
NRGV,2025,Q3,167790003,2.97
NRGV,2025,Q4,172975047,4.61
NRIM,2025,Q3,22090668,21.66
NRIM,2025,Q4,22127970,26.61
NRIX,2024,Q1,49150794,14.7
NRIX,2024,Q2,64411870,20.87
NRIX,2024,Q3,70836282,22.47
NRIX,2024,Q4,75886817,18.84
NRIX,2025,Q1,76235594,11.88
NRIX,2025,Q2,76449355,11.39
NRIX,2025,Q3,76883436,9.24
NRIX,2025,Q4,102843012,18.97
NRIX,2026,Q1,103405813,
NRP,2024,Q3,13049123,97.8
NRP,2025,Q3,13138097,105.0
NRP,2025,Q4,13250412,104.4
NRSN,2025,Q4,32557174,
NRXP,2025,Q3,28097627,3.3
NRXP,2025,Q4,33067630,2.71
NRXS,2025,Q3,10652812,3.08
NRXS,2025,Q4,11187639,4.54
NSA,2024,Q1,76873100,39.16
NSA,2024,Q2,75169162,41.22
NSA,2024,Q3,76216680,48.2
NSA,2024,Q4,76344661,37.91
NSA,2025,Q1,76450466,39.4
NSA,2025,Q2,76765051,31.99
NSA,2025,Q3,76960767,30.22
NSA,2025,Q4,77112475,28.21
NSC,2024,Q1,225914028,254.87
NSC,2024,Q2,226096433,214.69
NSC,2024,Q3,226239662,248.5
NSC,2024,Q4,226434128,234.7
NSC,2025,Q1,225443501,236.85
NSC,2025,Q2,224614894,255.97
NSC,2025,Q3,224386617,300.41
NSC,2025,Q4,224572025,288.72
NSC,2026,Q1,224594001,287.0
NSIT,2024,Q1,32555841,185.52
NSIT,2024,Q2,32586228,198.36
NSIT,2024,Q3,31761884,215.39
NSIT,2024,Q4,31777678,152.1
NSIT,2025,Q1,31928216,149.99
NSIT,2025,Q2,31470776,138.09
NSIT,2025,Q3,30979597,113.41
NSIT,2025,Q4,30996502,81.47
NSP,2024,Q1,37655455,109.61
NSP,2024,Q2,37538464,91.21
NSP,2024,Q3,37383189,88.0
NSP,2024,Q4,37230174,77.51
NSP,2025,Q1,37626529,89.23
NSP,2025,Q2,37673681,60.12
NSP,2025,Q3,37704152,49.2
NSP,2025,Q4,37728423,38.72
NSPR,2025,Q3,42370995,2.41
NSPR,2025,Q4,46801561,1.78
NSSC,2024,Q1,36872639,40.16
NSSC,2024,Q2,36874471,51.95
NSSC,2024,Q3,36684068,40.46
NSSC,2024,Q4,36401421,35.56
NSSC,2025,Q1,35656421,23.02
NSSC,2025,Q2,35656421,29.69
NSSC,2025,Q3,35664324,42.95
NSSC,2025,Q4,35664324,41.7
NSTS,2025,Q3,5239038,11.54
NSTS,2025,Q4,5261533,
NSYS,2025,Q3,2786134,
NSYS,2025,Q4,2786134,
NTAP,2024,Q1,20637666,104.97
NTAP,2024,Q2,205801761,128.8
NTAP,2024,Q3,204782689,123.51
NTAP,2024,Q4,203306424,116.08
NTAP,2025,Q1,203411523,87.84
NTAP,2025,Q2,200366162,106.55
NTAP,2025,Q3,199618386,118.46
NTAP,2025,Q4,198060348,107.09
NTAP,2026,Q1,197330400,102.39
NTB,2025,Q4,39948264,49.82
NTCT,2023,Q4,71035053,21.95
NTCT,2024,Q2,71317824,18.29
NTCT,2024,Q3,71717293,21.75
NTCT,2024,Q4,71754689,21.66
NTCT,2025,Q1,71328733,21.01
NTCT,2025,Q2,71875269,24.81
NTCT,2025,Q3,72193673,25.83
NTCT,2025,Q4,72220350,27.06
NTES,2024,Q3,644494016,93.51
NTES,2024,Q4,644494016,89.21
NTES,2025,Q1,644494016,102.92
NTES,2025,Q3,633590000,151.99
NTES,2025,Q4,643211946,137.62
NTGR,2024,Q1,29071201,15.77
NTGR,2024,Q2,28678721,15.3
NTGR,2024,Q3,28769764,20.06
NTGR,2024,Q4,28868940,27.87
NTGR,2025,Q1,28783594,24.46
NTGR,2025,Q2,29008557,29.07
NTGR,2025,Q3,28402755,32.39
NTGR,2025,Q4,28113151,24.53
NTHI,2025,Q3,19474303,
NTHI,2025,Q4,23806216,
NTIC,2025,Q3,9480689,7.71
NTIC,2025,Q4,9492001,7.83
NTIC,2026,Q1,9492001,
NTIP,2025,Q3,22819661,1.5
NTIP,2025,Q4,22793308,1.31
NTLA,2024,Q1,96475421,27.51
NTLA,2024,Q2,101579188,22.38
NTLA,2024,Q3,101848572,20.55
NTLA,2024,Q4,103517460,11.66
NTLA,2025,Q1,103583394,7.11
NTLA,2025,Q2,107346886,9.38
NTLA,2025,Q3,115829926,17.27
NTLA,2025,Q4,118133546,8.99
NTNX,2024,Q1,244659000,61.72
NTNX,2024,Q2,246640821,56.85
NTNX,2024,Q3,265214643,59.25
NTNX,2024,Q4,267928246,61.18
NTNX,2025,Q1,266662470,69.81
NTNX,2025,Q2,268077453,76.44
NTNX,2025,Q3,269045000,74.39
NTNX,2025,Q4,270729000,51.69
NTNX,2026,Q1,265625000,38.01
NTR,2024,Q3,494756992,48.06
NTR,2024,Q4,493432000,44.75
NTR,2025,Q1,489259008,49.67
NTR,2025,Q3,484410000,58.71
NTR,2025,Q4,487039618,61.72
NTRA,2024,Q1,122802694,91.46
NTRA,2024,Q2,123681432,108.29
NTRA,2024,Q3,132020816,126.95
NTRA,2024,Q4,135186184,158.3
NTRA,2025,Q1,136546580,141.41
NTRA,2025,Q2,137248106,168.94
NTRA,2025,Q3,138014465,160.97
NTRA,2025,Q4,141731250,229.09
NTRB,2025,Q1,11154171,
NTRB,2025,Q4,12174883,
NTRP,2025,Q1,7653525,
NTRP,2025,Q4,13666807,
NTRS,2024,Q1,204591724,88.92
NTRS,2024,Q2,201637855,83.98
NTRS,2024,Q3,198218483,90.03
NTRS,2024,Q4,195697744,102.5
NTRS,2025,Q1,194538575,98.65
NTRS,2025,Q2,191233304,126.79
NTRS,2025,Q3,189117369,134.6
NTRS,2025,Q4,185827803,136.59
NTST,2024,Q2,77377679,16.1
NTST,2024,Q3,81583917,16.53
NTST,2024,Q4,81663128,14.15
NTST,2025,Q1,81706094,15.85
NTST,2025,Q2,83467898,16.93
NTST,2025,Q3,83561676,18.06
NTST,2025,Q4,97073872,17.64
NTST,2026,Q1,97260607,18.83
NTWK,2025,Q2,11785540,3.11
NTWK,2025,Q4,11816519,3.03
NTWOU,2025,Q3,17998375,
NTWOU,2025,Q4,17998375,
NU,2024,Q3,3706860032,13.65
NU,2024,Q4,3755130112,10.36
NU,2025,Q1,3755130112,10.24
NU,2025,Q3,4820000000,16.01
NU,2025,Q4,4845575830,16.74
NUE,2024,Q1,239761770,197.9
NUE,2024,Q2,237338008,158.08
NUE,2024,Q3,234812916,150.34
NUE,2024,Q4,230535835,116.71
NUE,2025,Q1,230540000,120.34
NUE,2025,Q2,230750506,129.54
NUE,2025,Q3,229535447,135.43
NUE,2025,Q4,228858659,163.11
NUKK,2025,Q3,16645766,7.0
NUKK,2025,Q4,19025767,4.03
NUS,2024,Q2,49701640,10.54
NUS,2024,Q3,49711020,7.37
NUS,2024,Q4,49722779,6.89
NUS,2025,Q1,49412994,7.26
NUS,2025,Q2,49497715,7.99
NUS,2025,Q3,48750076,12.19
NUS,2025,Q4,48126825,9.62
NUTX,2025,Q3,7071916,103.32
NUTX,2025,Q4,6968350,164.62
NUVB,2024,Q1,218083219,3.64
NUVB,2024,Q2,247624729,2.92
NUVB,2024,Q3,335248642,2.29
NUVB,2024,Q4,337678855,2.66
NUVB,2025,Q1,336837872,1.76
NUVB,2025,Q2,336837872,1.95
NUVB,2025,Q3,336837872,3.7
NUVB,2025,Q4,346597289,8.96
NUVL,2024,Q1,59120876,75.09
NUVL,2024,Q2,59362349,75.86
NUVL,2024,Q3,65617305,102.3
NUVL,2024,Q4,66162666,78.28
NUVL,2025,Q1,66373511,70.92
NUVL,2025,Q2,66669583,76.3
NUVL,2025,Q3,67271461,86.48
NUVL,2025,Q4,73181747,100.59
NUWE,2025,Q3,1658799,
NUWE,2025,Q4,2310477,
NVAX,2024,Q1,140403554,4.78
NVAX,2024,Q2,160093639,12.66
NVAX,2024,Q3,160184994,12.63
NVAX,2024,Q4,160844197,8.04
NVAX,2025,Q1,161970338,6.41
NVAX,2025,Q2,162421645,6.3
NVAX,2025,Q3,162498995,8.67
NVAX,2025,Q4,162935945,6.72
NVCR,2024,Q1,107611077,15.63
NVCR,2024,Q2,108217490,17.13
NVCR,2024,Q3,108201434,15.63
NVCR,2024,Q4,109915429,29.8
NVCR,2025,Q1,111485634,17.82
NVCR,2025,Q2,111799290,17.8
NVCR,2025,Q3,111981981,12.92
NVCR,2025,Q4,113794396,12.93
NVCT,2025,Q3,25614896,6.02
NVCT,2025,Q4,26491702,
NVDA,2024,Q1,2500000000,903.56
NVDA,2024,Q2,2459000000,123.54
NVDA,2024,Q3,24562000000,121.44
NVDA,2024,Q4,24508000000,134.29
NVDA,2025,Q1,24477000000,108.38
NVDA,2025,Q2,24388000000,157.99
NVDA,2025,Q3,24300000000,186.58
NVDA,2025,Q4,24300000000,186.5
NVDA,2026,Q1,24300000000,174.4
NVEC,2025,Q1,4837166,63.74
NVEC,2025,Q4,4837166,59.33
NVEE,2024,Q1,15953908,98.01
NVEE,2024,Q2,16280601,92.97
NVEE,2024,Q3,65155904,93.48
NVEE,2024,Q4,65115824,18.84
NVEE,2025,Q1,65646834,19.27
NVEE,2025,Q2,67037647,23.09
NVFY,2025,Q3,41871727,5.51
NVFY,2025,Q4,41885728,6.0
NVGS,2025,Q4,65250444,17.32
NVMI,2025,Q4,31780111,328.39
NVNO,2025,Q3,20216176,0.91
NVNO,2025,Q4,22946223,0.32
NVO,2024,Q3,3376130048,119.07
NVO,2024,Q4,3366469888,86.02
NVO,2025,Q1,3364179968,69.44
NVO,2025,Q3,4460000000,55.49
NVO,2025,Q4,1074872000,50.88
NVR,2024,Q1,3132373,8099.96
NVR,2024,Q2,3077593,7588.56
NVR,2024,Q3,3063876,9811.8
NVR,2024,Q4,2990451,8178.9
NVR,2025,Q1,2923831,7244.39
NVR,2025,Q2,2869801,7385.66
NVR,2025,Q3,2839432,8034.66
NVR,2025,Q4,2793760,7292.77
NVRI,2024,Q2,80111701,8.63
NVRI,2024,Q3,80135155,10.34
NVRI,2024,Q4,80197777,7.7
NVRI,2025,Q1,80497280,6.65
NVRI,2025,Q2,80647978,8.68
NVRI,2025,Q3,80652661,12.69
NVRI,2025,Q4,81449498,17.92
NVS,2024,Q3,2024579968,115.02
NVS,2024,Q4,1999270016,97.31
NVS,2025,Q1,1975090048,111.48
NVS,2025,Q3,2109999999,128.24
NVS,2025,Q4,1908151679,137.87
NVST,2024,Q1,171858245,21.38
NVST,2024,Q2,171945497,16.63
NVST,2024,Q3,172096816,19.76
NVST,2024,Q4,172188060,19.29
NVST,2025,Q1,169487013,17.26
NVST,2025,Q2,166181720,19.54
NVST,2025,Q3,164426233,20.37
NVST,2025,Q4,163875397,21.71
NVT,2024,Q1,166019014,75.4
NVT,2024,Q2,166215120,76.61
NVT,2024,Q3,164815776,70.26
NVT,2024,Q4,165022146,68.16
NVT,2025,Q1,164635761,52.42
NVT,2025,Q2,160947295,73.25
NVT,2025,Q3,161359550,98.64
NVT,2025,Q4,161729472,101.97
NVTS,2024,Q1,183100829,4.77
NVTS,2024,Q2,183457686,3.93
NVTS,2024,Q3,186796500,2.45
NVTS,2024,Q4,190529835,3.57
NVTS,2025,Q1,191807786,2.05
NVTS,2025,Q2,213107277,6.55
NVTS,2025,Q3,214939135,7.22
NVTS,2025,Q4,230792765,7.14
NVVE,2025,Q3,33566009,0.23
NVVE,2025,Q4,5311904,
NVX,2025,Q4,840073798,1.01
NWBI,2024,Q1,127264095,11.65
NWBI,2024,Q2,127371199,11.55
NWBI,2024,Q3,127399707,13.38
NWBI,2024,Q4,127514857,13.19
NWBI,2025,Q1,127752451,12.02
NWBI,2025,Q2,146211701,12.78
NWBI,2025,Q3,146099971,12.39
NWBI,2025,Q4,146139471,12.0
NWE,2024,Q1,61286398,50.93
NWE,2024,Q2,61300497,50.08
NWE,2024,Q3,61314217,57.22
NWE,2024,Q4,61328041,53.46
NWE,2025,Q1,61379649,57.87
NWE,2025,Q2,61393380,51.3
NWE,2025,Q3,61407029,58.61
NWE,2025,Q4,61443621,64.54
NWFL,2025,Q3,9264200,25.42
NWFL,2025,Q4,10889603,28.05
NWG,2025,Q4,8227041758,17.5
NWL,2024,Q1,415200000,8.03
NWL,2024,Q3,416000000,7.68
NWL,2024,Q4,416200000,9.96
NWL,2025,Q1,417700000,6.2
NWL,2025,Q2,419100000,5.4
NWL,2025,Q3,419200000,5.24
NWL,2025,Q4,419200000,3.72
NWN,2024,Q2,38670272,36.11
NWN,2024,Q3,40132048,40.82
NWN,2024,Q4,40238495,39.56
NWN,2025,Q1,40309760,42.72
NWN,2025,Q2,40938429,39.72
NWN,2025,Q3,41507042,44.93
NWN,2025,Q4,41563846,46.74
NWPX,2025,Q3,9609651,52.93
NWPX,2025,Q4,9574225,62.49
NWS,2024,Q1,379205075,27.06
NWS,2024,Q2,378325803,28.39
NWS,2024,Q3,378907001,27.95
NWS,2024,Q4,378055086,30.43
NWS,2025,Q1,377202967,30.37
NWS,2025,Q2,188528838,34.31
NWS,2025,Q3,187029473,34.55
NWS,2025,Q4,185152266,29.63
NWSA,2024,Q1,379205075,26.18
NWSA,2024,Q2,378325803,27.57
NWSA,2024,Q3,378907001,26.63
NWSA,2024,Q4,378055086,27.54
NWSA,2025,Q1,377202967,27.22
NWSA,2025,Q3,564970000,30.71
NWSA,2025,Q4,583819487,26.12
NWTG,2025,Q3,4752463,
NWTG,2025,Q4,4592063,
NX,2024,Q2,33112593,27.65
NX,2024,Q3,47252070,27.75
NX,2024,Q4,47261370,24.24
NX,2025,Q1,47230263,18.59
NX,2025,Q2,45973156,18.9
NX,2025,Q3,45876838,14.22
NX,2025,Q4,45674726,15.38
NX,2026,Q1,45933814,17.97
NXDT,2024,Q1,39650817,6.6
NXDT,2024,Q2,40650118,5.53
NXDT,2024,Q3,41674528,6.25
NXDT,2024,Q4,42679569,6.1
NXDT,2025,Q1,44517013,3.83
NXDT,2025,Q2,47421929,4.19
NXDT,2025,Q3,49020409,3.69
NXDT,2025,Q4,50219590,3.83
NXE,2024,Q3,564696000,6.53
NXE,2024,Q4,564995968,6.6
NXE,2025,Q1,569089024,4.49
NXE,2025,Q3,654100000,8.95
NXE,2025,Q4,659960072,9.2
NXGL,2025,Q3,8143133,
NXGL,2025,Q4,8475693,
NXL,2025,Q3,18651939,0.92
NXL,2025,Q4,20581646,0.56
NXPI,2024,Q1,255683781,247.77
NXPI,2024,Q2,254732930,269.09
NXPI,2024,Q3,254155580,240.01
NXPI,2024,Q4,253620117,207.85
NXPI,2025,Q1,252628698,190.06
NXPI,2025,Q2,252114595,218.49
NXPI,2025,Q3,251674471,227.73
NXPI,2025,Q4,252692845,217.06
NXPI,2026,Q1,252471079,196.86
NXPL,2025,Q3,26304987,0.83
NXPL,2025,Q4,27026215,0.53
NXRT,2024,Q2,25403537,39.51
NXRT,2024,Q3,25403537,44.01
NXRT,2024,Q4,25466105,41.75
NXRT,2025,Q1,25284701,39.53
NXRT,2025,Q2,25364470,33.32
NXRT,2025,Q3,25364470,32.22
NXRT,2025,Q4,25411252,30.1
NXST,2024,Q1,32829853,172.29
NXST,2024,Q2,32258162,166.01
NXST,2024,Q3,31021938,165.35
NXST,2024,Q4,30509206,157.97
NXST,2025,Q1,30148875,179.22
NXST,2025,Q2,30315769,172.95
NXST,2025,Q3,30326192,197.74
NXST,2025,Q4,30327997,203.05
NXT,2023,Q4,136542423,46.85
NXT,2024,Q1,141291252,56.27
NXT,2024,Q2,143438606,46.88
NXT,2024,Q3,143639646,37.48
NXT,2024,Q4,143710209,36.53
NXT,2025,Q1,146263962,42.14
NXT,2025,Q2,147963974,54.37
NXT,2025,Q3,148386780,73.99
NXT,2025,Q4,148475843,87.11
NXTC,2025,Q3,2679822,
NXTC,2025,Q4,3560410,
NXTT,2025,Q3,2865730,
NXTT,2025,Q4,76264374,
NXXT,2025,Q3,131072322,1.83
NXXT,2025,Q4,142426924,1.45
NYAX,2025,Q4,37301367,50.6
NYC,2025,Q3,2634355,
NYC,2025,Q4,2692941,
NYMT,2024,Q1,91227780,7.2
NYMT,2024,Q2,90579449,5.84
NYMT,2024,Q3,90579449,6.33
NYMT,2024,Q4,90567445,6.06
NYMT,2025,Q1,90298221,6.49
NYMT,2025,Q2,90313984,6.7
NYMT,2025,Q3,90307776,6.97
NYMT,2025,Q4,90474341,7.3
NYT,2024,Q1,163530462,43.22
NYT,2024,Q2,163449311,51.21
NYT,2024,Q3,163173722,55.67
NYT,2024,Q4,162522382,52.05
NYT,2025,Q1,162269110,49.6
NYT,2025,Q2,162038098,55.98
NYT,2025,Q3,161568285,57.4
NYT,2025,Q4,160457961,69.42
NYXH,2025,Q4,43026460,4.6
O,2024,Q1,870774436,54.1
O,2024,Q2,870867608,52.82
O,2024,Q3,875211050,63.42
O,2024,Q4,891516161,53.41
O,2025,Q1,903079947,58.01
O,2025,Q2,914306087,57.61
O,2025,Q3,919905765,60.79
O,2025,Q4,932440218,56.37
OABI,2024,Q1,117615460,5.42
OABI,2024,Q2,118162691,3.75
OABI,2024,Q3,121012583,4.23
OABI,2024,Q4,122134941,3.54
OABI,2025,Q1,122335336,2.4
OABI,2025,Q2,122701294,1.74
OABI,2025,Q3,143955400,1.6
OABI,2025,Q4,144782647,1.85
OACCU,2025,Q3,19783010,
OACCU,2025,Q4,19783010,
OB,2024,Q2,49211403,4.98
OB,2024,Q3,49649359,4.86
OB,2024,Q4,93940410,7.18
OB,2025,Q1,94300092,
OBAWU,2025,Q3,25300000,
OBAWU,2025,Q4,25300000,
OBDC,2024,Q1,389732868,15.38
OBDC,2024,Q2,390217304,15.36
OBDC,2024,Q3,390217304,14.57
OBDC,2024,Q4,510847634,15.12
OBDC,2025,Q1,511048237,14.66
OBDC,2025,Q2,511048237,14.34
OBDC,2025,Q3,511048237,12.77
OBDC,2025,Q4,499448499,12.43
OBE,2025,Q4,67274326,6.13
OBIO,2024,Q2,37824571,8.15
OBIO,2024,Q3,38013526,5.14
OBIO,2024,Q4,38312512,4.0
OBIO,2025,Q1,38312512,4.28
OBIO,2025,Q2,53955085,2.68
OBIO,2025,Q3,56464731,2.48
OBIO,2025,Q4,58520901,4.15
OBK,2024,Q2,31140115,31.72
OBK,2024,Q3,31168734,32.16
OBK,2024,Q4,31212430,33.29
OBK,2025,Q1,31159766,34.67
OBK,2025,Q2,31224718,35.74
OBK,2025,Q3,30972121,34.52
OBK,2025,Q4,30983713,37.61
OBLG,2025,Q3,3207210,
OBLG,2025,Q4,3327210,1.81
OBT,2025,Q3,13366740,25.21
OBT,2025,Q4,13368447,28.55
OC,2024,Q1,86656546,166.8
OC,2024,Q2,86948360,173.72
OC,2024,Q3,85784321,176.52
OC,2024,Q4,85540564,170.32
OC,2025,Q1,85052530,142.82
OC,2025,Q2,83627558,137.52
OC,2025,Q3,82191739,141.46
OC,2025,Q4,80383165,111.91
OCC,2025,Q3,8870444,8.12
OCC,2025,Q4,8870070,4.45
OCC,2026,Q1,8831598,
OCFC,2024,Q1,58713469,16.41
OCFC,2024,Q2,58484418,15.89
OCFC,2024,Q3,58464214,18.59
OCFC,2024,Q4,58557147,18.1
OCFC,2025,Q1,58383525,17.01
OCFC,2025,Q2,57385351,17.61
OCFC,2025,Q3,57388784,17.57
OCFC,2025,Q4,57402016,17.95
OCGN,2024,Q1,257328085,1.64
OCGN,2024,Q2,287857769,1.55
OCGN,2024,Q3,291320280,0.99
OCGN,2024,Q4,292014470,0.81
OCGN,2025,Q1,292031295,0.71
OCGN,2025,Q2,292304736,0.97
OCGN,2025,Q3,312320112,1.63
OCGN,2025,Q4,327897296,1.35
OCS,2025,Q4,57984438,19.97
OCSL,2024,Q1,81395954,19.66
OCSL,2024,Q2,82245319,18.81
OCSL,2024,Q3,82245319,16.31
OCSL,2024,Q4,82245319,15.28
OCSL,2025,Q1,88085523,15.36
OCSL,2025,Q2,88085523,13.66
OCSL,2025,Q3,88085523,13.05
OCSL,2025,Q4,88085523,12.74
OCTO,2025,Q3,197831615,9.15
OCTO,2025,Q4,205629592,1.73
OCUL,2024,Q2,155921685,6.84
OCUL,2024,Q3,157217427,8.7
OCUL,2024,Q4,159022245,8.54
OCUL,2025,Q1,159299736,7.33
OCUL,2025,Q2,173995221,9.28
OCUL,2025,Q3,213047472,11.69
OCUL,2025,Q4,217691779,12.14
OCX,2024,Q1,13364637,
OCX,2024,Q2,13368387,
OCX,2024,Q3,16835247,
OCX,2024,Q4,28599285,
OCX,2025,Q1,28599285,
ODC,2025,Q3,10373180,61.04
ODC,2025,Q4,10342807,48.94
ODC,2026,Q1,10246067,65.09
ODD,2025,Q4,46028100,40.18
ODFL,2024,Q1,217285082,219.31
ODFL,2024,Q2,214296552,176.6
ODFL,2024,Q3,213497536,198.64
ODFL,2024,Q4,212545079,176.4
ODFL,2025,Q1,211325394,165.45
ODFL,2025,Q2,210168137,162.3
ODFL,2025,Q3,209098439,140.78
ODFL,2025,Q4,208425619,156.8
ODP,2024,Q1,35894892,53.05
ODP,2024,Q2,33580978,39.27
ODP,2024,Q3,30118194,29.75
ODP,2024,Q4,29817246,22.74
ODP,2025,Q1,30082425,14.33
ODP,2025,Q2,30084025,18.13
ODP,2025,Q3,30117856,27.85
ODV,2025,Q4,255069516,3.49
ODYS,2025,Q3,16355243,
ODYS,2025,Q4,16359410,
OEC,2024,Q1,58307933,23.52
OEC,2024,Q2,58356621,21.94
OEC,2024,Q3,57720219,17.81
OEC,2024,Q4,56654098,15.79
OEC,2025,Q1,56269648,12.93
OEC,2025,Q2,56149706,10.49
OEC,2025,Q3,56149706,7.58
OEC,2025,Q4,56273701,5.28
OESX,2025,Q1,33305699,0.72
OESX,2025,Q4,3552077,
OFG,2024,Q1,47002057,36.81
OFG,2024,Q2,46561532,37.45
OFG,2024,Q3,45897963,44.92
OFG,2024,Q4,45393948,42.32
OFG,2025,Q1,44913111,40.02
OFG,2025,Q2,44519175,42.8
OFG,2025,Q3,43955219,43.49
OFG,2025,Q4,43063277,40.98
OFIX,2024,Q2,38174785,13.26
OFIX,2024,Q3,38214187,15.62
OFIX,2024,Q4,39022492,17.46
OFIX,2025,Q1,39180833,16.31
OFIX,2025,Q2,39494265,11.15
OFIX,2025,Q3,39599659,14.64
OFIX,2025,Q4,40144397,15.16
OFLX,2025,Q3,10094322,31.19
OFLX,2025,Q4,10094322,29.44
OFS,2025,Q3,13398078,7.69
OFS,2025,Q4,13398078,4.76
OGCP,2025,Q3,17118268,7.51
OGCP,2025,Q4,16479998,6.34
OGE,2024,Q1,200547842,34.3
OGE,2024,Q2,200867263,35.7
OGE,2024,Q3,200947879,41.02
OGE,2024,Q4,200867263,41.25
OGE,2025,Q1,201330195,45.96
OGE,2025,Q2,201395142,44.38
OGE,2025,Q3,201459938,46.27
OGE,2025,Q4,206259022,42.7
OGEN,2025,Q3,4168223,
OGEN,2025,Q4,4336029,
OGI,2024,Q3,108573000,1.81
OGI,2024,Q4,126157000,1.61
OGI,2025,Q1,133779000,1.01
OGI,2025,Q3,134460000,2.03
OGI,2025,Q4,134461019,1.68
OGN,2024,Q1,257170727,18.8
OGN,2024,Q2,257473477,20.7
OGN,2024,Q3,257538875,19.13
OGN,2024,Q4,257950149,14.92
OGN,2025,Q1,259956063,14.89
OGN,2025,Q2,259965579,9.68
OGN,2025,Q3,259982912,10.68
OGN,2025,Q4,260315650,7.17
OGS,2024,Q1,56569396,64.53
OGS,2024,Q2,56654351,63.85
OGS,2024,Q3,56655256,74.42
OGS,2024,Q4,59877552,69.25
OGS,2025,Q1,59930528,75.59
OGS,2025,Q2,59998366,71.86
OGS,2025,Q3,59999041,80.94
OGS,2025,Q4,62692484,77.25
OHI,2024,Q1,247098960,31.67
OHI,2024,Q2,257838900,34.25
OHI,2024,Q3,269948298,40.7
OHI,2024,Q4,281837000,37.85
OHI,2025,Q1,289395000,38.08
OHI,2025,Q2,295000000,36.65
OHI,2025,Q3,295529000,42.22
OHI,2025,Q4,295570000,44.34
OI,2024,Q1,155721710,16.59
OI,2024,Q2,155364292,11.13
OI,2024,Q3,154646788,13.12
OI,2024,Q4,154067520,10.84
OI,2025,Q1,154683080,11.47
OI,2025,Q2,154073257,14.74
OI,2025,Q3,153594510,12.97
OI,2025,Q4,152361609,14.76
OII,2024,Q1,101389229,23.4
OII,2024,Q2,101481447,23.66
OII,2024,Q3,101059995,24.87
OII,2024,Q4,110834088,26.08
OII,2025,Q1,100594528,21.81
OII,2025,Q2,100207596,20.72
OII,2025,Q3,99775211,24.78
OII,2025,Q4,99393743,24.03
OII,2026,Q1,99745249,35.47
OIS,2024,Q1,64215204,6.16
OIS,2024,Q2,63787977,4.44
OIS,2024,Q3,63111029,4.6
OIS,2024,Q4,61760608,5.06
OIS,2025,Q1,61868817,5.15
OIS,2025,Q2,60592651,5.36
OIS,2025,Q3,59745565,6.06
OIS,2025,Q4,60206305,6.77
OKE,2024,Q1,583646909,80.17
OKE,2024,Q2,584073924,81.55
OKE,2024,Q3,584184191,91.13
OKE,2024,Q4,624339588,100.4
OKE,2025,Q1,624632479,99.22
OKE,2025,Q2,629755979,81.63
OKE,2025,Q3,629231557,72.97
OKE,2025,Q4,629783634,73.5
OKLO,2024,Q1,30600521,
OKLO,2024,Q2,122096270,8.47
OKLO,2024,Q3,122096270,8.09
OKLO,2024,Q4,139018305,21.23
OKLO,2025,Q1,139205199,21.63
OKLO,2025,Q2,147609194,55.99
OKLO,2025,Q3,156247075,111.63
OKLO,2025,Q4,173568788,71.76
OKTA,2024,Q1,160106072,104.62
OKTA,2024,Q2,160950261,93.61
OKTA,2024,Q3,162413965,74.34
OKTA,2024,Q4,163604690,78.8
OKTA,2025,Q1,165819291,105.22
OKTA,2025,Q2,167163429,99.97
OKTA,2025,Q3,168459019,91.7
OKTA,2025,Q4,169459250,86.47
OKTA,2026,Q1,169200461,78.71
OKUR,2025,Q3,12861672,2.75
OKUR,2025,Q4,13673565,2.9
OLB,2025,Q3,8768132,
OLB,2025,Q4,12505749,
OLED,2024,Q1,47439488,168.45
OLED,2024,Q2,47452149,210.25
OLED,2024,Q3,47461408,209.9
OLED,2024,Q4,47469086,146.2
OLED,2025,Q1,47526145,139.48
OLED,2025,Q2,47534172,154.46
OLED,2025,Q3,47542245,143.63
OLED,2025,Q4,47098284,116.78
OLLI,2024,Q1,61366747,79.57
OLLI,2024,Q2,61206696,98.17
OLLI,2024,Q3,61348371,97.2
OLLI,2024,Q4,61276879,109.73
OLLI,2025,Q1,61251018,116.36
OLLI,2025,Q2,61341122,131.78
OLLI,2025,Q3,61310152,128.4
OLLI,2025,Q4,61332549,109.61
OLLI,2026,Q1,60956213,92.04
OLMA,2024,Q1,55933827,11.32
OLMA,2024,Q2,57266358,10.82
OLMA,2024,Q3,57297845,11.94
OLMA,2024,Q4,68333065,5.83
OLMA,2025,Q1,68421277,3.76
OLMA,2025,Q2,68634329,4.26
OLMA,2025,Q3,68659923,9.79
OLMA,2025,Q4,87156961,25.0
OLN,2024,Q1,119421026,58.8
OLN,2024,Q2,117541168,47.15
OLN,2024,Q3,116596499,47.98
OLN,2024,Q4,115423860,33.8
OLN,2025,Q1,115135692,24.24
OLN,2025,Q2,114641535,20.09
OLN,2025,Q3,114121529,24.99
OLN,2025,Q4,113636799,20.83
OLO,2024,Q2,110112872,4.42
OLO,2024,Q3,111678544,4.96
OLO,2024,Q4,115708992,7.68
OLO,2025,Q1,117844667,6.04
OLO,2025,Q2,120763262,8.9
OLP,2025,Q3,21645162,22.12
OLP,2025,Q4,21813127,20.29
OLPX,2024,Q2,661984685,1.54
OLPX,2024,Q3,662922801,2.35
OLPX,2024,Q4,664619629,1.73
OLPX,2025,Q1,665922884,1.27
OLPX,2025,Q2,667081086,1.4
OLPX,2025,Q3,667511905,1.31
OLPX,2025,Q4,669402641,1.34
OM,2024,Q2,52089795,3.85
OM,2024,Q3,52542024,0.68
OM,2024,Q4,53896936,1.11
OM,2025,Q1,17722310,11.06
OM,2025,Q2,17766193,19.21
OM,2025,Q3,18153090,14.12
OM,2025,Q4,18311626,3.71
OMC,2024,Q1,195833671,96.76
OMC,2024,Q2,195648843,89.7
OMC,2024,Q3,195093092,103.39
OMC,2024,Q4,196490662,86.04
OMC,2025,Q1,195109410,82.91
OMC,2025,Q2,193722889,71.94
OMC,2025,Q3,192983572,81.53
OMC,2025,Q4,310336344,80.75
OMCC,2025,Q1,6700000,6.02
OMCC,2025,Q3,6790097,5.15
OMCL,2024,Q2,45993797,27.07
OMCL,2024,Q3,46316825,43.6
OMCL,2024,Q4,46759414,44.52
OMCL,2025,Q1,46843604,34.96
OMCL,2025,Q2,45934251,29.4
OMCL,2025,Q3,44876522,30.45
OMCL,2025,Q4,45435918,45.3
OMDA,2025,Q3,57908047,22.11
OMDA,2025,Q4,58925439,15.78
OMER,2024,Q2,57946859,4.06
OMER,2024,Q3,57949760,3.97
OMER,2024,Q4,58063901,9.88
OMER,2025,Q1,58592513,8.22
OMER,2025,Q2,68055826,3.0
OMER,2025,Q3,70900459,4.1
OMER,2025,Q4,71996171,17.18
OMEX,2025,Q3,55738491,1.95
OMEX,2025,Q4,58225462,
OMF,2024,Q1,119808695,51.09
OMF,2024,Q2,119771117,48.49
OMF,2024,Q3,119352366,47.07
OMF,2024,Q4,119368020,52.13
OMF,2025,Q1,118968795,48.88
OMF,2025,Q2,118870352,57.0
OMF,2025,Q3,117731910,56.46
OMF,2025,Q4,117152064,67.55
OMI,2024,Q2,77096148,13.5
OMI,2024,Q3,77108972,15.69
OMI,2024,Q4,77247282,13.07
OMI,2025,Q1,76614139,9.03
OMI,2025,Q2,77244161,9.1
OMI,2025,Q3,77346594,4.8
OMI,2025,Q4,76436813,2.8
ON,2024,Q1,430231889,73.55
ON,2024,Q2,428356117,68.55
ON,2024,Q3,425797438,72.61
ON,2024,Q4,421421127,63.05
ON,2025,Q1,421420992,40.69
ON,2025,Q2,417885346,52.41
ON,2025,Q3,408973992,49.31
ON,2025,Q4,402378412,54.15
ONB,2024,Q1,318971000,17.41
ONB,2024,Q2,318970000,17.19
ONB,2024,Q3,318972000,18.66
ONB,2024,Q4,318975000,21.71
ONB,2025,Q1,319746000,21.19
ONB,2025,Q2,391855000,21.34
ONB,2025,Q3,390773000,21.95
ONB,2025,Q4,389673000,22.31
ONC,2024,Q2,1379529263,142.67
ONC,2024,Q3,1386034320,224.51
ONC,2024,Q4,1387367704,184.71
ONC,2025,Q1,1403311086,272.17
ONC,2025,Q2,1430372987,242.07
ONC,2025,Q3,1438553263,340.7
ONC,2025,Q4,1442259810,303.81
ONCHU,2025,Q3,17250000,
ONCHU,2025,Q4,17250000,
ONCO,2025,Q3,1560668,
ONCO,2025,Q4,3584245,
ONCY,2025,Q4,116128162,0.87
ONDS,2024,Q2,69963977,0.58
ONDS,2024,Q3,77292559,0.77
ONDS,2024,Q4,105730826,2.56
ONDS,2025,Q1,137426546,1.07
ONDS,2025,Q2,219164818,1.92
ONDS,2025,Q3,368459664,7.72
ONDS,2025,Q4,467133265,9.76
ONEW,2024,Q2,14626876,27.57
ONEW,2024,Q4,16028219,17.38
ONEW,2025,Q1,16313115,16.18
ONEW,2025,Q2,16370425,13.39
ONEW,2025,Q3,16527533,15.84
ONEW,2025,Q4,16613444,10.82
ONFO,2025,Q3,5868135,
ONFO,2025,Q4,5863214,
ONIT,2025,Q3,8058874,39.96
ONIT,2025,Q4,8521636,45.79
ONL,2024,Q2,55947802,3.59
ONL,2024,Q3,55947802,4.0
ONL,2024,Q4,56109281,3.71
ONL,2025,Q1,56193665,2.14
ONL,2025,Q2,56314634,2.13
ONL,2025,Q3,56314634,2.7
ONL,2025,Q4,56436054,2.26
ONMD,2025,Q3,51005205,
ONMD,2025,Q4,52196729,1.1
ONON,2024,Q3,285576992,50.15
ONON,2024,Q4,288760000,54.77
ONON,2025,Q1,289296000,43.92
ONON,2025,Q3,629650000,42.35
ONON,2025,Q4,296873353,46.48
ONTF,2024,Q2,41529271,6.01
ONTF,2024,Q3,41650776,6.12
ONTF,2024,Q4,42325215,6.46
ONTF,2025,Q1,42475166,5.2
ONTF,2025,Q2,42306290,5.43
ONTF,2025,Q3,42282395,5.72
ONTF,2025,Q4,42866926,7.96
ONTO,2024,Q1,49275852,181.08
ONTO,2024,Q2,49383617,219.56
ONTO,2024,Q3,49391299,207.56
ONTO,2024,Q4,49270256,166.67
ONTO,2025,Q1,48874349,121.34
ONTO,2025,Q2,49003572,100.93
ONTO,2025,Q3,49011162,129.22
ONTO,2025,Q4,49652937,157.86
ONTO,2026,Q1,49702361,205.07
OOMA,2023,Q4,25800000,10.73
OOMA,2024,Q2,26400000,9.93
OOMA,2024,Q3,26800000,11.39
OOMA,2024,Q4,27000000,14.06
OOMA,2025,Q1,27600000,13.09
OOMA,2025,Q2,27600000,12.9
OOMA,2025,Q3,27600000,11.99
OOMA,2025,Q4,27600000,11.73
OOMA,2026,Q1,27500000,
OPAD,2025,Q3,34928000,4.17
OPAD,2025,Q4,37211000,1.21
OPAL,2025,Q3,28996177,2.2
OPAL,2025,Q4,29001120,2.36
OPBK,2025,Q3,14885614,13.92
OPBK,2025,Q4,14890702,14.12
OPCH,2024,Q1,173816267,33.54
OPCH,2024,Q2,171023670,27.7
OPCH,2024,Q3,170181238,31.3
OPCH,2024,Q4,165315961,23.2
OPCH,2025,Q1,163747250,34.95
OPCH,2025,Q2,162295059,32.48
OPCH,2025,Q3,158732706,27.76
OPCH,2025,Q4,156447972,31.86
OPEN,2024,Q1,691575980,3.03
OPEN,2024,Q2,703004574,1.84
OPEN,2024,Q3,715069751,2.0
OPEN,2024,Q4,723517956,1.6
OPEN,2025,Q1,728896889,1.02
OPEN,2025,Q2,735954186,0.53
OPEN,2025,Q3,772845479,7.97
OPEN,2025,Q4,958325481,5.83
OPFI,2025,Q3,27664310,11.33
OPFI,2025,Q4,26436610,10.46
OPHC,2025,Q3,11533943,
OPHC,2025,Q4,12166437,
OPI,2024,Q1,48749942,2.04
OPI,2024,Q2,50247775,2.04
OPI,2024,Q3,55781219,2.18
OPI,2024,Q4,69824743,1.0
OPI,2025,Q1,70894950,0.46
OPI,2025,Q2,73976190,0.25
OPK,2024,Q1,696991677,1.2
OPK,2024,Q2,697376055,1.25
OPK,2024,Q3,682483029,1.49
OPK,2024,Q4,671550270,1.47
OPK,2025,Q1,793052803,1.66
OPK,2025,Q2,793782780,1.32
OPK,2025,Q3,767701280,1.55
OPK,2025,Q4,759067256,1.26
OPK,2026,Q1,755092256,1.14
OPOF,2025,Q2,5102197,39.25
OPRA,2024,Q3,88454000,15.45
OPRA,2024,Q4,88480200,18.94
OPRA,2025,Q1,88480200,15.94
OPRA,2025,Q3,89500000,20.64
OPRA,2025,Q4,89648054,14.16
OPRT,2024,Q2,35722721,2.9
OPRT,2024,Q3,35971037,2.81
OPRT,2024,Q4,36134274,3.88
OPRT,2025,Q1,37501165,5.49
OPRT,2025,Q2,44009399,7.16
OPRT,2025,Q3,44129020,6.17
OPRT,2025,Q4,44500268,5.29
OPRX,2025,Q3,18640652,20.5
OPRX,2025,Q4,18762203,12.26
OPTT,2024,Q1,59463573,
OPTT,2024,Q2,92708981,0.2
OPTT,2024,Q3,97935748,0.16
OPTT,2024,Q4,146038719,1.02
OPTT,2025,Q1,170050563,0.46
OPTT,2025,Q2,177542775,0.47
OPTT,2025,Q3,183014497,0.5
OPTT,2025,Q4,194959935,0.3
OPTT,2026,Q1,228023439,
OPTX,2025,Q3,36920226,1.55
OPTX,2025,Q4,36994164,
OPXS,2025,Q3,6937358,12.89
OPXS,2025,Q4,6937358,14.18
OPY,2025,Q3,10420884,73.91
OPY,2025,Q4,10607590,72.29
OR,2025,Q4,187152235,35.39
ORA,2024,Q1,60421682,66.19
ORA,2024,Q2,60453143,71.7
ORA,2024,Q3,60476526,76.94
ORA,2024,Q4,60500580,67.72
ORA,2025,Q1,60662626,70.77
ORA,2025,Q2,60723470,83.76
ORA,2025,Q3,60781792,96.25
ORA,2025,Q4,60845411,110.47
ORC,2024,Q1,52973989,8.93
ORC,2024,Q2,71338574,8.34
ORC,2024,Q3,78414645,8.22
ORC,2024,Q4,93293628,7.78
ORC,2025,Q1,106673390,7.52
ORC,2025,Q2,126729424,7.01
ORC,2025,Q3,151712160,7.01
ORC,2025,Q4,190693392,7.2
ORC,2026,Q1,200700226,7.03
ORCL,2024,Q1,2748514000,125.61
ORCL,2024,Q2,2755860000,141.2
ORCL,2024,Q3,2770968000,170.4
ORCL,2024,Q4,2796956000,166.64
ORCL,2025,Q1,2804234000,139.81
ORCL,2025,Q2,2807000000,218.63
ORCL,2025,Q3,2841714000,281.24
ORCL,2025,Q4,2873130000,194.91
ORCL,2026,Q1,2876046000,147.11
ORGN,2024,Q1,147022172,0.51
ORGN,2024,Q2,145751089,0.9
ORGN,2024,Q3,146250167,1.54
ORGN,2024,Q4,149354886,1.28
ORGN,2025,Q1,149944774,0.66
ORGN,2025,Q2,149898813,0.48
ORGN,2025,Q3,151149855,0.52
ORGN,2025,Q4,5425037,0.21
ORGO,2024,Q1,132539340,2.84
ORGO,2024,Q2,132574238,2.8
ORGO,2024,Q3,132576502,2.86
ORGO,2024,Q4,125730236,3.2
ORGO,2025,Q1,126853536,4.32
ORGO,2025,Q2,126857709,3.66
ORGO,2025,Q3,126912142,4.22
ORGO,2025,Q4,128640671,5.18
ORI,2024,Q1,271833079,30.72
ORI,2024,Q2,258493941,30.9
ORI,2024,Q3,253557200,35.42
ORI,2024,Q4,248191027,36.19
ORI,2025,Q1,247163589,39.22
ORI,2025,Q2,248469738,38.44
ORI,2025,Q3,247450000,42.47
ORI,2025,Q4,245730313,45.64
ORIC,2024,Q2,70542476,7.07
ORIC,2024,Q3,70566950,10.25
ORIC,2024,Q4,71026825,8.07
ORIC,2025,Q1,71088080,5.58
ORIC,2025,Q2,97122987,10.15
ORIC,2025,Q3,97389279,12.0
ORIC,2025,Q4,100358242,8.18
ORIQU,2025,Q3,8625000,
ORIQU,2025,Q4,8625000,
ORKA,2024,Q2,14507143,3.83
ORKA,2024,Q3,34998550,24.51
ORKA,2024,Q4,37440510,19.39
ORKA,2025,Q1,37440510,10.26
ORKA,2025,Q2,37450745,11.21
ORKA,2025,Q3,48409232,19.23
ORKA,2025,Q4,49542691,30.31
ORLA,2025,Q4,340136534,13.47
ORLY,2024,Q1,58894096,1128.88
ORLY,2024,Q2,58005664,1056.06
ORLY,2024,Q3,57730693,1151.6
ORLY,2024,Q4,57272442,1185.8
ORLY,2025,Q1,56989455,1432.58
ORLY,2025,Q2,848496680,90.13
ORLY,2025,Q3,844104092,107.81
ORLY,2025,Q4,838487034,91.21
ORMP,2025,Q3,39802455,2.64
ORMP,2025,Q4,40446179,2.85
ORN,2024,Q2,33370955,9.51
ORN,2024,Q3,38901360,5.77
ORN,2024,Q4,38989545,7.33
ORN,2025,Q1,39553973,5.23
ORN,2025,Q2,39735245,9.07
ORN,2025,Q3,39900978,8.32
ORN,2025,Q4,40083300,9.94
ORRF,2025,Q3,19498770,33.98
ORRF,2025,Q4,19619798,35.42
OS,2024,Q2,28224262,
OS,2024,Q3,28301729,33.9
OS,2024,Q4,73114192,28.52
OS,2025,Q1,75399202,21.34
OS,2025,Q2,88136155,28.3
OS,2025,Q3,90268494,18.43
OS,2025,Q4,99803647,18.38
OSBC,2024,Q1,44845629,13.84
OSBC,2024,Q2,44849591,14.81
OSBC,2024,Q3,44853487,15.59
OSBC,2024,Q4,45047151,17.78
OSBC,2025,Q1,45056183,16.64
OSBC,2025,Q2,52650413,17.74
OSBC,2025,Q3,52669224,17.29
OSBC,2025,Q4,52690806,19.5
OSCR,2024,Q1,201709432,14.87
OSCR,2024,Q2,206395047,15.82
OSCR,2024,Q3,211754816,21.21
OSCR,2024,Q4,215053599,13.44
OSCR,2025,Q1,219163000,13.11
OSCR,2025,Q2,223044000,21.44
OSCR,2025,Q3,229010000,18.93
OSCR,2025,Q4,262157000,14.37
OSIS,2024,Q1,17048704,142.82
OSIS,2024,Q2,16569742,137.52
OSIS,2024,Q3,16710749,151.83
OSIS,2024,Q4,16799283,167.43
OSIS,2025,Q1,16788617,194.34
OSIS,2025,Q2,16825913,224.86
OSIS,2025,Q3,16977873,249.24
OSIS,2025,Q4,16472549,255.06
OSK,2024,Q1,65401118,124.71
OSK,2024,Q2,65085776,108.2
OSK,2024,Q3,65064997,100.21
OSK,2024,Q4,64524506,95.07
OSK,2025,Q1,64373092,94.08
OSK,2025,Q2,64000313,113.54
OSK,2025,Q3,63254319,129.7
OSK,2025,Q4,62548631,125.63
OSPN,2024,Q2,37871062,12.82
OSPN,2024,Q3,37991056,16.67
OSPN,2024,Q4,38175819,18.54
OSPN,2025,Q1,38230467,15.25
OSPN,2025,Q2,38324622,16.69
OSPN,2025,Q3,38027123,15.89
OSPN,2025,Q4,37466947,12.84
OSRH,2025,Q3,25672788,
OSRH,2025,Q4,33124755,
OSS,2025,Q3,24515491,5.36
OSS,2025,Q4,24737191,7.18
OSTX,2025,Q3,35214352,1.96
OSTX,2025,Q4,39533227,1.4
OSUR,2024,Q2,74568307,4.26
OSUR,2024,Q3,74594154,4.27
OSUR,2024,Q4,74800131,3.61
OSUR,2025,Q1,74800131,3.37
OSUR,2025,Q2,73136987,3.0
OSUR,2025,Q3,71733530,3.21
OSUR,2025,Q4,69126173,2.42
OSW,2024,Q2,104713619,15.37
OSW,2024,Q3,103981942,16.51
OSW,2024,Q4,104667247,19.9
OSW,2025,Q1,102697235,16.79
OSW,2025,Q2,102697235,20.39
OSW,2025,Q3,101952381,21.14
OSW,2025,Q4,101451278,20.74
OTEX,2024,Q1,272869443,38.83
OTEX,2024,Q2,268189944,30.04
OTEX,2024,Q3,265880301,33.28
OTEX,2024,Q4,263999998,28.32
OTEX,2025,Q1,259142411,25.26
OTEX,2025,Q2,254316690,29.2
OTEX,2025,Q3,252011071,37.38
OTEX,2025,Q4,250602777,32.58
OTIS,2024,Q1,404322811,99.27
OTIS,2024,Q2,400554767,96.26
OTIS,2024,Q3,399460524,103.94
OTIS,2024,Q4,396518563,92.61
OTIS,2025,Q1,394676593,103.2
OTIS,2025,Q2,392475229,99.02
OTIS,2025,Q3,389715851,91.43
OTIS,2025,Q4,388720773,87.35
OTIS,2026,Q1,383716076,77.08
OTLK,2025,Q3,64114399,1.06
OTLK,2025,Q4,83067190,1.58
OTLY,2024,Q3,596937984,0.85
OTLY,2024,Q4,596963968,0.66
OTLY,2025,Q1,29928000,9.83
OTLY,2025,Q3,30310000,16.2
OTLY,2025,Q4,624500001,10.69
OTTR,2024,Q1,41814425,86.4
OTTR,2024,Q2,41827967,87.59
OTTR,2024,Q3,41827967,78.16
OTTR,2024,Q4,41827999,73.84
OTTR,2025,Q1,41904370,80.37
OTTR,2025,Q2,41905520,77.09
OTTR,2025,Q3,41905520,81.97
OTTR,2025,Q4,41953525,80.81
OUST,2024,Q1,45225055,7.94
OUST,2024,Q2,48330292,9.83
OUST,2024,Q3,49770639,6.3
OUST,2024,Q4,53765990,12.22
OUST,2025,Q1,53794970,8.98
OUST,2025,Q2,57819244,24.25
OUST,2025,Q3,60005219,27.05
OUST,2025,Q4,62803991,21.64
OUT,2024,Q1,165885759,16.79
OUT,2024,Q2,165981712,14.3
OUT,2024,Q3,165985777,18.38
OUT,2024,Q4,167024613,17.74
OUT,2025,Q1,167073744,16.14
OUT,2025,Q2,167224576,16.32
OUT,2025,Q3,167234555,18.32
OUT,2025,Q4,176050169,24.1
OVBC,2025,Q3,4711001,36.98
OVBC,2025,Q4,4711001,39.98
OVID,2024,Q2,70971577,0.77
OVID,2024,Q3,71009866,1.18
OVID,2024,Q4,71075005,0.93
OVID,2025,Q1,71109514,0.31
OVID,2025,Q2,71109514,0.33
OVID,2025,Q3,71212353,1.3
OVID,2025,Q4,131874634,1.63
OVLY,2025,Q3,8388221,28.17
OVLY,2025,Q4,8413458,30.06
OVV,2024,Q1,266980795,51.9
OVV,2024,Q2,263608160,46.87
OVV,2024,Q3,260324464,38.31
OVV,2024,Q4,260324464,40.5
OVV,2025,Q1,259815014,42.8
OVV,2025,Q2,257037322,38.05
OVV,2025,Q3,253258560,40.38
OVV,2025,Q4,283335463,39.19
OWL,2024,Q1,500879131,18.86
OWL,2024,Q2,561137652,17.75
OWL,2024,Q3,568430654,19.36
OWL,2024,Q4,608346194,23.26
OWL,2025,Q1,625652391,20.04
OWL,2025,Q2,651092446,19.21
OWL,2025,Q3,664801995,16.93
OWL,2025,Q4,665568093,14.94
OWLT,2025,Q3,27580607,8.47
OWLT,2025,Q4,28160468,16.19
OXBR,2025,Q3,7676122,1.79
OXBR,2025,Q4,7801374,1.32
OXM,2023,Q4,15625096,100.0
OXM,2024,Q2,15676410,100.15
OXM,2024,Q3,15695288,86.76
OXM,2024,Q4,15701033,78.78
OXM,2025,Q1,14865106,58.67
OXM,2025,Q2,14935408,40.25
OXM,2025,Q3,14867158,40.54
OXM,2025,Q4,14877391,34.2
OXM,2026,Q1,14887454,
OXSQ,2025,Q3,81669408,1.59
OXSQ,2025,Q4,87510727,1.76
OXY,2024,Q1,886636750,64.99
OXY,2024,Q2,905615720,63.03
OXY,2024,Q3,938343042,51.54
OXY,2024,Q4,938500965,49.41
OXY,2025,Q1,984132678,49.36
OXY,2025,Q2,984439742,42.01
OXY,2025,Q3,985210434,47.25
OXY,2025,Q4,986266656,41.12
OYSEU,2025,Q3,26008000,10.25
OYSEU,2025,Q4,26008000,
OZ,2025,Q3,3791177,64.0
OZ,2025,Q4,3896184,65.03
OZK,2024,Q3,113464000,42.99
OZK,2024,Q4,113447000,44.53
OZK,2025,Q1,113604000,43.45
OZK,2025,Q3,113730000,50.98
OZK,2025,Q4,111877852,46.02
PAA,2024,Q1,701071031,17.56
PAA,2024,Q2,701081299,17.86
PAA,2024,Q3,703669059,17.37
PAA,2024,Q4,703775950,17.08
PAA,2025,Q1,703299255,20.0
PAA,2025,Q2,703304452,18.32
PAA,2025,Q3,705497770,17.06
PAA,2025,Q4,705531683,17.96
PAAS,2024,Q3,363000992,20.87
PAAS,2024,Q4,363004992,20.22
PAAS,2025,Q1,362158016,25.83
PAAS,2025,Q3,422040000,38.73
PAAS,2025,Q4,421847046,51.81
PAC,2024,Q3,42948600,174.02
PAC,2024,Q4,42948600,174.99
PAC,2025,Q1,42948600,185.51
PAC,2025,Q3,50530000,237.19
PAC,2025,Q4,50615206,263.63
PACB,2024,Q1,272355892,3.75
PACB,2024,Q2,272528950,1.37
PACB,2024,Q3,273863544,1.7
PACB,2024,Q4,297852228,1.83
PACB,2025,Q1,300084685,1.18
PACB,2025,Q2,300370611,1.24
PACB,2025,Q3,301907431,1.28
PACB,2025,Q4,301998292,1.87
PACK,2024,Q1,80073192,7.87
PACK,2024,Q2,80302264,6.43
PACK,2024,Q3,80336268,6.53
PACK,2024,Q4,83267367,6.88
PACK,2025,Q1,84222329,5.42
PACK,2025,Q2,84346019,3.57
PACK,2025,Q3,84365754,5.62
PACK,2025,Q4,84385870,5.41
PACS,2024,Q1,128723386,
PACS,2024,Q2,152399733,29.5
PACS,2025,Q3,156615144,13.73
PACS,2025,Q4,157165029,38.39
PAG,2024,Q1,66879277,161.99
PAG,2024,Q2,66770941,149.02
PAG,2024,Q3,66769161,162.42
PAG,2024,Q4,66749222,152.44
PAG,2025,Q1,66168443,143.98
PAG,2025,Q2,66044372,171.81
PAG,2025,Q3,65858552,173.91
PAG,2025,Q4,65760087,158.29
PAGP,2024,Q2,197263697,18.82
PAGP,2024,Q3,197465699,18.5
PAGP,2024,Q4,197743624,18.38
PAGP,2025,Q1,197743624,21.36
PAGP,2025,Q2,197743624,19.43
PAGP,2025,Q3,197888124,18.24
PAGP,2025,Q4,197904124,19.14
PAGS,2024,Q3,198610000,8.61
PAGS,2024,Q4,191528992,6.26
PAGS,2025,Q1,183364992,7.63
PAGS,2025,Q3,329610000,10.0
PAGS,2025,Q4,291871575,9.64
PAHC,2024,Q1,20337574,12.93
PAHC,2024,Q2,20337574,16.77
PAHC,2024,Q3,20337574,22.52
PAHC,2024,Q4,20337574,21.0
PAHC,2025,Q1,20367574,21.36
PAHC,2025,Q2,20367574,25.54
PAHC,2025,Q3,20447574,40.46
PAHC,2025,Q4,20623682,37.36
PAL,2024,Q2,25960435,16.06
PAL,2024,Q3,27029781,14.18
PAL,2024,Q4,27069114,8.07
PAL,2025,Q1,27069114,8.37
PAL,2025,Q2,27788985,7.26
PAL,2025,Q3,27830037,6.89
PAL,2025,Q4,27725314,9.64
PALI,2025,Q3,149003210,
PALI,2025,Q4,165884817,2.35
PAM,2024,Q3,54400000,60.04
PAM,2024,Q4,54385700,87.94
PAM,2025,Q1,54385700,77.2
PAMT,2025,Q3,20926020,11.4
PAMT,2025,Q4,20926020,
PANL,2024,Q2,46902091,7.83
PANL,2024,Q3,46902091,7.23
PANL,2024,Q4,65628437,5.36
PANL,2025,Q1,65621562,4.76
PANL,2025,Q2,65241911,4.7
PANL,2025,Q3,64973688,5.08
PANL,2025,Q4,65318647,6.88
PANW,2024,Q1,323100000,284.13
PANW,2024,Q2,323800000,339.01
PANW,2024,Q3,325600000,341.8
PANW,2024,Q4,328100000,181.96
PANW,2025,Q1,662100000,170.64
PANW,2025,Q2,666800000,204.64
PANW,2025,Q3,668900000,203.62
PANW,2025,Q4,697000000,184.2
PANW,2026,Q1,816000000,160.32
PAR,2024,Q2,36283935,47.09
PAR,2024,Q3,36305087,52.08
PAR,2024,Q4,40213079,72.67
PAR,2025,Q1,40497502,61.34
PAR,2025,Q2,40581077,69.37
PAR,2025,Q3,40591032,39.58
PAR,2025,Q4,41152632,36.28
PARA,2024,Q1,655000000,11.77
PARA,2024,Q2,667000000,10.39
PARA,2024,Q3,667000000,10.62
PARA,2024,Q4,671000000,10.46
PARA,2025,Q1,674000000,11.96
PARAA,2025,Q2,675000000,22.95
PARR,2024,Q1,57937921,37.06
PARR,2024,Q2,56330868,25.25
PARR,2024,Q3,55952124,17.6
PARR,2024,Q4,54747885,16.39
PARR,2025,Q1,51578861,14.26
PARR,2025,Q2,50814687,26.53
PARR,2025,Q3,50291043,35.42
PARR,2025,Q4,49003370,35.14
PASG,2024,Q2,61767286,0.79
PASG,2024,Q3,61767286,0.7
PASG,2024,Q4,62148274,0.57
PASG,2025,Q1,62148274,0.35
PASG,2025,Q2,3178710,0.4
PASG,2025,Q3,3178710,
PASG,2025,Q4,3207810,
PATH,2024,Q1,486559509,22.67
PATH,2024,Q2,490324835,12.68
PATH,2024,Q3,467504776,12.8
PATH,2024,Q4,467146181,12.71
PATH,2025,Q1,474040169,10.3
PATH,2025,Q2,457586105,12.8
PATH,2025,Q3,453568899,13.38
PATH,2025,Q4,460443681,16.39
PATH,2026,Q1,459231166,11.1
PATK,2024,Q1,22401501,119.47
PATK,2024,Q2,22401561,108.55
PATK,2024,Q3,22399762,142.37
PATK,2024,Q4,33644702,83.08
PATK,2025,Q1,33427280,84.56
PATK,2025,Q2,33278676,92.27
PATK,2025,Q3,33276096,103.43
PATK,2025,Q4,33234715,108.43
PAVM,2025,Q3,25086881,0.43
PAVM,2025,Q4,6383089,0.22
PAY,2024,Q2,22348919,19.0
PAY,2024,Q3,24522383,20.02
PAY,2024,Q4,32317256,32.67
PAY,2025,Q1,35178073,26.1
PAY,2025,Q2,45348953,32.75
PAY,2025,Q3,55578758,30.6
PAY,2025,Q4,62862265,31.59
PAYC,2024,Q1,58110019,199.01
PAYC,2024,Q2,57432442,143.04
PAYC,2024,Q3,57662043,166.57
PAYC,2024,Q4,57264718,204.97
PAYC,2025,Q1,57819755,218.48
PAYC,2025,Q2,57876797,231.4
PAYC,2025,Q3,56269005,208.14
PAYC,2025,Q4,54275097,159.36
PAYO,2024,Q1,373430076,4.86
PAYO,2024,Q2,381817684,5.54
PAYO,2024,Q3,356613483,7.53
PAYO,2024,Q4,359854076,10.04
PAYO,2025,Q1,361671200,7.31
PAYO,2025,Q2,360315543,6.85
PAYO,2025,Q3,356440304,6.05
PAYO,2025,Q4,344772967,5.62
PAYS,2024,Q2,53138374,4.31
PAYS,2024,Q3,53548374,3.67
PAYS,2024,Q4,53747674,3.02
PAYS,2025,Q1,54217674,2.12
PAYS,2025,Q2,54451888,7.2
PAYS,2025,Q3,55042888,6.29
PAYS,2025,Q4,55185394,5.15
PAYX,2024,Q1,359963341,122.8
PAYX,2024,Q2,360126911,118.56
PAYX,2024,Q3,359898021,134.19
PAYX,2024,Q4,360063074,140.22
PAYX,2025,Q1,360190668,154.28
PAYX,2025,Q2,360243877,145.46
PAYX,2025,Q3,359894143,126.76
PAYX,2025,Q4,358967450,112.18
PAYX,2026,Q1,358290881,92.12
PB,2024,Q1,95937934,65.78
PB,2024,Q2,95261166,61.14
PB,2024,Q3,95264666,72.07
PB,2024,Q4,95262717,75.35
PB,2025,Q1,95283000,71.37
PB,2025,Q2,95000432,70.24
PB,2025,Q3,94991832,66.35
PB,2025,Q4,101581522,69.11
PBA,2024,Q3,580214016,41.24
PBA,2024,Q4,580531008,36.95
PBA,2025,Q1,580595008,40.03
PBA,2025,Q3,581030000,40.46
PBA,2025,Q4,581068405,38.06
PBBK,2025,Q3,2552320,
PBF,2024,Q1,118563971,57.57
PBF,2024,Q2,117149510,46.02
PBF,2024,Q3,115123458,30.95
PBF,2024,Q4,115313481,26.55
PBF,2025,Q1,115647259,19.09
PBF,2025,Q2,115698631,21.67
PBF,2025,Q3,115847488,30.17
PBF,2025,Q4,116926814,27.12
PBFS,2025,Q3,25080547,13.06
PBFS,2025,Q4,25076801,13.48
PBH,2024,Q1,49915366,72.56
PBH,2024,Q2,49557371,68.85
PBH,2024,Q3,49405454,72.1
PBH,2024,Q4,49537839,78.09
PBH,2025,Q1,49414707,85.97
PBH,2025,Q4,47318730,61.69
PBHC,2025,Q3,4794225,15.44
PBHC,2025,Q4,4876213,14.11
PBI,2024,Q1,178875218,4.33
PBI,2024,Q2,179509852,5.08
PBI,2024,Q3,181700821,7.13
PBI,2024,Q4,182786974,7.24
PBI,2025,Q1,181253371,9.05
PBI,2025,Q2,172122996,10.91
PBI,2025,Q3,160918164,11.41
PBI,2025,Q4,149942698,10.57
PBPB,2024,Q1,29841506,12.11
PBPB,2024,Q2,29945387,8.03
PBPB,2024,Q3,29937090,8.34
PBPB,2024,Q4,29879504,9.42
PBPB,2025,Q1,30172219,9.51
PBPB,2025,Q2,30260672,12.25
PBR,2024,Q3,3721120000,14.41
PBR,2024,Q4,3721120000,12.86
PBR,2025,Q1,3721120000,14.34
PBR,2025,Q3,6440000000,12.66
PBR,2025,Q4,6444366420,11.85
PBYI,2024,Q1,48238850,5.3
PBYI,2024,Q2,49046723,3.26
PBYI,2024,Q3,49087684,2.55
PBYI,2024,Q4,49610799,3.05
PBYI,2025,Q1,49638093,2.96
PBYI,2025,Q2,50370723,3.43
PBYI,2025,Q3,50391107,5.31
PBYI,2025,Q4,50876487,5.95
PCAPU,2025,Q3,25430000,10.5
PCAPU,2025,Q4,25430000,10.13
PCAR,2024,Q1,524145446,123.89
PCAR,2024,Q2,524221826,102.94
PCAR,2024,Q3,524300554,98.68
PCAR,2024,Q4,524802603,104.02
PCAR,2025,Q1,524959425,97.37
PCAR,2025,Q2,525103392,95.06
PCAR,2025,Q3,525204359,98.32
PCAR,2025,Q4,525894443,109.51
PCB,2025,Q3,14260754,21.0
PCB,2025,Q4,14225579,21.65
PCG,2024,Q1,2614901996,16.76
PCG,2024,Q2,2615204752,17.46
PCG,2024,Q3,2615288444,19.77
PCG,2024,Q4,2671320389,20.18
PCG,2025,Q1,2675428603,17.18
PCG,2025,Q2,2675580992,13.94
PCG,2025,Q3,2675654015,15.08
PCG,2025,Q4,2675711544,16.07
PCG,2026,Q1,2679968318,17.57
PCH,2024,Q1,79508000,47.02
PCH,2024,Q2,78913000,39.39
PCH,2024,Q3,78763000,45.05
PCH,2024,Q4,78788000,39.25
PCH,2025,Q1,78596000,45.12
PCH,2025,Q2,77286000,38.37
PCH,2025,Q3,77291000,40.75
PCH,2025,Q4,77295603,39.78
PCOR,2024,Q1,146324616,82.17
PCOR,2024,Q2,147685049,66.31
PCOR,2024,Q3,148663906,61.72
PCOR,2024,Q4,149924206,74.93
PCOR,2025,Q1,149169227,66.02
PCOR,2025,Q2,150192801,68.42
PCOR,2025,Q3,155469860,72.92
PCOR,2025,Q4,150100482,72.74
PCRX,2024,Q2,46126946,28.61
PCRX,2024,Q3,46173240,15.05
PCRX,2024,Q4,46276241,18.84
PCRX,2025,Q1,46304667,24.85
PCRX,2025,Q2,44932721,23.9
PCRX,2025,Q3,43021275,25.77
PCRX,2025,Q4,40489894,25.88
PCSA,2025,Q3,56644223,
PCSA,2025,Q4,2660039,
PCSC,2025,Q3,8911250,10.6
PCSC,2025,Q4,8911250,
PCT,2024,Q1,164612000,6.22
PCT,2024,Q2,164746000,5.92
PCT,2024,Q3,173494000,9.5
PCT,2024,Q4,173566000,10.25
PCT,2025,Q1,179535000,6.92
PCT,2025,Q3,180200000,13.15
PCTTU,2025,Q3,180198340,
PCTTU,2025,Q4,180599416,
PCTY,2024,Q1,56431253,171.86
PCTY,2024,Q2,55567199,131.85
PCTY,2024,Q3,55746768,164.97
PCTY,2024,Q4,55887207,199.47
PCTY,2025,Q1,55230112,187.34
PCTY,2025,Q2,55161627,181.19
PCTY,2025,Q3,54381607,159.27
PCTY,2025,Q4,53876692,152.5
PCVX,2024,Q1,108795188,68.31
PCVX,2024,Q2,111609671,75.51
PCVX,2024,Q3,124636546,114.27
PCVX,2024,Q4,128761622,81.86
PCVX,2025,Q1,129004138,37.76
PCVX,2025,Q2,129823355,32.51
PCVX,2025,Q3,130906263,36.02
PCVX,2025,Q4,143920361,46.14
PCYO,2025,Q3,24080605,11.07
PCYO,2025,Q4,24090605,10.99
PCYO,2026,Q1,24103908,
PD,2024,Q2,95600016,22.93
PD,2024,Q3,93058132,18.55
PD,2024,Q4,90155072,18.26
PD,2025,Q1,91084454,18.27
PD,2025,Q2,92173975,15.28
PD,2025,Q3,93246403,16.52
PD,2025,Q4,91776804,13.11
PD,2026,Q1,84979482,6.21
PDD,2024,Q3,1388770048,134.81
PDD,2024,Q4,1388770048,96.99
PDD,2025,Q1,1388770048,118.35
PDD,2025,Q3,1390000000,132.17
PDD,2025,Q4,1419646508,113.39
PDEX,2025,Q2,3261979,43.64
PDEX,2025,Q4,3205985,38.48
PDFS,2024,Q2,38745197,36.38
PDFS,2024,Q3,38772864,31.68
PDFS,2024,Q4,39113755,27.08
PDFS,2025,Q1,39139563,19.11
PDFS,2025,Q2,39492879,21.38
PDFS,2025,Q3,39512959,25.82
PDFS,2025,Q4,39890709,28.53
PDLB,2025,Q3,24001125,14.7
PDLB,2025,Q4,24156831,16.35
PDM,2024,Q2,123999948,7.25
PDM,2024,Q3,123999948,10.1
PDM,2024,Q4,124291670,9.15
PDM,2025,Q1,124408011,7.37
PDM,2025,Q2,124504127,7.29
PDM,2025,Q3,124519278,9.0
PDM,2025,Q4,124849529,8.34
PDS,2025,Q4,12932399,71.88
PDSB,2025,Q3,48980307,1.01
PDSB,2025,Q4,55815653,0.77
PDYN,2025,Q3,42037410,8.59
PDYN,2025,Q4,46494865,4.26
PEB,2024,Q1,120503501,15.41
PEB,2024,Q2,120503501,13.75
PEB,2024,Q3,119693442,13.23
PEB,2024,Q4,119813965,13.55
PEB,2025,Q1,118685166,10.13
PEB,2025,Q2,118574301,9.99
PEB,2025,Q3,113595629,11.39
PEB,2025,Q4,113768346,11.32
PEB,2026,Q1,113369235,12.63
PEBK,2025,Q3,5459441,30.66
PEBK,2025,Q4,5461490,36.2
PEBO,2024,Q2,35508377,30.0
PEBO,2024,Q3,35538229,30.09
PEBO,2024,Q4,35670204,31.69
PEBO,2025,Q1,35645823,29.66
PEBO,2025,Q2,35670873,30.54
PEBO,2025,Q3,35702963,29.99
PEBO,2025,Q4,35917291,30.03
PECO,2024,Q1,122400000,35.87
PECO,2024,Q2,122500000,32.71
PECO,2024,Q3,122600000,37.71
PECO,2024,Q4,125200000,37.46
PECO,2025,Q1,125400000,36.49
PECO,2025,Q2,125600000,35.03
PECO,2025,Q3,125800000,34.33
PECO,2025,Q4,125800000,35.57
PECO,2026,Q1,125966000,37.42
PED,2025,Q3,95519352,0.58
PED,2025,Q4,13300621,0.56
PEG,2024,Q1,498080467,66.78
PEG,2024,Q2,498161668,73.7
PEG,2024,Q3,498225421,89.21
PEG,2024,Q4,498561467,84.49
PEG,2025,Q1,498997910,82.3
PEG,2025,Q2,499079754,84.18
PEG,2025,Q3,499153976,83.46
PEG,2025,Q4,498739910,80.3
PEGA,2024,Q1,85031165,64.64
PEGA,2024,Q2,85409645,60.53
PEGA,2024,Q3,85753808,73.09
PEGA,2024,Q4,85898878,93.2
PEGA,2025,Q1,85118570,69.52
PEGA,2025,Q2,171080665,54.13
PEGA,2025,Q3,169722783,57.5
PEGA,2025,Q4,169043716,59.72
PEGA,2026,Q1,167657568,42.56
PELIU,2025,Q4,11998750,
PELIU,2026,Q1,11998750,
PEN,2024,Q1,38764917,223.18
PEN,2024,Q2,38843936,179.97
PEN,2024,Q3,38379199,194.31
PEN,2024,Q4,38515949,237.48
PEN,2025,Q1,38725940,267.41
PEN,2025,Q2,38999129,256.63
PEN,2025,Q3,39162177,253.32
PEN,2025,Q4,39243053,310.91
PENG,2024,Q1,58972000,26.32
PENG,2024,Q2,59676000,22.87
PENG,2024,Q3,60226000,20.95
PENG,2024,Q4,61067000,19.19
PENG,2025,Q1,61620000,17.37
PENG,2025,Q2,52401114,19.81
PENG,2025,Q3,52859335,26.28
PENG,2025,Q4,52560157,19.56
PENG,2026,Q1,50747508,17.6
PENN,2024,Q1,152446059,18.21
PENN,2024,Q2,152595704,19.36
PENN,2024,Q3,152629402,18.86
PENN,2024,Q4,152947379,19.82
PENN,2025,Q1,151001976,16.31
PENN,2025,Q2,146004714,17.87
PENN,2025,Q3,133249972,19.26
PENN,2025,Q4,133546273,14.75
PEP,2024,Q1,1374785980,175.01
PEP,2024,Q2,1373572400,164.93
PEP,2024,Q3,1371989025,170.05
PEP,2024,Q4,1371499838,152.06
PEP,2025,Q1,1371079540,149.94
PEP,2025,Q2,1369077204,132.04
PEP,2025,Q3,1367340122,140.44
PEP,2025,Q4,1366649053,143.52
PEP,2026,Q1,1366768315,155.29
PEPG,2024,Q2,32589702,15.96
PEPG,2024,Q3,32595737,8.55
PEPG,2024,Q4,32692388,3.79
PEPG,2025,Q1,32720943,1.4
PEPG,2025,Q2,32799724,1.11
PEPG,2025,Q3,68748224,4.62
PEPG,2025,Q4,69115292,6.51
PERI,2024,Q3,47307000,7.88
PERI,2024,Q4,47307000,8.47
PERI,2025,Q1,45037200,8.14
PERI,2025,Q3,44830000,9.6
PERI,2025,Q4,39024964,9.58
PESI,2025,Q3,18517662,10.1
PESI,2025,Q4,18547539,12.59
PET,2025,Q2,51487598,
PETS,2025,Q1,20587000,4.19
PETS,2025,Q4,21400495,3.2
PFE,2024,Q1,5666592898,27.75
PFE,2024,Q2,5666695064,27.98
PFE,2024,Q3,5666990035,28.94
PFE,2024,Q4,5667340414,26.53
PFE,2025,Q1,5685365587,25.34
PFE,2025,Q2,5685550500,24.24
PFE,2025,Q3,5685707552,25.48
PFE,2025,Q4,5686267431,24.9
PFG,2024,Q1,234383541,86.31
PFG,2024,Q2,231583716,78.45
PFG,2024,Q3,228725863,85.9
PFG,2024,Q4,225571329,77.41
PFG,2025,Q1,224190774,84.37
PFG,2025,Q2,222768441,79.43
PFG,2025,Q3,219693843,82.91
PFG,2025,Q4,216835141,88.21
PFGC,2024,Q1,155610202,74.64
PFGC,2024,Q2,155835244,66.11
PFGC,2024,Q3,155805078,78.37
PFGC,2024,Q4,156216487,84.55
PFGC,2025,Q1,156090902,78.63
PFGC,2025,Q2,156519106,87.47
PFGC,2025,Q3,156812138,104.04
PFGC,2025,Q4,157098971,89.92
PFIS,2025,Q3,9994595,48.61
PFIS,2025,Q4,9999049,48.71
PFLT,2024,Q1,66728138,11.38
PFLT,2024,Q2,73420712,11.54
PFLT,2024,Q3,83229896,11.57
PFLT,2024,Q4,87955896,10.93
PFLT,2025,Q1,99217896,11.19
PFLT,2025,Q2,99217896,10.33
PFLT,2025,Q3,99217896,8.89
PFLT,2025,Q4,99217896,9.27
PFS,2024,Q2,130485099,14.35
PFS,2024,Q3,130488327,18.56
PFS,2024,Q4,130489493,18.87
PFS,2025,Q1,130659942,17.17
PFS,2025,Q2,130624153,17.53
PFS,2025,Q3,130622384,19.28
PFS,2025,Q4,130696286,19.75
PFSI,2024,Q1,50922737,91.09
PFSI,2024,Q2,51190677,94.6
PFSI,2024,Q3,51257808,113.97
PFSI,2024,Q4,51434010,102.14
PFSI,2025,Q1,51663586,100.11
PFSI,2025,Q2,51710032,99.64
PFSI,2025,Q3,51965474,123.88
PFSI,2025,Q4,52167770,131.84
PFX,2025,Q3,2000560,
PFX,2025,Q4,1998259,
PG,2024,Q1,2360135282000000,162.25
PG,2024,Q2,2354050987,164.92
PG,2024,Q3,2355041729,173.2
PG,2024,Q4,2344851814,167.65
PG,2025,Q1,2344542034,170.42
PG,2025,Q2,2342371488,159.32
PG,2025,Q3,2336733549,153.65
PG,2025,Q4,2324000685,143.31
PG,2026,Q1,2328598978,144.44
PGC,2024,Q2,17677747,22.65
PGC,2024,Q3,17585306,27.41
PGC,2024,Q4,17596195,32.05
PGC,2025,Q1,17735944,28.4
PGC,2025,Q2,17648471,28.25
PGC,2025,Q3,17558019,27.6
PGC,2025,Q4,17570625,27.85
PGEN,2024,Q2,252763043,1.58
PGEN,2024,Q3,292869097,0.95
PGEN,2024,Q4,294042973,1.12
PGEN,2025,Q1,295180060,1.49
PGEN,2025,Q2,297972920,1.42
PGEN,2025,Q3,353824499,3.29
PGEN,2025,Q4,353928672,4.18
PGNY,2024,Q1,95220688,38.15
PGNY,2024,Q2,90276226,28.61
PGNY,2024,Q3,85153267,16.76
PGNY,2024,Q4,85413283,17.25
PGNY,2025,Q1,85718029,22.34
PGNY,2025,Q2,85982409,22.0
PGNY,2025,Q3,86211654,21.52
PGNY,2025,Q4,81902232,25.68
PGR,2024,Q1,585698387,206.82
PGR,2024,Q2,585666665,207.71
PGR,2024,Q3,585811503,253.76
PGR,2024,Q4,586207679,239.61
PGR,2025,Q1,586223643,283.01
PGR,2025,Q2,586208487,266.86
PGR,2025,Q3,586397236,246.95
PGR,2025,Q4,585906353,227.72
PGRE,2024,Q2,217455051,4.63
PGRE,2024,Q3,217518587,4.92
PGRE,2024,Q4,217527797,4.94
PGRE,2025,Q1,219225083,4.3
PGRE,2025,Q2,220392025,6.1
PGRE,2025,Q3,221897427,6.54
PGY,2024,Q1,58247909,10.1
PGY,2024,Q2,59162971,12.76
PGY,2024,Q3,61003320,10.57
PGY,2024,Q4,62646028,9.29
PGY,2025,Q1,63055282,10.48
PGY,2025,Q2,65319849,21.32
PGY,2025,Q3,69107363,29.69
PGY,2025,Q4,71237859,20.9
PH,2024,Q1,128540990,555.79
PH,2024,Q2,128595729,505.81
PH,2024,Q3,128720433,631.82
PH,2024,Q4,128764843,636.03
PH,2025,Q1,127778004,607.85
PH,2025,Q2,126682154,698.47
PH,2025,Q3,126186699,758.15
PH,2025,Q4,126216529,878.96
PHAT,2024,Q2,59593971,10.3
PHAT,2024,Q3,68377379,18.08
PHAT,2024,Q4,69636970,8.12
PHAT,2025,Q1,69814121,6.27
PHAT,2025,Q2,70943708,9.59
PHAT,2025,Q3,71138440,11.77
PHAT,2025,Q4,78798712,16.59
PHG,2025,Q4,962920132,27.08
PHGE,2025,Q3,29006165,0.52
PHGE,2025,Q4,1593703,
PHIN,2024,Q1,45682984,38.43
PHIN,2024,Q2,43677801,39.36
PHIN,2024,Q3,42058194,46.03
PHIN,2024,Q4,40813559,48.17
PHIN,2025,Q1,39804566,42.43
PHIN,2025,Q2,38904475,44.49
PHIN,2025,Q3,38442674,57.48
PHIN,2025,Q4,37915162,62.69
PHIO,2025,Q3,10764428,
PHIO,2025,Q4,11617250,1.05
PHLT,2024,Q2,77189652,2.9
PHLT,2024,Q3,78291364,3.74
PHLT,2024,Q4,78308640,3.02
PHLT,2025,Q1,78308640,2.96
PHLT,2025,Q2,78997024,4.0
PHM,2024,Q1,210342113,120.62
PHM,2024,Q2,207524033,110.1
PHM,2024,Q3,205082181,143.53
PHM,2024,Q4,202457952,108.9
PHM,2025,Q1,200427178,102.8
PHM,2025,Q2,197297574,105.46
PHM,2025,Q3,194916877,132.13
PHM,2025,Q4,192327885,117.26
PHM,2026,Q1,190486353,117.61
PHR,2024,Q2,57397904,21.2
PHR,2024,Q3,57773275,22.79
PHR,2024,Q4,58124082,25.16
PHR,2025,Q1,58772448,25.56
PHR,2025,Q2,59504269,28.46
PHR,2025,Q3,59914473,23.52
PHR,2025,Q4,60287003,16.92
PHR,2026,Q1,60763065,8.38
PHUN,2025,Q3,20187326,2.75
PHUN,2025,Q4,20190878,1.85
PI,2024,Q1,27712953,128.41
PI,2024,Q2,28116027,156.77
PI,2024,Q3,28288561,216.52
PI,2024,Q4,28538125,145.26
PI,2025,Q1,28978803,90.7
PI,2025,Q2,29089692,111.07
PI,2025,Q3,30109132,180.75
PI,2025,Q4,30231686,174.01
PII,2024,Q1,56513522,100.12
PII,2024,Q2,55748032,78.31
PII,2024,Q3,55770308,83.24
PII,2024,Q4,56099881,57.62
PII,2025,Q1,56197770,40.94
PII,2025,Q2,56224642,40.65
PII,2025,Q3,56248333,58.13
PII,2025,Q4,56690669,63.25
PII,2026,Q1,56886167,54.5
PIII,2024,Q1,119620285,1.03
PIII,2024,Q2,161762058,0.45
PIII,2024,Q3,162863298,0.39
PIII,2024,Q4,163159548,0.22
PIII,2025,Q1,163404650,0.16
PIII,2025,Q2,3268218,
PIII,2025,Q3,3286465,
PIII,2025,Q4,3294290,
PINC,2024,Q1,104820281,22.1
PINC,2024,Q2,100187927,18.67
PINC,2024,Q3,96108595,20.0
PINC,2024,Q4,91307397,21.2
PINC,2025,Q1,82342435,19.28
PINC,2025,Q2,82544385,21.93
PINC,2025,Q3,82684147,27.8
PINE,2025,Q3,14164662,14.17
PINE,2025,Q4,15088574,16.72
PINE,2026,Q1,16524709,
PINS,2024,Q1,599347750,34.67
PINS,2024,Q2,603566773,44.07
PINS,2024,Q3,593243901,32.37
PINS,2024,Q4,595091038,29.0
PINS,2025,Q1,594233850,31.0
PINS,2025,Q2,599264132,35.86
PINS,2025,Q3,595837793,32.17
PINS,2025,Q4,585458698,25.89
PIPR,2024,Q1,17699038,198.49
PIPR,2024,Q2,17697079,230.17
PIPR,2024,Q3,17779518,283.81
PIPR,2024,Q4,17730430,299.95
PIPR,2025,Q1,17756738,247.66
PIPR,2025,Q2,17690540,277.94
PIPR,2025,Q3,17689597,346.99
PIPR,2025,Q4,17822435,339.71
PJT,2024,Q1,23985363,94.26
PJT,2024,Q2,23794120,107.91
PJT,2024,Q3,23701945,133.34
PJT,2024,Q4,23297894,157.81
PJT,2025,Q1,24430628,137.88
PJT,2025,Q2,24304975,165.01
PJT,2025,Q3,24307171,177.73
PJT,2025,Q4,24174370,167.2
PK,2024,Q1,210597557,17.49
PK,2024,Q2,208917256,14.98
PK,2024,Q3,206404619,14.1
PK,2024,Q4,202044929,14.07
PK,2025,Q1,199892323,10.68
PK,2025,Q2,199913496,10.23
PK,2025,Q3,199898278,11.08
PK,2025,Q4,201398439,10.46
PKBK,2025,Q3,11595553,21.55
PKBK,2025,Q4,11842596,25.04
PKE,2023,Q4,20253361,14.7
PKE,2024,Q2,20253361,13.68
PKE,2024,Q3,19961792,13.03
PKE,2024,Q4,19925243,14.65
PKE,2025,Q1,19850713,13.45
PKE,2025,Q2,19855838,14.77
PKE,2025,Q3,19905823,20.34
PKE,2025,Q4,19925798,21.34
PKG,2024,Q1,89797979000,189.78
PKG,2024,Q2,89811810,182.56
PKG,2024,Q3,89804942,215.4
PKG,2024,Q4,89801225,225.13
PKG,2025,Q1,89980004,198.02
PKG,2025,Q2,89978783,188.45
PKG,2025,Q3,89977067,217.93
PKG,2025,Q4,89213394000,206.23
PKOH,2025,Q3,14404207,21.24
PKOH,2025,Q4,14399130,20.94
PKST,2024,Q2,36375743,10.6
PKST,2024,Q3,36382251,13.63
PKST,2024,Q4,36755389,11.07
PKST,2025,Q1,36772845,12.6
PKST,2025,Q2,36790867,13.21
PKST,2025,Q3,36790867,13.12
PKST,2025,Q4,37180295,14.35
PKX,2024,Q3,303840000,69.99
PKX,2024,Q4,302483008,43.36
PKX,2025,Q1,302483008,47.53
PKX,2025,Q3,303510000,49.21
PKX,2025,Q4,302661088,53.21
PL,2024,Q2,269614188,1.86
PL,2024,Q3,272318817,2.23
PL,2024,Q4,275551243,4.04
PL,2025,Q1,281093438,3.38
PL,2025,Q2,282273344,6.1
PL,2025,Q3,286765417,12.98
PL,2025,Q4,292507135,19.72
PL,2026,Q1,322655231,27.95
PLAB,2024,Q1,63353714,28.32
PLAB,2024,Q2,63356950,24.67
PLAB,2024,Q3,63353762,24.76
PLAB,2024,Q4,63335388,23.56
PLAB,2025,Q1,63561709,20.76
PLAB,2025,Q2,60150512,18.83
PLAB,2025,Q3,59004625,22.95
PLAB,2025,Q4,59064641,32.0
PLAB,2026,Q1,58966394,40.41
PLAG,2025,Q3,9382714,
PLAG,2025,Q4,14232714,
PLAY,2023,Q4,62720000,53.85
PLAY,2024,Q2,63150000,39.81
PLAY,2024,Q3,63150000,34.05
PLAY,2024,Q4,63160000,29.19
PLAY,2025,Q1,63160000,17.57
PLAY,2025,Q2,34576047,30.08
PLAY,2025,Q3,34666565,18.16
PLAY,2025,Q4,34680265,16.21
PLAY,2026,Q1,34739405,
PLBC,2025,Q3,6955514,43.14
PLBC,2025,Q4,6978988,44.69
PLBY,2025,Q3,107757372,1.47
PLBY,2025,Q4,114859723,1.88
PLCE,2025,Q1,22036982,8.74
PLCE,2025,Q4,22167889,3.98
PLCE,2026,Q1,22211880,
PLD,2024,Q1,925844000,130.22
PLD,2024,Q2,925911000,112.31
PLD,2024,Q3,926175000,126.28
PLD,2024,Q4,926860000,105.7
PLD,2025,Q1,927926000,111.79
PLD,2025,Q2,928063000,105.12
PLD,2025,Q3,928867000,114.52
PLD,2025,Q4,929559000,127.66
PLL,2024,Q1,19369394,13.32
PLL,2024,Q2,19371416,9.98
PLL,2024,Q3,19437632,8.93
PLL,2024,Q4,21943521,8.74
PLL,2025,Q1,21946069,6.3
PLL,2025,Q2,21946069,5.82
PLMK,2024,Q4,18492875,
PLMK,2025,Q1,18492875,10.04
PLMK,2025,Q3,24240000,10.32
PLMKU,2025,Q3,18492875,
PLMKU,2025,Q4,18492875,
PLMR,2024,Q2,25010856,81.15
PLMR,2024,Q3,26465867,94.67
PLMR,2024,Q4,26677622,105.59
PLMR,2025,Q1,26742141,137.08
PLMR,2025,Q2,26783465,154.25
PLMR,2025,Q3,26501692,116.75
PLMR,2025,Q4,26689745,134.76
PLNT,2024,Q1,87528804,62.63
PLNT,2024,Q2,84578839,73.59
PLNT,2024,Q3,84180623,81.22
PLNT,2024,Q4,84330138,98.87
PLNT,2025,Q1,83851176,96.61
PLNT,2025,Q2,83917428,109.05
PLNT,2025,Q3,82983165,103.8
PLNT,2025,Q4,79697889,108.47
PLOW,2024,Q2,23094047,23.4
PLOW,2024,Q3,23094047,27.58
PLOW,2024,Q4,23094047,23.63
PLOW,2025,Q1,23209426,23.23
PLOW,2025,Q2,23040878,29.47
PLOW,2025,Q3,23040878,31.26
PLOW,2025,Q4,23084814,32.65
PLPC,2025,Q3,4901871,196.15
PLPC,2025,Q4,4896855,206.71
PLRX,2024,Q2,60801425,10.75
PLRX,2024,Q3,60853623,11.21
PLRX,2024,Q4,61236291,13.17
PLRX,2025,Q1,61386278,1.35
PLRX,2025,Q2,61388154,1.16
PLRX,2025,Q3,61449385,1.48
PLRX,2025,Q4,61914664,1.22
PLRZ,2025,Q4,1608266,
PLSE,2025,Q3,67767578,17.7
PLSE,2025,Q4,67989078,13.73
PLTK,2024,Q1,371128120,7.05
PLTK,2024,Q2,371978224,7.87
PLTK,2024,Q3,372713159,7.92
PLTK,2024,Q4,375320819,6.94
PLTK,2025,Q1,375216675,5.17
PLTK,2025,Q2,375796974,4.73
PLTK,2025,Q3,376055827,3.89
PLTK,2025,Q4,379334306,3.95
PLTR,2024,Q1,2130337481,23.01
PLTR,2024,Q2,2142323448,25.33
PLTR,2024,Q3,2180654456,37.2
PLTR,2024,Q4,2248950826,75.63
PLTR,2025,Q1,2262906259,84.4
PLTR,2025,Q2,2274261581,136.32
PLTR,2025,Q3,2284334012,182.42
PLTR,2025,Q4,2291470751,177.75
PLUG,2024,Q1,742559081,3.44
PLUG,2024,Q2,879636025,2.33
PLUG,2024,Q3,911196936,2.26
PLUG,2024,Q4,925178088,2.13
PLUG,2025,Q1,1078344508,1.35
PLUG,2025,Q2,1154840742,1.49
PLUG,2025,Q3,1391427242,2.33
PLUG,2025,Q4,1393955129,1.97
PLUR,2025,Q2,8155948,
PLUR,2025,Q4,10050743,
PLUS,2023,Q4,26954906,79.84
PLUS,2024,Q1,26951935,78.54
PLUS,2024,Q2,26865929,73.68
PLUS,2024,Q3,26802972,98.34
PLUS,2024,Q4,26616420,73.88
PLUS,2025,Q1,26526783,61.03
PLUS,2025,Q2,26625574,72.1
PLUS,2025,Q3,26438876,71.01
PLUS,2025,Q4,26392561,87.7
PLX,2025,Q3,80421181,2.22
PLX,2025,Q4,80571642,1.8
PLXS,2024,Q1,27387783,94.82
PLXS,2024,Q2,27226184,103.18
PLXS,2024,Q3,27092389,136.71
PLXS,2024,Q4,27040158,156.48
PLXS,2025,Q1,27089961,128.13
PLXS,2025,Q2,26986726,135.31
PLXS,2025,Q3,26774415,144.69
PLXS,2025,Q4,26774417,147.0
PLXS,2026,Q1,26786466,202.54
PLYA,2024,Q1,135040042,9.7
PLYA,2024,Q2,130960095,8.39
PLYA,2024,Q3,124554587,7.75
PLYA,2024,Q4,121554617,12.65
PLYA,2025,Q1,122988198,
PLYM,2024,Q1,45382076,22.5
PLYM,2024,Q2,45396286,21.38
PLYM,2024,Q3,45389186,22.6
PLYM,2024,Q4,45550898,17.8
PLYM,2025,Q1,45547898,16.3
PLYM,2025,Q2,44553789,16.06
PLYM,2025,Q3,44551164,22.33
PM,2024,Q1,1554556966,91.62
PM,2024,Q2,1554801534,101.33
PM,2024,Q3,1554833410,121.4
PM,2024,Q4,1554857221,120.35
PM,2025,Q1,1556517182,158.73
PM,2025,Q2,1556589337,182.13
PM,2025,Q3,1556638749,162.2
PM,2025,Q4,1556679579,160.4
PM,2026,Q1,1558558846,165.34
PMCB,2025,Q2,6795779,1.09
PMCB,2025,Q4,10134160,0.72
PMCB,2026,Q1,10735649,
PMN,2025,Q3,53811110,0.43
PMN,2025,Q4,8967693,
PMNT,2025,Q1,31083694,
PMNT,2025,Q4,46871000,
PMT,2024,Q1,86845447,14.68
PMT,2024,Q2,86860960,13.75
PMT,2024,Q3,86860960,14.26
PMT,2024,Q4,86860960,12.59
PMT,2025,Q1,87010608,14.65
PMT,2025,Q2,87016604,12.86
PMT,2025,Q3,87016604,12.26
PMT,2025,Q4,87016604,12.55
PMTRU,2025,Q3,24788000,10.29
PMTRU,2025,Q4,24788000,10.6
PMTS,2025,Q3,11387538,15.14
PMTS,2025,Q4,11460436,14.68
PMVP,2024,Q2,51519751,1.62
PMVP,2024,Q3,51747130,1.49
PMVP,2024,Q4,51933604,1.51
PMVP,2025,Q1,51952680,1.09
PMVP,2025,Q2,52990864,1.06
PMVP,2025,Q3,53211507,1.4
PMVP,2025,Q4,53329392,1.25
PNBK,2025,Q3,114991017,1.3
PNBK,2025,Q4,117085713,1.82
PNC,2024,Q1,397907180,161.6
PNC,2024,Q2,397496265,155.48
PNC,2024,Q3,396783428,184.85
PNC,2024,Q4,395749583,192.85
PNC,2025,Q1,395567009,175.77
PNC,2025,Q2,393807382,186.42
PNC,2025,Q3,392158451,200.93
PNC,2025,Q4,403370923,208.73
PNFP,2024,Q1,77221891,85.88
PNFP,2024,Q2,77235869,80.04
PNFP,2024,Q3,77245150,97.97
PNFP,2024,Q4,77366731,114.39
PNFP,2025,Q1,77556096,106.04
PNFP,2025,Q2,77563948,110.41
PNFP,2025,Q3,77575457,93.79
PNNT,2024,Q1,65224500,6.88
PNNT,2024,Q2,65296094,7.55
PNNT,2024,Q3,65296094,6.99
PNNT,2024,Q4,65296094,7.08
PNNT,2025,Q1,65296094,7.03
PNNT,2025,Q2,65296094,6.84
PNNT,2025,Q3,65296094,6.71
PNNT,2025,Q4,65296094,5.96
PNR,2024,Q1,166024623,85.44
PNR,2024,Q2,165497736,76.67
PNR,2024,Q3,165231158,97.79
PNR,2024,Q4,164817183,100.64
PNR,2025,Q1,164526997,87.48
PNR,2025,Q2,163931255,102.66
PNR,2025,Q3,163641880,110.76
PNR,2025,Q4,163235706,104.14
PNR,2026,Q1,161605541,87.11
PNRG,2025,Q3,1635000,167.03
PNRG,2025,Q4,1632500,171.0
PNTG,2024,Q2,30206741,23.19
PNTG,2024,Q3,34348369,35.7
PNTG,2024,Q4,34429989,26.52
PNTG,2025,Q1,34468981,25.15
PNTG,2025,Q2,34561986,29.85
PNTG,2025,Q3,34593720,25.22
PNTG,2025,Q4,34663118,28.15
PNW,2024,Q1,113558885,74.73
PNW,2024,Q2,113611506,76.38
PNW,2024,Q3,113699820,88.59
PNW,2024,Q4,119099064,84.77
PNW,2025,Q1,119399009,95.25
PNW,2025,Q2,119427244,89.47
PNW,2025,Q3,119690399,89.66
PNW,2025,Q4,120905390,88.7
POAI,2025,Q3,3393516,
POAI,2025,Q4,5539267,
POCI,2025,Q2,7714701,
POCI,2025,Q4,7720229,4.19
PODC,2025,Q1,26316972,
PODC,2025,Q4,27160115,
PODD,2024,Q1,70039511,171.4
PODD,2024,Q2,70115482,201.8
PODD,2024,Q3,70144775,232.75
PODD,2024,Q4,70226104,261.07
PODD,2025,Q1,70374923,262.61
PODD,2025,Q2,70392535,314.18
PODD,2025,Q3,70346898,308.73
PODD,2025,Q4,70395848,284.24
POET,2025,Q4,132290739,6.33
POLA,2025,Q3,2658676,
POLA,2025,Q4,2677659,
POLE,2024,Q3,23760000,
POLE,2024,Q4,23760000,9.99
POLE,2025,Q1,23760000,10.13
POLE,2025,Q3,29510000,10.46
POLEU,2025,Q3,23760000,
POLEU,2025,Q4,23760000,
POOL,2024,Q1,38328780,403.5
POOL,2024,Q2,38257928,307.33
POOL,2024,Q3,38055527,376.8
POOL,2024,Q4,37630465,340.94
POOL,2025,Q1,37594914,318.35
POOL,2025,Q2,37318008,291.48
POOL,2025,Q3,37249484,310.07
POOL,2025,Q4,36787820,228.75
POOL,2026,Q1,36443003,202.33
POR,2024,Q1,103031278,42.0
POR,2024,Q2,103066683,43.24
POR,2024,Q3,105455590,47.9
POR,2024,Q4,109347586,43.62
POR,2025,Q1,109514333,44.6
POR,2025,Q2,109562368,40.63
POR,2025,Q3,112488952,44.0
POR,2025,Q4,115561705,47.99
POST,2024,Q1,60585877,106.28
POST,2024,Q2,58427526,104.16
POST,2024,Q3,58453277,115.75
POST,2024,Q4,56481848,114.46
POST,2025,Q1,55718597,116.36
POST,2025,Q2,54320124,109.03
POST,2025,Q3,52154798,107.48
POST,2025,Q4,47956718,99.05
POWI,2024,Q1,56763897,71.55
POWI,2024,Q2,56829496,70.19
POWI,2024,Q3,56864621,64.12
POWI,2024,Q4,56933000,61.7
POWI,2025,Q1,56290323,50.5
POWI,2025,Q2,56095582,55.9
POWI,2025,Q3,55336162,40.21
POWI,2025,Q4,55504000,35.54
POWL,2024,Q1,11987838,142.3
POWL,2024,Q2,11987838,143.4
POWL,2024,Q3,12018448,221.99
POWL,2024,Q4,12064723,221.65
POWL,2025,Q3,12092083,304.81
POWL,2025,Q4,12142283,318.78
POWW,2023,Q4,118660984,2.1
POWW,2024,Q1,119181067,2.75
POWW,2024,Q2,118756733,1.68
POWW,2024,Q3,116203091,1.43
POWW,2024,Q4,116507843,1.1
POWW,2025,Q1,116814159,1.38
POWW,2025,Q4,117288722,1.71
PPBI,2024,Q1,96431504,24.0
PPBI,2024,Q2,96424809,22.97
PPBI,2024,Q3,96440625,25.16
PPBI,2024,Q4,96437779,24.92
PPBI,2025,Q1,97058541,21.32
PPBI,2025,Q2,96991440,21.09
PPBT,2025,Q4,1858911801,0.66
PPC,2024,Q1,262084000,34.32
PPC,2024,Q2,262084000,38.49
PPC,2024,Q3,262263000,46.05
PPC,2024,Q4,262263000,45.39
PPC,2025,Q1,262521000,54.51
PPC,2025,Q2,237547447,44.98
PPC,2025,Q3,237547447,40.72
PPC,2025,Q4,237547447,38.99
PPG,2024,Q1,234500000,144.9
PPG,2024,Q2,233300000,125.89
PPG,2024,Q3,233300000,132.46
PPG,2024,Q4,226953559,119.45
PPG,2025,Q1,226975008,109.35
PPG,2025,Q2,225700000,113.75
PPG,2025,Q3,224400000,105.11
PPG,2025,Q4,223494714,102.46
PPIH,2025,Q1,7982568,12.43
PPIH,2025,Q4,8094045,30.36
PPIH,2026,Q1,8123273,
PPL,2024,Q1,737740859,27.53
PPL,2024,Q2,737773304,27.65
PPL,2024,Q3,737970005,33.08
PPL,2024,Q4,738294081,32.46
PPL,2025,Q1,738294016,36.11
PPL,2025,Q2,739515243,33.89
PPL,2025,Q3,739739177,37.16
PPL,2025,Q4,751306792,35.02
PPSI,2025,Q3,11095266,4.32
PPSI,2025,Q4,11095266,
PPTA,2024,Q2,64595447,5.2
PPTA,2024,Q3,66726710,9.35
PPTA,2024,Q4,71254636,10.67
PPTA,2025,Q1,71543442,10.69
PPTA,2025,Q2,107569862,12.14
PPTA,2025,Q3,121872682,20.23
PPTA,2025,Q4,124949691,24.21
PR,2024,Q1,769949894,17.66
PR,2024,Q2,802536888,16.15
PR,2024,Q3,803364251,13.61
PR,2024,Q4,703899117,14.38
PR,2025,Q1,799869518,13.85
PR,2025,Q2,701276121,13.62
PR,2025,Q3,744064408,12.8
PR,2025,Q4,812013436,14.03
PRA,2024,Q2,51156383,12.22
PRA,2024,Q3,51156303,15.04
PRA,2024,Q4,51156821,15.91
PRA,2025,Q1,51292333,23.35
PRA,2025,Q2,51413643,22.83
PRA,2025,Q3,51413643,23.99
PRA,2025,Q4,51413643,24.16
PRAA,2024,Q2,39417253,19.66
PRAA,2024,Q3,39426698,22.36
PRAA,2024,Q4,39509560,20.89
PRAA,2025,Q1,39658699,20.62
PRAA,2025,Q2,39073697,14.75
PRAA,2025,Q3,39015442,15.44
PRAA,2025,Q4,38453344,17.69
PRAX,2024,Q2,17757069,41.36
PRAX,2024,Q3,18637777,57.54
PRAX,2024,Q4,20163250,76.96
PRAX,2025,Q1,20368982,37.87
PRAX,2025,Q2,21045781,42.05
PRAX,2025,Q3,25007171,53.0
PRAX,2025,Q4,27850833,294.74
PRCH,2024,Q1,99186767,4.31
PRCH,2024,Q2,118772251,1.51
PRCH,2024,Q3,119543583,1.53
PRCH,2024,Q4,120063981,4.92
PRCH,2025,Q1,121537469,7.29
PRCH,2025,Q2,122581095,11.79
PRCH,2025,Q3,123683561,16.78
PRCH,2025,Q4,124461898,9.13
PRCH,2026,Q1,127715478,
PRCT,2024,Q1,51424151,49.42
PRCT,2024,Q2,51932262,61.09
PRCT,2024,Q3,52183184,80.12
PRCT,2024,Q4,54818700,80.52
PRCT,2025,Q1,55328668,58.26
PRCT,2025,Q2,55635941,57.6
PRCT,2025,Q3,55878589,35.69
PRCT,2025,Q4,56390196,31.46
PRDO,2024,Q2,65673430,21.42
PRDO,2024,Q3,65716357,22.24
PRDO,2024,Q4,65914275,26.47
PRDO,2025,Q1,65536259,25.18
PRDO,2025,Q2,64953379,32.69
PRDO,2025,Q3,64322476,37.66
PRDO,2025,Q4,62478373,29.33
PRG,2024,Q1,82079000,34.44
PRG,2024,Q2,82079000,34.68
PRG,2024,Q3,82079000,48.49
PRG,2024,Q4,82079000,42.26
PRG,2025,Q1,82079000,26.6
PRG,2025,Q2,39543750,29.35
PRG,2025,Q3,39545593,32.36
PRG,2025,Q4,39575810,29.49
PRGO,2024,Q1,136320433,32.19
PRGO,2024,Q2,136415418,25.68
PRGO,2024,Q3,136427804,26.23
PRGO,2024,Q4,136458620,25.71
PRGO,2025,Q1,137477306,28.04
PRGO,2025,Q2,137582814,26.72
PRGO,2025,Q3,137624009,22.27
PRGO,2025,Q4,137649352,13.92
PRGS,2024,Q1,43218086,53.31
PRGS,2024,Q2,42776452,54.26
PRGS,2024,Q3,42905025,67.37
PRGS,2024,Q4,43369671,65.15
PRGS,2025,Q1,43025995,51.51
PRGS,2025,Q2,43108347,63.84
PRGS,2025,Q3,42907573,43.93
PRGS,2025,Q4,42113648,42.96
PRGS,2026,Q1,42078610,25.65
PRI,2024,Q1,34411172,252.96
PRI,2024,Q2,33827541,236.58
PRI,2024,Q3,33371400,265.15
PRI,2024,Q4,33250713,271.42
PRI,2025,Q1,32859086,284.53
PRI,2025,Q2,32391333,273.67
PRI,2025,Q3,31916058,277.59
PRI,2025,Q4,31659906,258.36
PRIM,2024,Q1,53640127,42.57
PRIM,2024,Q2,53672740,49.89
PRIM,2024,Q3,53713084,58.08
PRIM,2024,Q4,53747628,76.4
PRIM,2025,Q1,54001988,57.41
PRIM,2025,Q2,54012786,77.94
PRIM,2025,Q3,54032351,137.33
PRIM,2025,Q4,54056502,124.14
PRK,2024,Q3,16158982,167.98
PRK,2025,Q3,16078262,162.53
PRK,2025,Q4,18066393,152.18
PRKS,2024,Q2,57951580,54.31
PRKS,2024,Q3,55003510,50.6
PRKS,2024,Q4,55029034,56.19
PRKS,2025,Q1,54974409,45.46
PRKS,2025,Q2,55013897,47.15
PRKS,2025,Q3,54550611,51.7
PRKS,2025,Q4,48626293,36.3
PRLB,2024,Q1,25316070,35.75
PRLB,2024,Q2,25147616,30.89
PRLB,2024,Q3,24510076,29.37
PRLB,2024,Q4,24233196,39.09
PRLB,2025,Q1,23770640,35.04
PRLB,2025,Q2,23874757,40.04
PRLB,2025,Q3,23678745,50.03
PRLB,2025,Q4,23775160,50.59
PRLD,2024,Q2,55024470,3.81
PRLD,2024,Q3,55035170,2.07
PRLD,2024,Q4,55154634,1.27
PRLD,2025,Q1,56460481,0.77
PRLD,2025,Q2,56600345,0.81
PRLD,2025,Q3,62865270,1.44
PRLD,2025,Q4,63002248,2.9
PRM,2024,Q2,145221178,7.83
PRM,2024,Q3,146227972,13.45
PRM,2024,Q4,149664037,12.78
PRM,2025,Q1,147728765,10.07
PRM,2025,Q2,146452138,13.92
PRM,2025,Q3,147923716,22.39
PRM,2025,Q4,149440060,27.53
PRMB,2024,Q3,314797024,25.25
PRMB,2024,Q4,380115732,30.77
PRMB,2025,Q1,376422929,35.49
PRMB,2025,Q2,373337220,29.62
PRMB,2025,Q3,370616043,22.1
PRMB,2025,Q4,363940940,16.35
PRME,2024,Q2,120030813,5.14
PRME,2024,Q3,131160842,3.87
PRME,2024,Q4,131160842,2.92
PRME,2025,Q1,131294454,1.99
PRME,2025,Q2,134573998,2.47
PRME,2025,Q3,180510658,5.54
PRME,2025,Q4,180552179,3.47
PRO,2024,Q1,47004361,36.33
PRO,2024,Q2,47206310,28.65
PRO,2024,Q3,47305965,18.52
PRO,2024,Q4,47567581,21.96
PRO,2025,Q1,47852469,19.03
PRO,2025,Q2,48106454,15.66
PRO,2025,Q3,48297780,22.91
PROF,2025,Q3,30193592,4.89
PROF,2025,Q4,36293640,7.87
PROK,2024,Q2,126051383,2.46
PROK,2024,Q3,127968243,1.92
PROK,2024,Q4,129536121,1.69
PROK,2025,Q1,129536121,0.88
PROK,2025,Q2,134993530,0.59
PROK,2025,Q3,141545448,2.42
PROK,2025,Q4,141942905,2.24
PROP,2025,Q3,59646610,1.98
PROP,2025,Q4,76574223,1.69
PROV,2025,Q2,6577038,15.5
PROV,2025,Q4,6375020,15.91
PRPH,2025,Q3,46179017,0.46
PRPL,2024,Q1,107480396,1.74
PRPL,2024,Q2,107502899,1.04
PRPL,2024,Q3,107518566,0.99
PRPL,2024,Q4,107545493,0.78
PRPL,2025,Q1,108221494,0.76
PRPL,2025,Q2,108243946,0.73
PRPL,2025,Q3,108245876,0.93
PRPL,2025,Q4,108633907,0.69
PRPL,2026,Q1,108825636,
PRPO,2025,Q3,1752007,
PRPO,2025,Q4,1783682,
PRQR,2025,Q4,105361064,2.02
PRSO,2025,Q3,8924662,1.25
PRSO,2025,Q4,12572499,
PRSU,2024,Q2,21164473,34.0
PRSU,2024,Q3,21201906,35.83
PRSU,2024,Q4,28149602,42.51
PRSU,2025,Q1,28255866,35.39
PRSU,2025,Q2,28274671,28.83
PRSU,2025,Q3,28283264,36.18
PRSU,2025,Q4,28019423,33.68
PRTA,2024,Q2,53780345,20.64
PRTA,2024,Q3,53808732,16.73
PRTA,2024,Q4,53826982,13.85
PRTA,2025,Q1,53826982,12.38
PRTA,2025,Q2,53829982,6.07
PRTA,2025,Q3,53829982,9.76
PRTA,2025,Q4,53832982,9.55
PRTH,2025,Q3,81871568,6.87
PRTH,2025,Q4,82285361,5.45
PRTS,2024,Q1,56697911,1.62
PRTS,2024,Q2,57289985,1.0
PRTS,2024,Q3,57399643,0.91
PRTS,2024,Q4,58295060,1.08
PRTS,2025,Q1,58478458,1.0
PRTS,2025,Q2,58963297,0.74
PRTS,2025,Q3,69663752,0.71
PRTS,2026,Q1,70477662,
PRU,2024,Q1,359000000,117.4
PRU,2024,Q2,357000000,117.19
PRU,2024,Q3,356000000,121.1
PRU,2024,Q4,354000000,118.53
PRU,2025,Q1,354000000,111.68
PRU,2025,Q2,352000000,107.44
PRU,2025,Q3,350000000,103.74
PRU,2025,Q4,348000000,112.88
PRVA,2024,Q1,119317806,19.59
PRVA,2024,Q2,119564972,17.38
PRVA,2024,Q3,120001355,18.21
PRVA,2024,Q4,120513183,19.55
PRVA,2025,Q1,121919510,22.45
PRVA,2025,Q2,122729925,23.0
PRVA,2025,Q3,123001529,24.9
PRVA,2025,Q4,123688289,23.71
PRZO,2025,Q4,19666030,
PSA,2024,Q1,175724665,290.06
PSA,2024,Q2,175018425,287.65
PSA,2024,Q3,175108651,363.87
PSA,2024,Q4,175415530,299.44
PSA,2025,Q1,175431344,299.29
PSA,2025,Q2,175452848,293.42
PSA,2025,Q3,175463014,288.85
PSA,2025,Q4,175506447,259.5
PSA,2026,Q1,175545748,270.88
PSBD,2025,Q3,31599372,12.27
PSBD,2025,Q4,31199167,12.19
PSEC,2024,Q1,416150886,5.52
PSEC,2024,Q2,424846963,5.53
PSEC,2024,Q3,433560728,5.35
PSEC,2024,Q4,438851578,4.31
PSEC,2025,Q1,447344378,4.1
PSEC,2025,Q2,462343452,3.18
PSEC,2025,Q3,470910990,2.75
PSEC,2025,Q4,482489809,2.59
PSFE,2024,Q3,60714500,22.43
PSFE,2024,Q4,60773000,17.1
PSFE,2025,Q1,59888300,15.69
PSFE,2025,Q3,59890000,12.92
PSFE,2025,Q4,51676354,8.09
PSIX,2025,Q3,23040930,98.22
PSIX,2025,Q4,23050450,57.14
PSMT,2024,Q1,32579000,84.0
PSMT,2024,Q2,32563000,81.2
PSMT,2024,Q3,32571000,91.78
PSMT,2024,Q4,32634000,92.17
PSMT,2025,Q1,32690000,87.85
PSMT,2025,Q2,30753891,105.04
PSMT,2025,Q3,30888771,121.19
PSMT,2025,Q4,30815417,122.67
PSMT,2026,Q1,30895879,150.5
PSN,2024,Q1,146747745,82.95
PSN,2024,Q2,106185132,81.81
PSN,2024,Q3,106189949,103.68
PSN,2024,Q4,106777126,92.25
PSN,2025,Q1,106874985,59.21
PSN,2025,Q2,106793835,71.77
PSN,2025,Q3,106488582,82.92
PSN,2025,Q4,105831019,61.8
PSNL,2024,Q1,51938839,1.49
PSNL,2024,Q2,53074698,1.17
PSNL,2024,Q3,70648084,5.38
PSNL,2024,Q4,88263269,5.78
PSNL,2025,Q1,88325138,3.51
PSNL,2025,Q2,88677062,6.56
PSNL,2025,Q3,88804348,6.52
PSNL,2025,Q4,104631832,7.96
PSO,2025,Q4,635814880,14.04
PSQH,2025,Q3,43025227,1.91
PSQH,2025,Q4,46492639,1.03
PSTG,2023,Q4,315972820,35.66
PSTG,2024,Q1,319523000,51.99
PSTG,2024,Q2,325234458,64.21
PSTG,2024,Q3,327691894,50.24
PSTG,2024,Q4,326236972,61.43
PSTG,2025,Q1,326022514,44.27
PSTG,2025,Q2,326831678,57.58
PSTG,2025,Q3,328636590,83.81
PSTG,2025,Q4,330171649,67.01
PSTG,2026,Q1,330353000,59.04
PSTL,2024,Q2,23033326,13.33
PSTL,2024,Q3,23453364,14.64
PSTL,2024,Q4,23556545,13.05
PSTL,2025,Q1,23805545,14.28
PSTL,2025,Q2,24237197,14.73
PSTL,2025,Q3,25919415,15.69
PSTL,2025,Q4,26849381,16.14
PSTV,2025,Q3,137429055,0.68
PSTV,2025,Q4,171550698,0.51
PSX,2024,Q1,423952135,163.34
PSX,2024,Q2,418569183,141.17
PSX,2024,Q3,412989227,131.45
PSX,2024,Q4,407698347,113.93
PSX,2025,Q1,407581886,123.48
PSX,2025,Q2,404124265,119.3
PSX,2025,Q3,402921135,136.02
PSX,2025,Q4,400744022,129.04
PTC,2024,Q1,119744260,188.94
PTC,2024,Q2,120135231,181.67
PTC,2024,Q3,120129080,180.66
PTC,2024,Q4,120323542,183.87
PTC,2025,Q1,119947852,154.95
PTC,2025,Q2,119792704,172.34
PTC,2025,Q3,119925951,203.02
PTC,2025,Q4,118996116,174.21
PTCT,2024,Q1,76696785,29.09
PTCT,2024,Q2,76924170,30.58
PTCT,2024,Q3,77125143,37.1
PTCT,2024,Q4,78869368,45.14
PTCT,2025,Q1,79257019,50.96
PTCT,2025,Q2,79438094,48.84
PTCT,2025,Q3,80288305,61.37
PTCT,2025,Q4,82774730,75.96
PTEN,2024,Q1,401701388,11.94
PTEN,2024,Q2,393049805,10.36
PTEN,2024,Q3,389956453,7.65
PTEN,2024,Q4,386390297,8.26
PTEN,2025,Q1,385987026,8.22
PTEN,2025,Q2,385167502,5.93
PTEN,2025,Q3,379242024,5.18
PTEN,2025,Q4,379575200,6.11
PTEN,2026,Q1,379617653,10.83
PTGX,2024,Q1,58652133,28.93
PTGX,2024,Q2,58904585,34.65
PTGX,2024,Q3,59598018,45.0
PTGX,2024,Q4,61384289,38.6
PTGX,2025,Q1,61981955,48.36
PTGX,2025,Q2,62211318,55.27
PTGX,2025,Q3,62515666,66.43
PTGX,2025,Q4,63808716,87.34
PTHL,2025,Q4,6582000,
PTHS,2025,Q3,3061681,
PTHS,2025,Q4,3355543,
PTIX,2025,Q3,1934878,
PTIX,2025,Q4,1810208,
PTLO,2024,Q1,61612096,14.18
PTLO,2024,Q2,61794622,9.72
PTLO,2024,Q3,62648420,13.47
PTLO,2024,Q4,63869727,9.4
PTLO,2025,Q1,64082529,11.89
PTLO,2025,Q2,71905580,11.67
PTLO,2025,Q3,71932314,6.45
PTLO,2025,Q4,72065650,4.54
PTMN,2025,Q3,13081251,11.53
PTMN,2025,Q4,12386519,11.83
PTN,2024,Q1,16136640,
PTN,2024,Q2,19548167,1.95
PTN,2024,Q3,19548167,0.89
PTN,2024,Q4,26005846,1.11
PTN,2025,Q1,46479861,
PTON,2024,Q1,352798288,4.29
PTON,2024,Q2,358277802,3.38
PTON,2024,Q3,363317581,4.68
PTON,2024,Q4,373898690,8.7
PTON,2025,Q1,382593779,6.32
PTON,2025,Q2,391926269,6.94
PTON,2025,Q3,401969748,9.0
PTON,2025,Q4,409652366,6.16
PUBM,2024,Q1,41452195,23.72
PUBM,2024,Q2,41220547,20.31
PUBM,2024,Q3,39474129,14.87
PUBM,2024,Q4,40324790,14.69
PUBM,2025,Q1,40265869,9.14
PUBM,2025,Q2,37459793,12.44
PUBM,2025,Q3,38151563,8.28
PUBM,2025,Q4,39142185,8.87
PUK,2025,Q4,2548213779,31.12
PULM,2025,Q3,3652285,
PULM,2025,Q4,3652285,
PUMP,2024,Q2,104162177,8.67
PUMP,2024,Q3,102929746,7.66
PUMP,2024,Q4,103168656,9.33
PUMP,2025,Q1,103909812,7.35
PUMP,2025,Q2,103967520,5.97
PUMP,2025,Q3,103982181,5.24
PUMP,2025,Q4,122024047,9.51
PVBC,2025,Q3,17782946,12.53
PVH,2024,Q1,57688908,140.61
PVH,2024,Q2,55857787,105.87
PVH,2024,Q3,55814098,100.83
PVH,2024,Q4,55633198,105.75
PVH,2025,Q1,52636943,64.64
PVH,2025,Q2,48073120,68.6
PVH,2025,Q3,48119782,83.77
PVH,2025,Q4,45802696,67.02
PVH,2026,Q1,45811528,69.76
PVLA,2025,Q3,11836490,62.69
PVLA,2025,Q4,14313659,104.67
PW,2025,Q3,3389661,
PW,2025,Q4,3672274,
PWP,2024,Q1,53410156,14.13
PWP,2024,Q2,52535701,16.25
PWP,2024,Q3,56979451,19.31
PWP,2024,Q4,59532352,23.84
PWP,2025,Q1,62192657,18.4
PWP,2025,Q2,62521774,19.42
PWP,2025,Q3,65350416,21.32
PWP,2025,Q4,69652088,17.3
PWR,2024,Q1,146388455,259.8
PWR,2024,Q2,147329779,254.09
PWR,2024,Q3,147611595,298.15
PWR,2024,Q4,148198321,316.05
PWR,2025,Q1,148198715,254.18
PWR,2025,Q2,149005943,378.08
PWR,2025,Q3,149115887,414.42
PWR,2025,Q4,149619428,422.06
PX,2024,Q2,53971647,8.48
PX,2024,Q3,54850578,10.71
PX,2024,Q4,74792964,12.61
PX,2025,Q1,77530125,11.75
PX,2025,Q2,77843007,10.22
PX,2025,Q3,78067335,10.88
PX,2025,Q4,78241277,9.81
PXLW,2024,Q2,58551684,0.98
PXLW,2024,Q3,58938408,0.71
PXLW,2024,Q4,60882480,0.73
PXLW,2025,Q1,62952586,0.63
PXLW,2025,Q2,5335317,6.99
PXLW,2025,Q3,6293545,10.96
PXLW,2025,Q4,6361258,6.36
PYPD,2025,Q4,18204002,
PYPL,2024,Q1,1046046041,66.99
PYPL,2024,Q2,1022333393,58.03
PYPL,2024,Q3,1002538828,78.03
PYPL,2024,Q4,989242452,85.35
PYPL,2025,Q1,972532829,65.25
PYPL,2025,Q2,955378405,74.32
PYPL,2025,Q3,935651953,67.06
PYPL,2025,Q4,920664542,58.38
PYXS,2024,Q2,58942243,3.31
PYXS,2024,Q3,59465729,3.67
PYXS,2024,Q4,61590415,1.56
PYXS,2025,Q1,61947665,0.98
PYXS,2025,Q2,62018135,1.1
PYXS,2025,Q3,62264215,2.22
PYXS,2025,Q4,62831246,1.15
PZG,2025,Q2,77567304,0.61
PZG,2025,Q4,83813242,1.26
PZZA,2024,Q1,32972325,66.6
PZZA,2024,Q2,32625886,46.98
PZZA,2024,Q3,32641623,53.87
PZZA,2024,Q4,32661038,41.07
PZZA,2025,Q1,32738435,41.08
PZZA,2025,Q2,32757942,48.94
PZZA,2025,Q3,32789416,48.15
PZZA,2025,Q4,32810752,38.49
QBTS,2024,Q1,161675010,
QBTS,2024,Q2,186073087,1.14
QBTS,2024,Q3,207963593,0.98
QBTS,2024,Q4,266595867,8.4
QBTS,2025,Q1,291351403,7.6
QBTS,2025,Q2,338605149,14.64
QBTS,2025,Q3,346718581,24.71
QBTS,2025,Q4,366737601,26.15
QCOM,2024,Q1,1116000000,169.3
QCOM,2024,Q2,1114000000,199.18
QCOM,2024,Q3,1111000000,170.05
QCOM,2024,Q4,1106000000,153.62
QCOM,2025,Q1,1098000000,153.61
QCOM,2025,Q2,1079000000,159.26
QCOM,2025,Q3,1071000000,166.36
QCOM,2025,Q4,1067000000,171.05
QCRH,2024,Q2,16841923,60.0
QCRH,2024,Q3,16868931,74.03
QCRH,2024,Q4,16901169,80.64
QCRH,2025,Q1,16931418,71.32
QCRH,2025,Q2,16941967,67.9
QCRH,2025,Q3,16838653,75.64
QCRH,2025,Q4,16730722,83.3
QD,2024,Q3,189404000,2.13
QD,2024,Q4,125913000,2.82
QD,2025,Q1,125913000,2.69
QD,2025,Q3,168690000,4.27
QDEL,2024,Q1,66971816,47.94
QDEL,2024,Q2,67235394,33.22
QDEL,2024,Q3,67256717,45.6
QDEL,2024,Q4,67446544,44.55
QDEL,2025,Q1,67625872,34.97
QDEL,2025,Q2,67900466,28.82
QDEL,2025,Q3,67931540,29.45
QDEL,2025,Q4,68081767,28.56
QETAU,2025,Q3,3747748,
QETAU,2025,Q4,2047045,
QFIN,2024,Q3,155254000,29.81
QFIN,2024,Q4,155254000,38.38
QFIN,2025,Q1,140315008,44.91
QFIN,2025,Q3,141990000,28.78
QFIN,2025,Q4,138105862,19.27
QGEN,2024,Q3,222244000,45.57
QGEN,2024,Q4,222256992,44.53
QGEN,2025,Q1,216115008,40.15
QGEN,2025,Q3,222290000,44.68
QGEN,2025,Q4,216920735,44.97
QIPT,2024,Q3,43091273,2.92
QIPT,2024,Q4,43091273,3.05
QIPT,2025,Q1,43443972,2.33
QIPT,2025,Q2,43443972,1.79
QIPT,2025,Q3,44027472,2.61
QIPT,2025,Q4,44464972,3.53
QLGN,2025,Q3,5160383,
QLGN,2025,Q4,20234993,
QLYS,2024,Q1,36939262,166.87
QLYS,2024,Q2,36811018,142.6
QLYS,2024,Q3,36590452,128.46
QLYS,2024,Q4,36477672,140.22
QLYS,2025,Q1,36326126,125.93
QLYS,2025,Q2,36095879,142.87
QLYS,2025,Q3,35858308,132.33
QLYS,2025,Q4,35675926,132.9
QMCO,2025,Q1,6962000,14.38
QMCO,2025,Q4,14638029,6.45
QNCX,2025,Q3,55681490,1.63
QNCX,2025,Q4,55725291,3.35
QNRX,2025,Q3,29364180,
QNRX,2025,Q4,63126930,14.43
QNST,2024,Q1,55276803,17.66
QNST,2024,Q2,55976094,16.59
QNST,2024,Q3,56262970,19.13
QNST,2024,Q4,56468600,23.07
QNST,2025,Q1,56951925,17.84
QNST,2025,Q2,57676080,16.1
QNST,2025,Q3,56751575,15.47
QNST,2025,Q4,56993939,14.37
QRHC,2025,Q3,20870094,1.56
QRHC,2025,Q4,20959751,1.86
QRVO,2023,Q4,96548458,112.61
QRVO,2024,Q1,95629095,114.83
QRVO,2024,Q2,94861346,116.04
QRVO,2024,Q3,94526698,103.3
QRVO,2024,Q4,93396832,69.93
QRVO,2025,Q1,93025179,72.41
QRVO,2025,Q2,92654264,84.91
QRVO,2025,Q3,92396921,91.08
QRVO,2025,Q4,92705679,84.51
QS,2024,Q1,444866620,6.29
QS,2024,Q2,451447940,4.92
QS,2024,Q3,457805591,5.75
QS,2024,Q4,503667649,5.19
QS,2025,Q1,515685016,4.16
QS,2025,Q2,522939205,6.72
QS,2025,Q3,562404592,12.32
QS,2025,Q4,575291274,10.42
QS,2026,Q1,578338434,6.38
QSEAU,2025,Q3,11409900,
QSEAU,2025,Q4,11409900,
QSEAU,2026,Q1,11409900,
QSI,2024,Q1,121878989,1.97
QSI,2024,Q2,122423802,1.05
QSI,2024,Q3,122775352,0.88
QSI,2024,Q4,163202105,2.7
QSI,2025,Q1,163560616,1.2
QSI,2025,Q2,182557698,1.96
QSI,2025,Q3,195552165,1.41
QSI,2025,Q4,196431273,1.1
QSR,2024,Q1,316382439,79.45
QSR,2024,Q2,317025113,70.37
QSR,2024,Q3,323707500,72.12
QSR,2024,Q4,324984645,65.18
QSR,2025,Q1,327643299,66.64
QSR,2025,Q2,126983115,66.29
QSR,2025,Q3,126983115,64.14
QSR,2025,Q4,109356045,68.23
QTRX,2024,Q2,38379033,13.21
QTRX,2024,Q3,38524326,12.96
QTRX,2024,Q4,38776208,10.63
QTRX,2025,Q1,38829386,6.51
QTRX,2025,Q2,46465915,6.65
QTRX,2025,Q3,46710797,5.43
QTRX,2025,Q4,46939975,6.36
QTTB,2024,Q1,11942129,
QTTB,2024,Q2,12059786,17.95
QTTB,2024,Q3,12180701,44.62
QTTB,2024,Q4,12197615,3.44
QTTB,2025,Q1,12197615,1.65
QTTB,2025,Q2,12197615,1.49
QTTB,2025,Q3,12304352,1.98
QTTB,2025,Q4,14629463,3.32
QTWO,2024,Q1,60099512,52.56
QTWO,2024,Q2,60283172,60.33
QTWO,2024,Q3,60401048,79.77
QTWO,2024,Q4,60727986,100.65
QTWO,2025,Q1,62303843,80.01
QTWO,2025,Q2,62442411,93.59
QTWO,2025,Q3,62530005,72.39
QTWO,2025,Q4,62404372,72.16
QUAD,2024,Q1,38676227,5.31
QUAD,2024,Q2,38899077,5.45
QUAD,2024,Q3,38856924,4.54
QUAD,2024,Q4,39085712,6.97
QUAD,2025,Q1,37350520,5.45
QUAD,2025,Q2,37211152,5.65
QUAD,2025,Q3,37619392,6.26
QUAD,2025,Q4,39001790,6.27
QUBT,2024,Q2,91345140,0.5
QUBT,2024,Q3,99086476,0.65
QUBT,2024,Q4,137244545,16.55
QUBT,2025,Q1,140903536,8.0
QUBT,2025,Q2,159883187,19.17
QUBT,2025,Q3,224123304,18.41
QUBT,2025,Q4,224538254,10.26
QUIK,2025,Q3,17090253,6.06
QUIK,2025,Q4,17720435,6.01
QURE,2024,Q2,48697619,4.48
QURE,2024,Q3,48743140,4.93
QURE,2024,Q4,54076880,17.66
QURE,2025,Q1,54748496,10.6
QURE,2025,Q2,54866930,13.94
QURE,2025,Q3,62291663,58.37
QURE,2025,Q4,62529408,23.93
QVCGA,2024,Q1,387931205,1.23
QVCGA,2024,Q2,387993706,0.63
QVCGA,2024,Q3,388022184,0.61
QVCGA,2024,Q4,389654508,0.33
QVCGA,2025,Q1,394321833,0.2
QVCGA,2025,Q2,7885884,2.75
QVCGA,2025,Q3,7886235,13.49
QVCGA,2025,Q4,7911869,10.46
QXO,2024,Q2,409430195,71.76
QXO,2024,Q3,409430195,15.77
QXO,2024,Q4,409430195,15.9
QXO,2025,Q1,518679324,13.54
QXO,2025,Q2,673556656,21.54
QXO,2025,Q3,674392035,19.06
QXO,2025,Q4,708551189,19.29
R,2024,Q1,43828793,120.19
R,2024,Q2,43283183,123.88
R,2024,Q3,42290213,145.8
R,2024,Q4,42084928,156.86
R,2025,Q1,41340792,143.81
R,2025,Q2,40790636,159.0
R,2025,Q3,40376534,188.64
R,2025,Q4,39427204,191.39
R,2026,Q1,38691018,204.71
RAAQU,2025,Q3,17250000,
RAAQU,2025,Q4,17250000,
RAC.U,2025,Q3,23660000,
RAC.U,2025,Q4,23660000,
RACE,2024,Q3,179448000,470.11
RACE,2024,Q4,179044000,424.84
RACE,2025,Q1,178203008,427.88
RACE,2025,Q3,242380000,485.22
RACE,2025,Q4,177278893,369.56
RAIL,2025,Q3,19079106,9.78
RAIL,2025,Q4,19073475,11.07
RAIN,2025,Q3,8131081,
RAIN,2025,Q4,8131081,
RAL,2025,Q3,112805827,43.73
RAL,2025,Q4,111758072,50.91
RAMP,2024,Q2,66611646,30.94
RAMP,2024,Q3,65264310,24.78
RAMP,2024,Q4,65760690,30.37
RAMP,2025,Q1,64991785,26.14
RAMP,2025,Q4,63124894,29.37
RAND,2025,Q3,2969814,
RAND,2025,Q4,2969814,
RANGU,2025,Q3,16037500,
RANGU,2025,Q4,16037500,
RANI,2025,Q3,97541221,0.5
RANI,2025,Q4,99721927,1.35
RAPP,2024,Q2,36576457,23.26
RAPP,2024,Q3,36576457,20.48
RAPP,2024,Q4,36496437,17.74
RAPP,2025,Q1,36497555,10.03
RAPP,2025,Q2,36497920,11.37
RAPP,2025,Q3,47661138,29.7
RAPP,2025,Q4,47792943,30.34
RAPT,2024,Q2,34903476,3.05
RAPT,2024,Q3,34958253,2.01
RAPT,2024,Q4,132006828,1.58
RAPT,2025,Q1,132288686,1.22
RAPT,2025,Q2,16537794,8.0
RAPT,2025,Q3,27710871,25.79
RARE,2024,Q1,83133341,46.69
RARE,2024,Q2,92165190,41.1
RARE,2024,Q3,92344268,55.55
RARE,2024,Q4,92501126,42.07
RARE,2025,Q1,94542035,36.21
RARE,2025,Q2,96371643,36.36
RARE,2025,Q3,96477569,30.08
RARE,2025,Q4,96629788,23.0
RAVE,2025,Q2,14211566,2.75
RAVE,2025,Q4,14211566,3.3
RBA,2024,Q1,183717695,76.17
RBA,2024,Q2,184254005,76.36
RBA,2024,Q3,184414894,80.49
RBA,2024,Q4,184748861,90.21
RBA,2025,Q1,185191774,100.3
RBA,2025,Q2,185599375,106.19
RBA,2025,Q3,185692002,108.36
RBA,2025,Q4,185900000,102.87
RBB,2025,Q3,17046897,18.76
RBB,2025,Q4,17066400,20.64
RBBN,2024,Q2,174526596,3.29
RBBN,2024,Q3,175383687,3.25
RBBN,2024,Q4,175724084,4.16
RBBN,2025,Q1,176544386,3.92
RBBN,2025,Q2,177081847,4.01
RBBN,2025,Q3,176599590,3.8
RBBN,2025,Q4,175604524,2.88
RBC,2023,Q4,29181921,284.89
RBC,2024,Q1,29211612,270.35
RBC,2024,Q2,29229863,269.78
RBC,2024,Q3,31409360,299.38
RBC,2024,Q4,31444245,299.14
RBC,2025,Q1,31478058,321.77
RBC,2025,Q2,31562598,384.8
RBC,2025,Q3,31611442,390.29
RBC,2025,Q4,31618961,448.43
RBCAA,2025,Q3,17388491,72.25
RBCAA,2025,Q4,17461076,68.99
RBKB,2025,Q3,11145681,
RBKB,2025,Q4,11140395,12.02
RBLX,2024,Q1,591300000,38.18
RBLX,2024,Q2,598500000,37.21
RBLX,2024,Q3,607546629,44.26
RBLX,2024,Q4,618997327,57.86
RBLX,2025,Q1,629990658,58.29
RBLX,2025,Q2,693161000,105.2
RBLX,2025,Q3,701867000,138.52
RBLX,2025,Q4,661635583,81.03
RBOT,2025,Q3,5894273,5.51
RBOT,2025,Q4,6468185,2.17
RBRK,2024,Q2,55572220,30.66
RBRK,2024,Q3,69118119,32.15
RBRK,2024,Q4,87102908,65.36
RBRK,2025,Q1,103167994,60.98
RBRK,2025,Q2,123563326,89.59
RBRK,2025,Q3,142085609,82.25
RBRK,2025,Q4,151894462,76.48
RBRK,2026,Q1,157404648,48.97
RC,2024,Q1,168873507,9.13
RC,2024,Q2,168214839,8.18
RC,2024,Q3,168530704,7.63
RC,2024,Q4,162792372,6.82
RC,2025,Q1,172507227,5.09
RC,2025,Q2,164327272,4.37
RC,2025,Q3,162126276,3.87
RC,2025,Q4,162878779,2.18
RCAT,2024,Q1,74281520,
RCAT,2024,Q2,74600737,1.15
RCAT,2024,Q3,75409038,2.54
RCAT,2024,Q4,80160782,12.85
RCAT,2025,Q1,90915265,5.88
RCAT,2025,Q2,99764256,7.28
RCAT,2025,Q3,119371139,10.35
RCAT,2025,Q4,121138764,7.93
RCEL,2025,Q3,30493111,5.11
RCEL,2025,Q4,30631794,3.45
RCKT,2024,Q1,90782211,26.94
RCKT,2024,Q2,90975859,21.53
RCKT,2024,Q3,91157085,18.47
RCKT,2024,Q4,106629701,12.57
RCKT,2025,Q1,107737919,6.67
RCKT,2025,Q2,107903871,2.45
RCKT,2025,Q3,108222228,3.26
RCKT,2025,Q4,108569143,3.51
RCKY,2025,Q3,7493687,29.79
RCKY,2025,Q4,7536488,29.33
RCL,2024,Q1,257349196,139.01
RCL,2024,Q2,257420341,159.43
RCL,2024,Q3,268875240,177.36
RCL,2024,Q4,269128754,230.69
RCL,2025,Q1,271560372,205.44
RCL,2025,Q2,271627660,313.14
RCL,2025,Q3,272712972,323.58
RCL,2025,Q4,270528303,278.92
RCMT,2025,Q3,7410510,26.55
RCMT,2026,Q1,7024377,
RCUS,2024,Q1,90953011,18.88
RCUS,2024,Q2,91427505,15.23
RCUS,2024,Q3,91511609,15.29
RCUS,2024,Q4,105841422,14.89
RCUS,2025,Q1,105885138,7.85
RCUS,2025,Q2,106430976,8.14
RCUS,2025,Q3,107973536,13.6
RCUS,2025,Q4,125349476,23.83
RDACU,2025,Q3,7499375,
RDACU,2025,Q4,5951030,
RDAGU,2025,Q3,30000000,
RDAGU,2025,Q4,30000000,
RDCM,2025,Q4,16592725,13.08
RDDT,2024,Q1,44441885,49.32
RDDT,2024,Q2,94955524,63.89
RDDT,2024,Q3,119734990,65.92
RDDT,2024,Q4,125531501,163.44
RDDT,2025,Q1,129546488,104.9
RDDT,2025,Q2,134585853,150.57
RDDT,2025,Q3,137824835,229.99
RDDT,2025,Q4,139649508,229.87
RDFN,2024,Q1,119470881,6.65
RDFN,2024,Q2,121774260,6.01
RDFN,2024,Q3,123980474,12.53
RDFN,2024,Q4,126389290,7.87
RDFN,2025,Q1,128031179,
RDIB,2025,Q3,1680590,
RDIB,2025,Q4,1680590,
RDN,2024,Q1,150578465,33.47
RDN,2024,Q2,150418855,31.1
RDN,2024,Q3,148932566,34.69
RDN,2024,Q4,145063145,31.72
RDN,2025,Q1,134334124,33.07
RDN,2025,Q2,135450446,36.02
RDN,2025,Q3,135489059,36.22
RDN,2025,Q4,136272409,35.99
RDNT,2024,Q1,73880145,48.66
RDNT,2024,Q2,73957260,58.92
RDNT,2024,Q3,74026737,69.39
RDNT,2024,Q4,74041715,69.84
RDNT,2025,Q1,75030098,49.72
RDNT,2025,Q2,76916062,56.91
RDNT,2025,Q3,77146342,76.21
RDNT,2025,Q4,77612125,71.35
RDUS,2024,Q1,27782161,21.13
RDUS,2024,Q2,27839454,15.27
RDUS,2024,Q3,27839454,18.54
RDUS,2024,Q4,27955384,15.22
RDUS,2025,Q1,28001982,
RDUS,2025,Q2,28057661,
RDVT,2025,Q3,13971789,52.25
RDVT,2025,Q4,14109914,56.95
RDW,2024,Q1,65578724,4.39
RDW,2024,Q2,66535537,7.17
RDW,2024,Q3,66540871,6.87
RDW,2024,Q4,75573294,16.46
RDW,2025,Q1,77083392,8.29
RDW,2025,Q2,144039944,16.3
RDW,2025,Q3,165150783,8.99
RDW,2025,Q4,191975804,7.6
RDWR,2025,Q4,43145971,24.09
RDZN,2025,Q1,74290986,1.04
RDZN,2025,Q4,79695672,
REAL,2024,Q1,105969185,3.91
REAL,2024,Q2,108498205,3.19
REAL,2024,Q3,109691196,3.14
REAL,2024,Q4,111246608,10.93
REAL,2025,Q1,113095329,5.39
REAL,2025,Q2,115237276,4.79
REAL,2025,Q3,116682847,10.63
REAL,2025,Q4,118982805,15.78
REAX,2025,Q4,210478399,3.65
REBN,2025,Q3,5976322,
REBN,2025,Q4,7850601,
REFI,2025,Q3,21075298,12.79
REFI,2025,Q4,21080272,12.26
REFR,2025,Q3,33648221,1.59
REFR,2025,Q4,34648221,1.31
REG,2024,Q1,184779092,60.56
REG,2024,Q2,181496694,62.2
REG,2024,Q3,181505396,72.23
REG,2024,Q4,181365237,73.93
REG,2025,Q1,181529289,73.76
REG,2025,Q2,181553314,71.23
REG,2025,Q3,182900978,72.9
REG,2025,Q4,182906561,69.03
REGN,2024,Q1,108367357,962.49
REGN,2024,Q2,108417383,1051.03
REGN,2024,Q3,108072385,1051.24
REGN,2024,Q4,107507536,712.33
REGN,2025,Q1,106148351,634.23
REGN,2025,Q2,104170296,525.0
REGN,2025,Q3,103282318,562.27
REGN,2025,Q4,103902660,771.87
REI,2024,Q2,198172372,1.69
REI,2024,Q3,198196034,1.6
REI,2024,Q4,199955529,1.36
REI,2025,Q1,206524508,1.15
REI,2025,Q2,206544770,0.79
REI,2025,Q3,207223177,1.09
REI,2025,Q4,209395110,0.87
REKR,2024,Q1,85358252,2.29
REKR,2024,Q2,88503505,1.55
REKR,2024,Q3,93825324,1.18
REKR,2024,Q4,110912209,1.56
REKR,2025,Q1,118075944,0.89
REKR,2025,Q2,126334034,1.16
REKR,2025,Q3,126689797,1.57
REKR,2025,Q4,136156719,1.38
RELI,2025,Q3,9865600,
RELI,2025,Q4,21253013,0.51
RELL,2025,Q2,12443065,9.65
RELL,2025,Q4,12481251,10.88
RELL,2026,Q1,12520251,
RELX,2025,Q4,1819061446,40.42
RELY,2024,Q1,192480627,20.74
RELY,2024,Q2,195136542,12.12
RELY,2024,Q3,198061161,13.39
RELY,2024,Q4,200607380,22.57
RELY,2025,Q1,203858592,20.8
RELY,2025,Q2,206193217,18.77
RELY,2025,Q3,209045931,16.3
RELY,2025,Q4,210654386,13.8
RENB,2024,Q1,147504944,
RENB,2024,Q2,155027245,1.75
RENB,2024,Q3,158717342,0.48
RENB,2024,Q4,158717509,0.84
RENB,2025,Q1,172118569,0.54
RENB,2025,Q2,231802470,0.29
RENB,2025,Q3,23432391,
RENB,2025,Q4,24187356,
RENT,2025,Q1,3825951,4.46
RENT,2025,Q4,33390904,7.91
RENT,2026,Q1,33419413,
REPL,2024,Q2,68321396,9.0
REPL,2024,Q3,68417444,10.96
REPL,2024,Q4,77014781,12.11
REPL,2025,Q1,77086750,9.75
REPL,2025,Q2,78055846,9.29
REPL,2025,Q3,78443334,4.19
REPL,2025,Q4,82572619,9.72
REPX,2025,Q3,21968906,27.11
REPX,2025,Q4,21567428,26.4
RES,2024,Q2,215008964,6.25
RES,2024,Q3,214972351,6.36
RES,2024,Q4,216052632,5.94
RES,2025,Q1,220564506,5.5
RES,2025,Q2,220616884,4.73
RES,2025,Q3,220574475,4.76
RES,2025,Q4,221639270,5.44
REVB,2025,Q3,5924137,
REVB,2025,Q4,3720420,
REVG,2024,Q2,51914477,24.89
REVG,2024,Q3,51998551,28.06
REVG,2024,Q4,52131600,31.87
REVG,2025,Q1,51675165,31.6
REVG,2025,Q2,48797351,47.59
REVG,2025,Q3,48798333,56.67
REVG,2025,Q4,48806145,60.81
REX,2024,Q2,17503745,45.59
REX,2024,Q3,17567152,46.29
REX,2024,Q4,17567152,41.69
REX,2025,Q1,17012776,37.57
REX,2025,Q2,16468859,48.71
REX,2025,Q3,16528787,30.62
REX,2025,Q4,32937718,32.32
REX,2026,Q1,32937718,45.57
REXR,2024,Q1,217822056,50.3
REXR,2024,Q2,217840073,44.59
REXR,2024,Q3,219507345,50.31
REXR,2024,Q4,225285011,38.66
REXR,2025,Q1,236170854,39.15
REXR,2025,Q2,236672036,35.57
REXR,2025,Q3,232810406,41.11
REXR,2025,Q4,231843837,38.72
REXR,2026,Q1,225718119,32.73
REYN,2024,Q2,210138321,27.98
REYN,2024,Q3,210145957,31.1
REYN,2024,Q4,210171173,26.99
REYN,2025,Q1,210323273,23.86
REYN,2025,Q2,210325070,21.42
REYN,2025,Q3,210329618,24.47
REYN,2025,Q4,210343558,22.92
REZI,2024,Q1,146016926,22.42
REZI,2024,Q2,146412366,19.56
REZI,2024,Q3,146971549,20.14
REZI,2024,Q4,147878146,23.05
REZI,2025,Q1,148503534,17.7
REZI,2025,Q2,148763403,22.06
REZI,2025,Q3,149714944,43.18
REZI,2025,Q4,151247101,35.12
RF,2024,Q1,915827099,21.04
RF,2024,Q2,915124878,20.04
RF,2024,Q3,908863765,23.33
RF,2024,Q4,905465071,23.52
RF,2025,Q1,898930154,21.73
RF,2025,Q2,892308354,23.52
RF,2025,Q3,876876496,26.37
RF,2025,Q4,863506691,27.1
RFAIU,2025,Q3,15012500,
RFAIU,2025,Q4,8343765,
RFIL,2025,Q3,10667447,8.23
RFIL,2025,Q4,10713801,5.78
RFIL,2026,Q1,10814267,
RFL,2025,Q3,50983641,1.36
RFL,2025,Q4,50975638,1.18
RFL,2026,Q1,51224977,
RGA,2024,Q1,65792025,192.88
RGA,2024,Q2,65857648,205.27
RGA,2024,Q3,65864330,217.87
RGA,2024,Q4,66024444,213.63
RGA,2025,Q1,66085971,196.9
RGA,2025,Q2,66093751,198.36
RGA,2025,Q3,65713833,192.13
RGA,2025,Q4,65563173,203.46
RGCO,2025,Q3,10350531,22.44
RGCO,2025,Q4,10394487,21.3
RGEN,2024,Q1,55875894,183.92
RGEN,2024,Q2,56006498,126.06
RGEN,2024,Q3,56026725,148.82
RGEN,2024,Q4,56148556,143.94
RGEN,2025,Q1,56183100,127.24
RGEN,2025,Q2,56257618,124.38
RGEN,2025,Q3,56290749,133.67
RGEN,2025,Q4,56331110,163.86
RGLD,2024,Q1,65733062,121.81
RGLD,2024,Q2,65740856,125.16
RGLD,2024,Q3,65756835,140.3
RGLD,2024,Q4,65758616,131.85
RGLD,2025,Q1,65816496,163.51
RGLD,2025,Q2,65831053,177.84
RGLD,2025,Q3,84398063,200.58
RGLD,2025,Q4,84810098,222.29
RGLS,2024,Q2,65465876,1.79
RGLS,2024,Q3,65500134,1.57
RGLS,2024,Q4,66243384,1.58
RGLS,2025,Q1,69234089,
RGNX,2024,Q1,49255966,21.07
RGNX,2024,Q2,49423188,11.7
RGNX,2024,Q3,49545071,10.49
RGNX,2024,Q4,50086138,7.73
RGNX,2025,Q1,50160352,7.15
RGNX,2025,Q2,50514216,8.21
RGNX,2025,Q3,50623086,9.65
RGNX,2025,Q4,51612984,14.4
RGP,2024,Q1,33807459,13.16
RGP,2024,Q2,33560150,11.04
RGP,2024,Q3,33471328,9.7
RGP,2024,Q4,33091107,8.53
RGP,2025,Q1,33069276,6.54
RGP,2025,Q2,33339883,5.37
RGP,2025,Q3,33390494,5.05
RGP,2025,Q4,33502154,5.04
RGP,2026,Q1,34329344,
RGR,2024,Q1,17401204,46.15
RGR,2024,Q2,16855149,41.65
RGR,2024,Q3,16790824,41.68
RGR,2024,Q4,16762100,35.37
RGR,2025,Q1,16554962,39.29
RGR,2025,Q2,16162030,35.9
RGR,2025,Q3,15944253,43.47
RGR,2025,Q4,15944300,32.65
RGS,2025,Q2,2435981,
RGS,2025,Q4,2498778,
RGTI,2024,Q1,171919296,1.53
RGTI,2024,Q2,191243492,1.07
RGTI,2024,Q3,192295809,0.78
RGTI,2024,Q4,285828047,15.26
RGTI,2025,Q1,290322889,7.92
RGTI,2025,Q2,324165170,11.86
RGTI,2025,Q3,330026078,29.79
RGTI,2025,Q4,332150557,22.15
RH,2023,Q4,18219414,291.48
RH,2024,Q1,18315613,348.26
RH,2024,Q2,18445222,244.44
RH,2024,Q3,18482697,334.43
RH,2024,Q4,18602848,393.59
RH,2025,Q1,18728456,234.41
RH,2025,Q2,18732450,189.01
RH,2025,Q3,18745070,203.16
RH,2025,Q4,18777699,179.15
RH,2026,Q1,18834576,139.82
RHI,2024,Q1,104932609,79.28
RHI,2024,Q2,104056508,63.98
RHI,2024,Q3,103250884,67.41
RHI,2024,Q4,102199469,70.46
RHI,2025,Q1,102163762,54.55
RHI,2025,Q2,101738660,41.05
RHI,2025,Q3,101186391,33.98
RHI,2025,Q4,101143596,27.16
RHLD,2025,Q3,8525998,72.15
RHLD,2025,Q4,8474010,206.43
RHP,2024,Q1,59890393,115.61
RHP,2024,Q2,59900031,99.86
RHP,2024,Q3,59901169,107.24
RHP,2024,Q4,59903401,104.34
RHP,2025,Q1,60000865,91.44
RHP,2025,Q2,62999754,98.67
RHP,2025,Q3,63004074,89.59
RHP,2025,Q4,63006031,94.62
RIBBU,2025,Q3,6470000,
RIBBU,2025,Q4,4793446,
RICK,2024,Q1,9325117,58.0
RICK,2024,Q2,8996546,43.56
RICK,2024,Q3,8900000,44.55
RICK,2024,Q4,8866875,57.47
RICK,2025,Q1,8798250,42.94
RICK,2025,Q2,8720461,38.12
RIG,2024,Q1,819579665,6.28
RIG,2024,Q2,875470199,5.35
RIG,2024,Q3,875803595,4.25
RIG,2024,Q4,878886948,3.75
RIG,2025,Q1,883261456,3.17
RIG,2025,Q2,943124986,2.59
RIG,2025,Q3,1101441205,3.12
RIG,2025,Q4,1102848748,4.13
RIGL,2024,Q1,175406146,1.48
RIGL,2024,Q2,17594977,8.22
RIGL,2024,Q3,17615040,16.18
RIGL,2024,Q4,17862958,16.82
RIGL,2025,Q1,17872432,17.99
RIGL,2025,Q2,17937340,18.73
RIGL,2025,Q3,18151344,28.33
RIGL,2025,Q4,18473130,42.83
RILY,2025,Q3,30597066,5.98
RILY,2025,Q4,35150932,4.67
RIME,2025,Q3,2721778,
RIME,2025,Q4,14651665,
RIO,2024,Q3,1252679936,71.17
RIO,2024,Q4,1252920064,58.81
RIO,2025,Q1,1625190016,60.08
RIO,2025,Q3,1250000000,66.01
RIO,2025,Q4,1256010314,80.03
RIOT,2024,Q1,288784946,12.24
RIOT,2024,Q2,303524067,9.14
RIOT,2024,Q3,332325535,7.42
RIOT,2024,Q4,350207536,10.21
RIOT,2025,Q1,357263742,7.12
RIOT,2025,Q2,369623180,11.3
RIOT,2025,Q3,371807186,19.03
RIOT,2025,Q4,379125849,12.67
RITM,2024,Q1,483477713,11.16
RITM,2024,Q2,489732422,10.91
RITM,2024,Q3,519732422,11.35
RITM,2024,Q4,520660083,10.83
RITM,2025,Q1,530122477,11.45
RITM,2025,Q2,530292171,11.29
RITM,2025,Q3,554196670,11.39
RITM,2025,Q4,555892415,10.9
RIVN,2024,Q1,987495232,10.95
RIVN,2024,Q2,1000448640,13.42
RIVN,2024,Q3,1012845465,11.22
RIVN,2024,Q4,1122889465,13.3
RIVN,2025,Q1,1138599873,12.45
RIVN,2025,Q2,1209521515,13.74
RIVN,2025,Q3,1222000615,14.68
RIVN,2025,Q4,1237077289,19.71
RJF,2024,Q1,207276768,128.42
RJF,2024,Q2,205943440,123.61
RJF,2024,Q3,204044836,122.46
RJF,2024,Q4,204910034,155.33
RJF,2025,Q1,201754538,138.91
RJF,2025,Q2,199383976,153.37
RJF,2025,Q3,196673933,172.6
RJF,2025,Q4,197091037,160.59
RKDA,2025,Q3,1373120,
RKDA,2025,Q4,2056884,
RKLB,2024,Q1,492779716,4.11
RKLB,2024,Q2,496640145,4.8
RKLB,2024,Q3,499911078,9.73
RKLB,2024,Q4,453545095,25.47
RKLB,2025,Q1,461432393,17.88
RKLB,2025,Q2,479355713,35.77
RKLB,2025,Q3,534156333,47.91
RKLB,2025,Q4,567445449,69.76
RKT,2024,Q2,140568742,13.7
RKT,2024,Q3,145835235,19.19
RKT,2024,Q4,147306839,11.26
RKT,2025,Q1,151272632,12.07
RKT,2025,Q2,255640086,14.18
RKT,2025,Q3,967010557,19.38
RKT,2025,Q4,970935922,19.36
RL,2023,Q4,39044280,144.2
RL,2024,Q1,40628150,187.76
RL,2024,Q2,40058102,175.06
RL,2024,Q3,40217068,193.87
RL,2024,Q4,39882939,230.98
RL,2025,Q1,38442532,220.74
RL,2025,Q2,38693006,274.28
RL,2025,Q3,135400000,313.56
RL,2025,Q4,135400000,353.61
RLAY,2024,Q1,132741677,8.3
RLAY,2024,Q2,133889966,6.52
RLAY,2024,Q3,167382958,7.08
RLAY,2024,Q4,169521849,4.12
RLAY,2025,Q1,171444966,2.62
RLAY,2025,Q2,172411410,3.46
RLAY,2025,Q3,173322385,5.22
RLAY,2025,Q4,178725809,8.46
RLGT,2024,Q1,47002141,5.42
RLGT,2024,Q2,46699484,5.69
RLGT,2024,Q3,46915415,6.43
RLGT,2024,Q4,47008523,6.7
RLGT,2025,Q1,47143178,6.15
RLGT,2025,Q2,47143178,6.08
RLGT,2025,Q3,46886380,5.9
RLGT,2025,Q4,46826544,6.33
RLI,2024,Q1,45709881,148.47
RLI,2024,Q2,45746054,140.69
RLI,2024,Q3,45821466,154.98
RLI,2024,Q4,91764132,164.83
RLI,2025,Q1,91773034,80.33
RLI,2025,Q2,91829470,72.22
RLI,2025,Q3,91837835,65.22
RLI,2025,Q4,91920177,63.98
RLI,2026,Q1,91938331,57.04
RLJ,2024,Q1,155900602,11.82
RLJ,2024,Q2,155024153,9.63
RLJ,2024,Q3,153307887,9.18
RLJ,2024,Q4,151961728,10.21
RLJ,2025,Q1,151926642,7.89
RLJ,2025,Q2,151164679,7.28
RLJ,2025,Q3,151085078,7.2
RLJ,2025,Q4,151917505,7.45
RLMD,2025,Q3,73333622,2.01
RLMD,2025,Q4,104890223,4.83
RLYB,2024,Q2,41487586,1.34
RLYB,2024,Q3,41487586,1.17
RLYB,2024,Q4,41612039,0.96
RLYB,2025,Q1,41613964,0.65
RLYB,2025,Q2,41786471,0.34
RLYB,2025,Q3,42243774,0.5
RLYB,2025,Q4,5289675,0.69
RM,2025,Q3,9712805,38.96
RM,2025,Q4,9396929,38.75
RMAX,2024,Q2,18856968,8.1
RMAX,2024,Q3,18872052,12.45
RMAX,2024,Q4,18982921,10.67
RMAX,2025,Q1,19934893,8.37
RMAX,2025,Q2,20029994,8.18
RMAX,2025,Q3,20056356,9.43
RMAX,2025,Q4,20142454,7.59
RMBI,2025,Q3,10450007,14.21
RMBI,2025,Q4,10501260,14.04
RMBS,2024,Q1,107780744,61.81
RMBS,2024,Q2,107680174,58.76
RMBS,2024,Q3,106575437,42.22
RMBS,2024,Q4,106856353,52.86
RMBS,2025,Q1,107411916,51.78
RMBS,2025,Q2,107593820,64.02
RMBS,2025,Q3,107650133,104.2
RMBS,2025,Q4,107790732,91.89
RMBS,2026,Q1,108136967,86.03
RMCF,2025,Q1,7765486,1.22
RMCF,2025,Q4,9332822,
RMCO,2025,Q3,15140734,
RMCO,2025,Q4,15149705,
RMD,2024,Q1,146907207,198.03
RMD,2024,Q2,146932119,191.42
RMD,2024,Q3,146795746,244.12
RMD,2024,Q4,146866912,228.69
RMD,2025,Q1,146627399,223.85
RMD,2025,Q2,146414839,258.0
RMD,2025,Q3,145966294,273.73
RMD,2025,Q4,145678401,240.87
RMNI,2024,Q1,90410000,3.26
RMNI,2024,Q2,90700000,3.07
RMNI,2024,Q3,90920000,1.85
RMNI,2024,Q4,91296000,2.67
RMNI,2025,Q1,91785000,3.48
RMNI,2025,Q2,92518000,3.77
RMNI,2025,Q3,91752000,4.68
RMNI,2025,Q4,91664000,3.88
RMR,2025,Q3,16061399,15.73
RMR,2025,Q4,16058177,14.9
RMTI,2025,Q3,39405302,1.2
RMTI,2025,Q4,39405302,
RNA,2024,Q1,95636748,25.52
RNA,2024,Q2,109801397,40.85
RNA,2024,Q3,119309317,45.93
RNA,2024,Q4,120212301,29.08
RNA,2025,Q1,120538359,29.52
RNA,2025,Q2,128653337,28.4
RNA,2025,Q3,150675742,43.57
RNA,2025,Q4,155149646,72.13
RNAC,2025,Q3,26003606,10.22
RNAC,2025,Q4,26509024,7.21
RNG,2024,Q1,82249651,34.74
RNG,2024,Q2,81895439,28.2
RNG,2024,Q3,80506041,31.63
RNG,2024,Q4,80917329,35.01
RNG,2025,Q1,80131686,24.76
RNG,2025,Q2,80738182,28.35
RNG,2025,Q3,76760177,28.34
RNG,2025,Q4,74268033,28.88
RNGR,2024,Q2,22222596,10.52
RNGR,2024,Q3,22245212,11.91
RNGR,2024,Q4,22252946,15.48
RNGR,2025,Q1,22498082,14.19
RNGR,2025,Q2,21843462,11.94
RNGR,2025,Q3,21613687,14.04
RNGR,2025,Q4,23550288,13.98
RNGR,2026,Q1,23761623,
RNR,2024,Q1,52879038,235.03
RNR,2024,Q2,52155667,223.51
RNR,2024,Q3,51939955,272.4
RNR,2024,Q4,49251139,248.81
RNR,2025,Q1,48650085,240.0
RNR,2025,Q2,47066214,242.9
RNR,2025,Q3,46109518,253.93
RNR,2025,Q4,43488908,281.16
RNST,2024,Q2,63557383,30.54
RNST,2024,Q3,63565690,32.5
RNST,2024,Q4,63657444,35.75
RNST,2025,Q1,95010427,33.93
RNST,2025,Q2,95019326,35.93
RNST,2025,Q3,95021382,36.89
RNST,2025,Q4,94142307,35.22
RNTX,2025,Q3,26286382,1.15
RNTX,2025,Q4,28039032,1.16
RNXT,2025,Q3,36649916,1.27
RNXT,2025,Q4,45052706,0.84
ROAD,2024,Q1,43828855,56.15
ROAD,2024,Q2,43772026,55.21
ROAD,2024,Q3,46963255,69.8
ROAD,2024,Q4,47183599,88.46
ROAD,2025,Q1,47217172,71.87
ROAD,2025,Q2,47551943,106.28
ROAD,2025,Q3,47947509,127.0
ROAD,2025,Q4,47966258,108.55
ROCK,2024,Q1,30469729,80.53
ROCK,2024,Q2,30479037,68.55
ROCK,2024,Q3,30341121,69.93
ROCK,2024,Q4,30355836,58.9
ROCK,2025,Q1,29490360,58.66
ROCK,2025,Q2,29511507,59.0
ROCK,2025,Q3,29542662,62.8
ROCK,2025,Q4,29547065,49.44
ROG,2024,Q2,18599354,120.61
ROG,2024,Q3,18660557,113.01
ROG,2024,Q4,18518095,101.61
ROG,2025,Q1,18524866,67.53
ROG,2025,Q2,18121685,68.48
ROG,2025,Q3,17984499,80.46
ROG,2025,Q4,17827673,91.57
ROIV,2023,Q4,804890910,11.23
ROIV,2024,Q1,738721807,10.54
ROIV,2024,Q2,739053106,10.57
ROIV,2024,Q3,733328375,11.54
ROIV,2024,Q4,719632367,11.83
ROIV,2025,Q1,695938323,10.09
ROIV,2025,Q2,682881743,11.27
ROIV,2025,Q3,695491615,15.13
ROIV,2025,Q4,715701137,21.7
ROK,2024,Q1,114003176,291.33
ROK,2024,Q2,113467383,275.28
ROK,2024,Q3,112896809,268.46
ROK,2024,Q4,113072948,285.79
ROK,2025,Q1,112716471,258.38
ROK,2025,Q2,112434397,332.17
ROK,2025,Q3,112273567,349.53
ROK,2025,Q4,112357908,389.07
ROKU,2024,Q1,126833602,65.17
ROKU,2024,Q2,127357624,59.93
ROKU,2024,Q3,127893163,74.66
ROKU,2024,Q4,128740392,74.34
ROKU,2025,Q1,129527936,70.44
ROKU,2025,Q2,130251569,87.89
ROKU,2025,Q3,130797707,100.13
ROKU,2025,Q4,130717715,108.49
ROL,2024,Q1,484230396,46.27
ROL,2024,Q2,484313840,48.79
ROL,2024,Q3,484305016,50.58
ROL,2024,Q4,484224958,46.35
ROL,2025,Q1,484646456,54.03
ROL,2025,Q2,484640003,56.42
ROL,2025,Q3,484628814,58.74
ROL,2025,Q4,481092221,60.02
ROL,2026,Q1,481463663,53.41
ROLR,2025,Q3,8497511,
ROLR,2025,Q4,10890098,
ROOT,2024,Q1,9900000,61.08
ROOT,2024,Q2,10600000,51.61
ROOT,2024,Q3,10700000,37.78
ROOT,2024,Q4,11200000,72.59
ROOT,2025,Q1,12093450,133.44
ROOT,2025,Q2,13618876,127.97
ROOT,2025,Q3,13702725,89.51
ROOT,2025,Q4,13748408,72.23
ROP,2024,Q1,107044532,560.84
ROP,2024,Q2,107198665,563.66
ROP,2024,Q3,107229151,556.44
ROP,2024,Q4,107385207,519.85
ROP,2025,Q1,107515397,589.58
ROP,2025,Q2,107613824,566.84
ROP,2025,Q3,107637430,498.69
ROP,2025,Q4,102927515,445.13
ROST,2023,Q4,336666266,138.39
ROST,2024,Q1,335174141,146.76
ROST,2024,Q2,333574906,145.32
ROST,2024,Q3,331762504,150.51
ROST,2024,Q4,329929197,151.27
ROST,2025,Q1,328821469,127.79
ROST,2025,Q2,327384000,127.58
ROST,2025,Q3,325226266,152.39
ROST,2025,Q4,323444928,180.14
ROST,2026,Q1,322356795,216.63
RPAY,2024,Q1,95786041,11.0
RPAY,2024,Q2,91903958,10.56
RPAY,2024,Q3,91904449,8.16
RPAY,2024,Q4,92108318,7.63
RPAY,2025,Q1,94149909,5.57
RPAY,2025,Q2,86046866,4.82
RPAY,2025,Q3,86062133,5.23
RPAY,2025,Q4,85880982,3.65
RPD,2024,Q1,62324547,49.04
RPD,2024,Q2,62734157,43.23
RPD,2024,Q3,63206602,39.89
RPD,2024,Q4,63968853,40.23
RPD,2025,Q1,64239298,26.51
RPD,2025,Q2,64745948,23.13
RPD,2025,Q3,65480776,18.75
RPD,2025,Q4,65893112,15.2
RPID,2025,Q3,39823026,
RPID,2025,Q4,40963464,2.9
RPM,2024,Q1,128762983,118.95
RPM,2024,Q2,128797008,107.68
RPM,2024,Q3,128701945,121.0
RPM,2024,Q4,128568280,123.06
RPM,2025,Q1,128422516,115.68
RPM,2025,Q2,128376265,109.84
RPM,2025,Q3,128218717,117.88
RPM,2025,Q4,128075683,104.0
RPM,2026,Q1,127626527,99.4
RPRX,2024,Q1,450981030,30.37
RPRX,2024,Q2,448131556,26.37
RPRX,2024,Q3,444301661,28.29
RPRX,2024,Q4,433324905,25.51
RPRX,2025,Q1,421370657,31.13
RPRX,2025,Q2,432293050,36.03
RPRX,2025,Q3,427247489,35.28
RPRX,2025,Q4,428418612,38.64
RPT,2024,Q1,36982966,3.8
RPT,2024,Q2,45607549,3.57
RPT,2024,Q3,45420752,3.33
RPT,2024,Q4,47489988,2.97
RPT,2025,Q1,45423086,2.87
RPT,2025,Q2,45420752,2.7
RPT,2025,Q3,45428460,2.52
RPT,2025,Q4,7571310,16.58
RPTX,2024,Q1,42445406,
RPTX,2024,Q2,42445533,3.3
RPTX,2024,Q3,42510708,3.44
RPTX,2024,Q4,42510708,1.31
RPTX,2025,Q1,42891403,0.99
RPTX,2025,Q2,42959172,1.39
RPTX,2025,Q3,42985755,1.76
RR,2025,Q3,154656592,4.29
RR,2025,Q4,183661127,3.23
RRBI,2025,Q3,6756609,64.82
RRBI,2025,Q4,6577186,71.43
RRC,2024,Q1,242626942,34.43
RRC,2024,Q2,242089178,33.53
RRC,2024,Q3,241309647,30.76
RRC,2024,Q4,241330871,35.98
RRC,2025,Q1,238973740,39.93
RRC,2025,Q2,238191087,40.67
RRC,2025,Q3,236935813,37.64
RRC,2025,Q4,235381000,35.26
RRC,2026,Q1,235622250,45.18
RRGB,2025,Q4,18074472,4.05
RRR,2024,Q1,59610393,59.82
RRR,2024,Q2,59618824,54.93
RRR,2024,Q3,59633233,54.44
RRR,2024,Q4,60058276,46.24
RRR,2025,Q1,60092344,43.37
RRR,2025,Q2,59505818,52.03
RRR,2025,Q3,59969558,61.06
RRR,2025,Q4,59141028,61.95
RRX,2024,Q1,66518762,180.1
RRX,2024,Q2,66541115,135.22
RRX,2024,Q3,66228082,165.88
RRX,2024,Q4,66268365,155.13
RRX,2025,Q1,66335575,113.85
RRX,2025,Q2,66374193,144.96
RRX,2025,Q3,66389673,143.44
RRX,2025,Q4,66499582,140.32
RS,2024,Q1,57426608,334.18
RS,2024,Q2,55015528,285.6
RS,2024,Q3,54120264,289.21
RS,2024,Q4,52972079,269.26
RS,2025,Q1,52588106,288.75
RS,2025,Q2,52593543,313.9
RS,2025,Q3,52286963,280.83
RS,2025,Q4,51733277,288.87
RSG,2024,Q1,314932459,191.44
RSG,2024,Q2,314068287,194.34
RSG,2024,Q3,313152102,200.84
RSG,2024,Q4,312284953,201.18
RSG,2025,Q1,312497013,242.16
RSG,2025,Q2,312215820,246.61
RSG,2025,Q3,309563599,229.48
RSG,2025,Q4,308804970,211.93
RSI,2024,Q1,79678782,6.51
RSI,2024,Q2,83108062,9.59
RSI,2024,Q3,88607034,10.85
RSI,2024,Q4,94555182,13.72
RSI,2025,Q1,95616494,10.72
RSI,2025,Q2,95339349,14.9
RSI,2025,Q3,97911941,20.48
RSI,2025,Q4,103175028,19.43
RSKD,2025,Q4,104034048,4.97
RSLS,2025,Q3,5644494,
RSLS,2025,Q4,7018528,
RSSS,2025,Q2,32828173,2.87
RSSS,2025,Q4,32905476,2.94
RSVR,2025,Q1,65302651,7.63
RSVR,2025,Q4,65600219,7.57
RTACU,2025,Q3,24150000,11.44
RTACU,2025,Q4,24150000,
RTO,2025,Q4,2526039885,29.46
RTX,2024,Q1,1329506013,97.53
RTX,2024,Q2,1330239366,100.39
RTX,2024,Q3,1331016397,121.16
RTX,2024,Q4,1332122758,115.72
RTX,2025,Q1,1335953770,132.46
RTX,2025,Q2,1338541827,146.02
RTX,2025,Q3,1340771942,167.33
RTX,2025,Q4,1342287676,183.4
RTX,2026,Q1,1346683428,192.9
RUM,2024,Q1,116936025,8.08
RUM,2024,Q2,118077296,5.55
RUM,2024,Q3,118582032,5.36
RUM,2024,Q4,214817093,13.01
RUM,2025,Q1,214941922,7.07
RUM,2025,Q2,215187229,8.98
RUM,2025,Q3,215380826,7.24
RUM,2025,Q4,215749009,6.32
RUN,2024,Q1,221662910,13.18
RUN,2024,Q2,223539691,11.86
RUN,2024,Q3,224339374,18.06
RUN,2024,Q4,226209702,9.25
RUN,2025,Q1,228486470,5.86
RUN,2025,Q2,230732572,8.18
RUN,2025,Q3,232041826,17.29
RUN,2025,Q4,234492403,18.4
RUSHA,2024,Q1,61900735,53.52
RUSHA,2024,Q2,62058119,41.87
RUSHA,2024,Q3,62331889,52.83
RUSHA,2024,Q4,62683594,54.79
RUSHA,2025,Q1,61195715,53.41
RUSHA,2025,Q3,77820000,53.47
RUSHB,2025,Q3,16437909,57.42
RUSHB,2025,Q4,16437909,56.26
RVLV,2024,Q1,38220393,21.17
RVLV,2024,Q2,38030085,15.91
RVLV,2024,Q3,38287684,24.78
RVLV,2024,Q4,40298699,33.49
RVLV,2025,Q1,40370307,21.49
RVLV,2025,Q2,40376857,20.05
RVLV,2025,Q3,40415438,21.3
RVLV,2025,Q4,41253121,30.19
RVMD,2024,Q1,164986227,32.23
RVMD,2024,Q2,167038943,38.81
RVMD,2024,Q3,168219391,45.35
RVMD,2024,Q4,185913326,43.74
RVMD,2025,Q1,186267544,35.36
RVMD,2025,Q2,186933190,36.79
RVMD,2025,Q3,193319805,46.7
RVMD,2025,Q4,198173397,79.65
RVP,2025,Q3,29937159,0.84
RVP,2025,Q4,29937159,0.77
RVPH,2025,Q3,115058619,0.37
RVPH,2025,Q4,12810377,0.28
RVSB,2025,Q1,20976200,5.65
RVSB,2025,Q4,20710901,5.02
RVSN,2025,Q4,2192186,
RVTY,2024,Q1,123392991,105.0
RVTY,2024,Q2,123336708,104.86
RVTY,2024,Q3,121702145,127.75
RVTY,2024,Q4,120187286,111.61
RVTY,2025,Q1,117869660,105.8
RVTY,2025,Q2,116072580,96.72
RVTY,2025,Q3,113375621,87.65
RVTY,2025,Q4,111799374,96.75
RVYL,2025,Q3,36085978,
RVYL,2025,Q4,1279765,0.16
RWAY,2024,Q1,39438460,12.12
RWAY,2024,Q2,38547295,11.76
RWAY,2024,Q3,37399622,10.29
RWAY,2024,Q4,37347428,10.96
RWAY,2025,Q1,37347428,10.35
RWAY,2025,Q2,36216632,10.73
RWAY,2025,Q3,36134037,10.16
RWAY,2025,Q4,36134037,8.93
RWT,2024,Q1,132152786,6.37
RWT,2024,Q2,132215757,6.49
RWT,2024,Q3,132266682,7.73
RWT,2024,Q4,132519579,6.53
RWT,2025,Q1,133005314,6.07
RWT,2025,Q2,129223464,5.91
RWT,2025,Q3,126682210,5.79
RWT,2025,Q4,124989447,5.53
RXO,2024,Q1,117548465,21.87
RXO,2024,Q2,117626483,26.15
RXO,2024,Q3,160790056,28.0
RXO,2024,Q4,163327709,23.84
RXO,2025,Q1,163916125,19.1
RXO,2025,Q2,163987239,15.72
RXO,2025,Q3,164111872,15.38
RXO,2025,Q4,164193961,12.64
RXRX,2024,Q1,230273797,9.97
RXRX,2024,Q2,273940019,7.5
RXRX,2024,Q3,279602258,6.59
RXRX,2024,Q4,395072094,6.76
RXRX,2025,Q1,399656573,5.29
RXRX,2025,Q2,427312960,5.06
RXRX,2025,Q3,514895802,4.88
RXRX,2025,Q4,521950663,4.09
RXST,2024,Q2,39682804,60.17
RXST,2024,Q3,40304465,49.43
RXST,2024,Q4,40490542,34.38
RXST,2025,Q1,40636981,25.25
RXST,2025,Q2,40915963,13.0
RXST,2025,Q3,41116640,8.99
RXST,2025,Q4,41266335,10.42
RXT,2024,Q2,226032947,2.98
RXT,2024,Q3,227568885,2.45
RXT,2024,Q4,237306679,2.21
RXT,2025,Q1,237388710,1.69
RXT,2025,Q2,239360677,1.28
RXT,2025,Q3,243592120,1.41
RXT,2025,Q4,246914399,0.97
RY,2024,Q3,1414460032,124.73
RY,2024,Q4,1414499968,120.51
RY,2025,Q1,1412530048,112.72
RY,2025,Q3,1400000000,147.32
RY,2025,Q4,1400635338,170.49
RYAAY,2024,Q3,547289984,45.18
RYAAY,2024,Q4,540752000,43.59
RYAAY,2025,Q1,532344992,42.37
RYAAY,2025,Q3,528039999,60.22
RYAAY,2025,Q4,525296595,72.19
RYAM,2024,Q1,65554837,4.78
RYAM,2024,Q2,65890093,5.44
RYAM,2024,Q3,65896001,8.56
RYAM,2024,Q4,65966881,8.25
RYAM,2025,Q1,66754665,5.75
RYAM,2025,Q2,67000882,3.85
RYAM,2025,Q3,67005593,7.22
RYAM,2025,Q4,67005593,5.89
RYAN,2024,Q1,119055569,55.5
RYAN,2024,Q2,261448198,57.91
RYAN,2024,Q3,125171615,66.39
RYAN,2024,Q4,125726294,64.16
RYAN,2025,Q1,126642917,73.87
RYAN,2025,Q2,128039917,67.99
RYAN,2025,Q3,128776025,56.36
RYAN,2025,Q4,129680816,51.63
RYI,2024,Q2,33201651,19.5
RYI,2024,Q3,31847117,19.91
RYI,2024,Q4,31850903,18.51
RYI,2025,Q1,32196086,22.96
RYI,2025,Q2,32198906,21.57
RYI,2025,Q3,32209364,22.86
RYI,2025,Q4,51482714,25.16
RYN,2024,Q1,148877048,33.24
RYN,2024,Q2,148981703,29.09
RYN,2024,Q3,149001211,32.18
RYN,2024,Q4,156097626,26.1
RYN,2025,Q1,155777128,27.88
RYN,2025,Q2,154162341,22.18
RYN,2025,Q3,153899831,26.54
RYN,2025,Q4,302298328,21.65
RYTM,2024,Q2,61133765,41.06
RYTM,2024,Q3,61457069,52.39
RYTM,2024,Q4,63223727,55.98
RYTM,2025,Q1,63621472,52.97
RYTM,2025,Q2,66420091,63.19
RYTM,2025,Q3,66736056,100.99
RYTM,2025,Q4,68285039,107.04
RZLT,2024,Q1,40135147,
RZLT,2024,Q2,55369764,4.3
RZLT,2024,Q3,57943066,4.85
RZLT,2024,Q4,60535425,4.9
RZLT,2025,Q1,85519318,2.9
RZLT,2025,Q2,90811368,4.46
RZLT,2025,Q3,92727532,9.4
RZLT,2025,Q4,95697685,2.36
RZLV,2025,Q4,336327587,2.57
S,2024,Q1,275097473,23.31
S,2024,Q2,286659799,21.05
S,2024,Q3,291012402,23.92
S,2024,Q4,295079043,22.2
S,2025,Q1,315457767,18.18
S,2025,Q2,318339537,18.28
S,2025,Q3,319496938,17.61
S,2025,Q4,333302668,15.0
S,2026,Q1,333976052,12.88
SA,2025,Q4,91912919,29.59
SABR,2024,Q1,381932365,2.42
SABR,2024,Q2,385696342,2.67
SABR,2024,Q3,385853987,3.67
SABR,2024,Q4,386006318,3.65
SABR,2025,Q1,387806562,2.81
SABR,2025,Q2,394514384,3.16
SABR,2025,Q3,394884884,1.83
SABR,2025,Q4,395165033,1.36
SABS,2025,Q3,47606851,2.01
SABS,2025,Q4,50951037,
SACH,2025,Q3,47691121,1.11
SACH,2025,Q4,47967172,
SAFE,2024,Q1,71435142,20.6
SAFE,2024,Q2,71435951,19.29
SAFE,2024,Q3,71436180,26.23
SAFE,2024,Q4,71449014,18.48
SAFE,2025,Q1,71723269,18.72
SAFE,2025,Q2,71755958,15.56
SAFE,2025,Q3,71756336,15.49
SAFE,2025,Q4,71756731,13.69
SAFT,2024,Q2,14837481,75.03
SAFT,2024,Q3,14838007,81.78
SAFT,2024,Q4,14838007,82.4
SAFT,2025,Q1,14893552,78.88
SAFT,2025,Q2,14894173,79.39
SAFT,2025,Q3,14894054,70.69
SAFT,2025,Q4,14631684,77.91
SAFX,2025,Q3,159231451,1.31
SAFX,2025,Q4,275448688,0.27
SAGE,2024,Q1,60182031,18.74
SAGE,2024,Q2,61050418,10.86
SAGE,2024,Q3,61173263,7.22
SAGE,2024,Q4,61480947,5.43
SAGE,2025,Q1,62620694,7.95
SAGE,2025,Q2,62784397,9.12
SAH,2024,Q2,22090872,54.47
SAH,2024,Q3,22160687,58.48
SAH,2024,Q4,21692669,63.35
SAH,2025,Q1,21931619,56.96
SAH,2025,Q2,22120758,79.93
SAH,2025,Q3,22143309,76.09
SAH,2025,Q4,21546627,61.86
SAIA,2024,Q1,26588162,585.0
SAIA,2024,Q2,26589913,474.29
SAIA,2024,Q3,26595075,437.26
SAIA,2024,Q4,26628578,455.73
SAIA,2025,Q1,26634005,349.43
SAIA,2025,Q2,26636046,273.99
SAIA,2025,Q3,26642641,299.36
SAIA,2025,Q4,26669522,326.52
SAIC,2024,Q1,51648397,130.39
SAIC,2024,Q2,51000000,117.55
SAIC,2024,Q3,50000000,139.27
SAIC,2024,Q4,49000000,111.78
SAIC,2025,Q1,48000000,112.27
SAIC,2025,Q2,47000000,112.61
SAIC,2025,Q3,46022001,99.37
SAIC,2025,Q4,45127414,100.66
SAIC,2026,Q1,43419313,94.92
SAIL,2025,Q4,561625760,20.23
SAIL,2026,Q1,563803428,13.24
SAM,2024,Q1,9885922,304.42
SAM,2024,Q2,9647655,305.05
SAM,2024,Q3,9416751,289.14
SAM,2024,Q4,9175801,299.98
SAM,2025,Q1,9078006,238.84
SAM,2025,Q2,8820623,190.81
SAM,2025,Q3,8590368,211.42
SAM,2025,Q4,8378383,195.13
SAMG,2025,Q3,8121141,15.75
SAMG,2025,Q4,7663783,15.19
SAN,2025,Q4,14689319502,11.73
SANA,2024,Q2,222465934,5.46
SANA,2024,Q3,223268889,4.16
SANA,2024,Q4,225024899,1.63
SANA,2025,Q1,225555379,1.68
SANA,2025,Q2,237806498,2.73
SANA,2025,Q3,266366120,3.55
SANA,2025,Q4,266866897,4.07
SANM,2024,Q1,55453598,62.18
SANM,2024,Q2,54646646,66.25
SANM,2024,Q3,53927576,68.45
SANM,2024,Q4,54325319,75.67
SANM,2025,Q1,53463807,76.18
SANM,2025,Q2,53284450,97.83
SANM,2025,Q3,54563887,115.11
SANM,2025,Q4,54604888,150.07
SANM,2026,Q1,53597735,129.64
SAP,2025,Q4,1228504232,242.91
SAR,2025,Q1,15364864,25.33
SAR,2025,Q4,16184058,23.07
SARO,2024,Q3,334461630,
SARO,2024,Q4,334461630,24.76
SARO,2025,Q1,334461630,26.64
SARO,2025,Q2,334470264,31.65
SARO,2025,Q3,334470264,27.29
SARO,2025,Q4,332654814,28.68
SATL,2024,Q4,83474479,2.85
SATL,2025,Q1,90526937,3.57
SATL,2025,Q2,94985681,3.62
SATL,2025,Q3,124884514,3.28
SATL,2025,Q4,132475998,1.87
SATS,2024,Q1,140173977,14.25
SATS,2024,Q2,140332352,17.81
SATS,2024,Q3,140492384,24.82
SATS,2024,Q4,155094308,22.9
SATS,2025,Q1,156030172,25.58
SATS,2025,Q2,156367964,27.7
SATS,2025,Q3,156527847,76.36
SATS,2025,Q4,157527391,108.7
SAVA,2024,Q1,47976166,20.29
SAVA,2024,Q2,47976166,12.35
SAVA,2024,Q3,48110475,29.43
SAVA,2024,Q4,48307896,2.36
SAVA,2025,Q1,48307896,1.5
SAVA,2025,Q2,48307896,1.81
SAVA,2025,Q3,48307896,2.91
SAVA,2025,Q4,48307896,1.98
SB,2025,Q4,102259402,4.82
SBAC,2024,Q1,107443014,216.7
SBAC,2024,Q2,107472463,196.3
SBAC,2024,Q3,107522616,240.7
SBAC,2024,Q4,107615241,203.8
SBAC,2025,Q1,107451771,220.01
SBAC,2025,Q2,107487000,234.84
SBAC,2025,Q3,106773000,193.35
SBAC,2025,Q4,105666000,193.43
SBC,2025,Q3,102576943,4.34
SBC,2025,Q4,102576943,4.31
SBCF,2024,Q1,84935054,25.39
SBCF,2024,Q2,85299154,23.64
SBCF,2024,Q3,85441001,26.65
SBCF,2024,Q4,85612136,27.53
SBCF,2025,Q1,85985448,25.73
SBCF,2025,Q2,87854715,27.62
SBCF,2025,Q3,97828149,30.43
SBCF,2025,Q4,97958734,31.42
SBEV,2025,Q3,2550694,
SBEV,2025,Q4,1669835,
SBFG,2025,Q3,6298527,19.29
SBFG,2025,Q4,6302455,22.27
SBFM,2025,Q3,4905945,
SBFM,2025,Q4,4905945,
SBGI,2024,Q1,42402724,13.47
SBGI,2024,Q2,42587247,13.33
SBGI,2024,Q3,42645544,15.3
SBGI,2024,Q4,42694274,16.14
SBGI,2025,Q1,45796487,15.93
SBGI,2025,Q2,45871818,13.82
SBGI,2025,Q3,45908531,15.1
SBGI,2025,Q4,47863797,15.3
SBH,2024,Q2,102642597,10.73
SBH,2024,Q3,101880965,13.57
SBH,2024,Q4,101954447,10.45
SBH,2025,Q1,100894229,9.03
SBH,2025,Q2,98944792,9.26
SBH,2025,Q3,97497664,16.28
SBH,2025,Q4,97008814,14.26
SBLK,2024,Q3,114196000,23.69
SBLK,2024,Q4,117892000,14.95
SBLK,2025,Q1,117128000,15.56
SBLK,2025,Q3,117630000,18.59
SBLK,2025,Q4,113424507,19.22
SBRA,2024,Q1,231495570,14.77
SBRA,2024,Q2,234263766,15.4
SBRA,2024,Q3,236586805,18.61
SBRA,2024,Q4,237910973,17.32
SBRA,2025,Q1,237936460,17.47
SBRA,2025,Q2,239792173,18.44
SBRA,2025,Q3,249349673,18.64
SBRA,2025,Q4,252145717,18.94
SBSI,2024,Q2,30266256,27.61
SBSI,2024,Q3,30308414,33.43
SBSI,2024,Q4,30389659,31.76
SBSI,2025,Q1,30213963,28.96
SBSI,2025,Q2,30080108,29.43
SBSI,2025,Q3,30066126,28.25
SBSI,2025,Q4,29735507,30.39
SBSW,2024,Q3,707641984,4.11
SBSW,2024,Q4,707641984,3.3
SBSW,2025,Q1,707641984,4.58
SBUX,2024,Q1,1132700000,91.39
SBUX,2024,Q2,1133200000,77.85
SBUX,2024,Q3,1133800000,97.49
SBUX,2024,Q4,1135900000,91.25
SBUX,2025,Q1,1136400000,98.09
SBUX,2025,Q2,1136700000,91.63
SBUX,2025,Q3,1137100000,84.6
SBUX,2025,Q4,1139300000,84.21
SBUX,2026,Q1,1139700000,89.59
SBXD,2024,Q2,20455000,
SBXD,2024,Q3,20455000,
SBXD,2024,Q4,20455000,10.09
SBXD,2025,Q1,20455000,10.18
SBXD,2025,Q3,25450000,10.47
SBXD.U,2025,Q3,20455000,
SBXD.U,2025,Q4,20455000,
SCCO,2024,Q1,773116069,106.52
SCCO,2024,Q2,781159261,107.74
SCCO,2024,Q3,785540179,115.67
SCCO,2024,Q4,796182905,91.13
SCCO,2025,Q1,796186105,93.46
SCCO,2025,Q2,804067925,101.17
SCCO,2025,Q3,812191830,121.36
SCCO,2025,Q4,819103082,143.47
SCHL,2024,Q1,27777572,37.71
SCHL,2024,Q2,27412636,35.47
SCHL,2024,Q3,27309294,32.01
SCHL,2024,Q4,27273046,21.33
SCHL,2025,Q1,25858399,18.88
SCHL,2025,Q2,24221581,20.98
SCHL,2025,Q3,24310658,27.38
SCHL,2025,Q4,24613593,29.63
SCHL,2026,Q1,20914276,39.06
SCHW,2024,Q1,1777281304,72.34
SCHW,2024,Q2,1778444948,73.69
SCHW,2024,Q3,1779662088,64.81
SCHW,2024,Q4,1813567665,74.01
SCHW,2025,Q1,1816970383,78.28
SCHW,2025,Q2,1815219300,91.24
SCHW,2025,Q3,1776936770,95.47
SCHW,2025,Q4,1752210425,99.91
SCI,2024,Q1,146299031,74.21
SCI,2024,Q2,144537780,71.13
SCI,2024,Q3,144979108,78.93
SCI,2024,Q4,144212255,79.82
SCI,2025,Q1,143273999,80.2
SCI,2025,Q2,140806347,81.4
SCI,2025,Q3,140246179,83.22
SCI,2025,Q4,139223665,77.97
SCKT,2025,Q3,7976462,
SCKT,2025,Q4,8222958,1.01
SCL,2024,Q2,22493691,83.96
SCL,2024,Q3,22494728,77.25
SCL,2024,Q4,22504117,64.7
SCL,2025,Q1,22578449,55.04
SCL,2025,Q2,22616440,54.58
SCL,2025,Q3,22619015,47.7
SCL,2025,Q4,22635277,47.36
SCLX,2024,Q1,181189935,1.59
SCLX,2024,Q2,191790520,1.93
SCLX,2024,Q3,131721935,0.92
SCLX,2024,Q4,243312885,0.43
SCLX,2025,Q1,243312885,0.25
SCLX,2025,Q2,6955697,5.89
SCLX,2025,Q3,7585446,19.68
SCLX,2025,Q4,7033004,12.2
SCM,2025,Q3,28947254,13.06
SCM,2025,Q4,28947254,12.68
SCNX,2025,Q3,40630815,
SCNX,2025,Q4,40630815,
SCOR,2025,Q3,5015664,8.73
SCOR,2025,Q4,15023514,6.5
SCPH,2024,Q2,50028787,4.35
SCPH,2024,Q3,50040134,4.56
SCPH,2024,Q4,50283925,3.54
SCPH,2025,Q1,52791978,2.63
SCPH,2025,Q2,53298296,3.81
SCS,2023,Q4,93867310,13.52
SCS,2024,Q2,93882671,12.96
SCS,2024,Q3,93958492,13.49
SCS,2024,Q4,94078413,11.82
SCS,2025,Q1,95323074,10.96
SCS,2025,Q2,114643632,10.43
SCS,2025,Q3,114727802,17.2
SCSC,2024,Q1,24709204,44.04
SCSC,2024,Q2,24030822,44.31
SCSC,2024,Q3,24005107,48.03
SCSC,2024,Q4,23463543,47.45
SCSC,2025,Q1,22595608,34.01
SCSC,2025,Q2,21884508,41.81
SCSC,2025,Q3,21942503,43.99
SCSC,2025,Q4,21480385,39.06
SCVL,2024,Q2,27158322,36.89
SCVL,2024,Q3,27173695,43.85
SCVL,2024,Q4,27174765,33.08
SCVL,2025,Q1,27174403,21.99
SCVL,2025,Q2,27335733,18.71
SCVL,2025,Q3,27372822,20.79
SCVL,2025,Q4,27374968,16.88
SCVL,2026,Q1,27469571,
SCWO,2024,Q2,132725652,1.2
SCWO,2024,Q3,133168049,1.36
SCWO,2024,Q4,144576713,0.68
SCWO,2025,Q1,144682963,0.34
SCWO,2025,Q2,146482108,0.32
SCWO,2025,Q3,169248799,0.29
SCWO,2025,Q4,17441368,
SCYX,2025,Q3,41965058,0.77
SCYX,2025,Q4,44663832,0.63
SD,2024,Q2,37181630,12.93
SD,2024,Q3,37213798,12.23
SD,2024,Q4,37145231,11.71
SD,2025,Q1,36687041,11.42
SD,2025,Q2,36751873,10.82
SD,2025,Q3,36773746,11.28
SD,2025,Q4,36825163,14.43
SDGR,2024,Q1,63515197,27.0
SDGR,2024,Q2,63632340,19.34
SDGR,2024,Q3,63694574,18.55
SDGR,2024,Q4,63874200,19.29
SDGR,2025,Q1,64212693,19.74
SDGR,2025,Q2,64441780,20.12
SDGR,2025,Q3,64500510,20.06
SDGR,2025,Q4,64660908,17.88
SDHC,2025,Q3,9017638,17.66
SDHC,2025,Q4,9051303,16.77
SDHIU,2025,Q3,27938000,
SDHIU,2025,Q4,27938000,
SDOT,2025,Q3,1292080,
SDRL,2024,Q4,62163028,38.93
SDRL,2025,Q1,62225301,25.0
SDRL,2025,Q2,62225383,26.25
SDRL,2025,Q3,62374171,30.21
SDRL,2025,Q4,62449447,34.6
SDST,2025,Q3,9817809,
SDST,2025,Q4,9966473,
SE,2024,Q3,528812000,94.28
SE,2024,Q4,528812000,106.1
SE,2025,Q1,528812000,130.49
SE,2025,Q3,589110000,178.73
SE,2025,Q4,592019921,127.57
SEAT,2024,Q1,131426561,5.99
SEAT,2024,Q2,131858188,5.75
SEAT,2024,Q3,131520349,3.7
SEAT,2024,Q4,132697220,4.63
SEAT,2025,Q1,129847569,2.96
SEAT,2025,Q2,129420198,1.69
SEAT,2025,Q3,10725316,16.62
SEAT,2025,Q4,11712157,7.21
SEDG,2024,Q1,57299404,70.98
SEDG,2024,Q2,57299404,25.26
SEDG,2024,Q3,57950134,22.91
SEDG,2024,Q4,58782519,13.6
SEDG,2025,Q1,59044232,16.18
SEDG,2025,Q2,59374793,20.4
SEDG,2025,Q3,59800051,37.0
SEDG,2025,Q4,60366291,28.85
SEE,2024,Q1,145614668,37.2
SEE,2024,Q2,145672597,34.79
SEE,2024,Q3,145692448,36.3
SEE,2024,Q4,145761886,33.83
SEE,2025,Q1,147053304,28.9
SEE,2025,Q2,147094899,31.03
SEE,2025,Q3,147123218,35.35
SEE,2025,Q4,147373648,41.43
SEER,2024,Q2,57384174,1.68
SEER,2024,Q3,54921591,1.97
SEER,2024,Q4,55737066,2.31
SEER,2025,Q1,54823877,1.69
SEER,2025,Q2,56328539,2.14
SEER,2025,Q3,55786344,2.17
SEER,2025,Q4,56420772,1.83
SEG,2025,Q3,12735071,22.92
SEG,2025,Q4,12796250,19.77
SEGG,2025,Q3,5139652,
SEI,2024,Q2,30330894,8.58
SEI,2024,Q3,30455600,12.76
SEI,2024,Q4,38014098,28.78
SEI,2025,Q1,40403557,21.76
SEI,2025,Q2,44603740,28.29
SEI,2025,Q3,48802385,39.97
SEI,2025,Q4,53115995,45.97
SEIC,2024,Q1,131388447,71.9
SEIC,2024,Q2,129892888,64.69
SEIC,2024,Q3,128908648,69.19
SEIC,2024,Q4,126950448,82.48
SEIC,2025,Q1,124486658,77.63
SEIC,2025,Q2,123625060,89.86
SEIC,2025,Q3,122439410,84.85
SEIC,2025,Q4,122248132,82.02
SEIC,2026,Q1,120272976,78.47
SELF,2025,Q3,11337720,5.03
SELF,2025,Q4,11340552,5.1
SEM,2024,Q1,130031562,30.15
SEM,2024,Q2,130020968,35.06
SEM,2024,Q3,129466933,34.87
SEM,2024,Q4,128962850,18.85
SEM,2025,Q1,128538891,16.7
SEM,2025,Q2,123989261,15.18
SEM,2025,Q3,123817591,12.84
SEM,2025,Q4,124017191,14.85
SEMR,2024,Q2,123366232,13.39
SEMR,2024,Q3,123629504,15.71
SEMR,2024,Q4,126141031,11.88
SEMR,2025,Q1,127163651,9.33
SEMR,2025,Q2,127685802,9.05
SEMR,2025,Q3,128163859,7.08
SEMR,2025,Q4,130339390,11.89
SENEB,2025,Q1,5330247,
SENEB,2025,Q4,5208790,
SENS,2024,Q2,535574088,0.4
SENS,2024,Q3,592626155,0.35
SENS,2024,Q4,651850834,0.52
SENS,2025,Q1,654291100,0.66
SENS,2025,Q2,814680910,0.48
SENS,2025,Q3,40858460,0.44
SENS,2025,Q4,41770466,5.52
SEPN,2024,Q3,44402742,
SEPN,2024,Q4,44442496,22.9
SEPN,2025,Q1,44558338,5.79
SEPN,2025,Q2,44585135,10.57
SEPN,2025,Q3,44774192,18.81
SEPN,2025,Q4,44906374,27.88
SER,2025,Q3,10664064,
SER,2025,Q4,12314159,
SERA,2024,Q2,32400832,5.92
SERA,2024,Q3,32804741,7.8
SERA,2024,Q4,36695803,8.14
SERA,2025,Q1,36705025,3.68
SERA,2025,Q2,37094109,2.77
SERA,2025,Q3,37627034,3.06
SERA,2025,Q4,38176089,2.95
SERV,2024,Q1,37080717,
SERV,2024,Q2,39599706,
SERV,2024,Q3,44298197,7.95
SERV,2024,Q4,56918226,13.5
SERV,2025,Q1,57123356,5.75
SERV,2025,Q2,59881731,11.44
SERV,2025,Q3,74483482,11.63
SERV,2025,Q4,75690177,10.38
SES,2024,Q1,313130805,1.68
SES,2024,Q2,313656338,1.25
SES,2024,Q3,316703306,0.64
SES,2024,Q4,320778608,2.19
SES,2025,Q1,322972011,0.52
SES,2025,Q2,321839570,0.89
SES,2025,Q3,321190509,1.67
SES,2025,Q4,322742539,1.8
SES,2026,Q1,325402113,
SEZL,2025,Q3,34153102,79.53
SEZL,2025,Q4,33801675,63.48
SF,2024,Q1,102455815,78.17
SF,2024,Q2,102512761,84.15
SF,2024,Q3,102513000,93.9
SF,2024,Q4,102353000,106.08
SF,2025,Q1,103755000,94.26
SF,2025,Q2,102173406,103.78
SF,2025,Q3,101828332,113.47
SF,2025,Q4,103191947,125.22
SFBC,2025,Q3,2566069,46.06
SFBC,2025,Q4,2566069,43.63
SFBS,2024,Q1,54509296,66.36
SFBS,2024,Q2,54529826,63.19
SFBS,2024,Q3,54552393,80.45
SFBS,2024,Q4,54582041,84.74
SFBS,2025,Q1,54612062,82.6
SFBS,2025,Q2,54620329,77.51
SFBS,2025,Q3,54621834,80.53
SFBS,2025,Q4,54640525,71.79
SFD,2025,Q3,393112711,23.48
SFD,2025,Q4,393477263,22.33
SFD,2026,Q1,393477263,27.97
SFHG,2025,Q4,11300000,
SFIX,2024,Q1,94766527,2.64
SFIX,2024,Q2,99485668,4.15
SFIX,2024,Q3,104519802,2.82
SFIX,2024,Q4,104524754,4.31
SFIX,2025,Q1,112535690,3.25
SFIX,2025,Q2,114225435,3.7
SFIX,2025,Q3,118557927,4.35
SFIX,2025,Q4,118645941,5.25
SFIX,2026,Q1,121382902,
SFL,2025,Q4,144562927,7.81
SFM,2024,Q1,100477263,64.48
SFM,2024,Q2,100130499,83.66
SFM,2024,Q3,99991294,110.41
SFM,2024,Q4,98585382,127.07
SFM,2025,Q1,97858620,152.64
SFM,2025,Q2,97726169,164.64
SFM,2025,Q3,97369439,108.8
SFM,2025,Q4,94576393,79.67
SFNC,2024,Q1,125483442,19.46
SFNC,2024,Q2,125550914,17.58
SFNC,2024,Q3,125573336,21.54
SFNC,2024,Q4,125807117,22.18
SFNC,2025,Q1,125952425,20.53
SFNC,2025,Q2,144700945,18.96
SFNC,2025,Q3,144717601,19.17
SFNC,2025,Q4,144867846,18.85
SFST,2025,Q3,8189177,44.12
SFST,2025,Q4,8231198,51.52
SFWL,2025,Q4,40617513,
SG,2024,Q1,100440089,25.26
SG,2024,Q2,101771527,30.14
SG,2024,Q3,103413793,35.45
SG,2024,Q4,105387456,32.06
SG,2025,Q1,105788297,25.02
SG,2025,Q2,106318359,14.88
SG,2025,Q3,106479983,7.98
SG,2025,Q4,106902423,6.76
SGA,2025,Q3,6439921,12.44
SGBX,2025,Q3,5688555,
SGC,2025,Q3,15968792,10.72
SGC,2025,Q4,15704912,9.68
SGD,2025,Q3,9046421,
SGD,2025,Q4,2507537,
SGHT,2024,Q2,50307299,6.67
SGHT,2024,Q3,50754616,6.3
SGHT,2024,Q4,51332694,3.64
SGHT,2025,Q1,51702088,2.4
SGHT,2025,Q2,52367359,4.13
SGHT,2025,Q3,52871731,3.44
SGHT,2025,Q4,54005984,7.93
SGI,2024,Q1,173625241,56.82
SGI,2024,Q2,173649328,47.34
SGI,2024,Q3,173652870,54.6
SGI,2024,Q4,208524132,56.69
SGI,2025,Q1,208584886,59.88
SGI,2025,Q2,209888100,68.05
SGI,2025,Q3,209907662,84.33
SGI,2025,Q4,210340624,89.28
SGLY,2025,Q2,4203492,
SGLY,2025,Q4,7293492,
SGMA,2025,Q2,6119288,2.98
SGML,2025,Q4,111402979,13.19
SGMO,2024,Q1,207510076,0.67
SGMO,2024,Q2,208220670,0.36
SGMO,2024,Q3,208646870,0.87
SGMO,2024,Q4,224710019,1.02
SGMO,2025,Q1,233166972,0.66
SGMO,2025,Q2,301709485,0.54
SGMO,2025,Q3,336494489,0.67
SGMO,2025,Q4,336494476,0.42
SGMT,2025,Q3,31001109,6.86
SGMT,2025,Q4,32017613,5.92
SGN,2025,Q3,4017781,
SGRP,2025,Q3,23949991,1.03
SGRP,2025,Q4,24129991,0.79
SGRY,2024,Q1,127094449,29.83
SGRY,2024,Q2,127123940,23.79
SGRY,2024,Q3,127113514,32.24
SGRY,2024,Q4,127613091,21.17
SGRY,2025,Q1,128160075,23.75
SGRY,2025,Q2,128209410,22.23
SGRY,2025,Q3,129341779,21.64
SGRY,2025,Q4,129419836,15.45
SGU,2025,Q3,32976515,11.83
SGU,2025,Q4,32879055,11.84
SHAK,2024,Q1,39635653,104.03
SHAK,2024,Q2,39982821,90.0
SHAK,2024,Q3,40027357,103.21
SHAK,2024,Q4,40082069,129.8
SHAK,2025,Q1,40221863,88.17
SHAK,2025,Q2,40247757,140.6
SHAK,2025,Q3,40253589,93.61
SHAK,2025,Q4,40257722,81.17
SHBI,2024,Q2,33316252,11.45
SHBI,2024,Q3,33326772,13.99
SHBI,2024,Q4,33352164,15.85
SHBI,2025,Q1,33374265,13.54
SHBI,2025,Q2,33417377,15.72
SHBI,2025,Q3,33426756,16.41
SHBI,2025,Q4,33418125,17.68
SHC,2024,Q2,283214342,11.87
SHC,2024,Q3,283239029,16.7
SHC,2024,Q4,283473342,13.68
SHC,2025,Q1,283855074,11.66
SHC,2025,Q2,284046606,11.12
SHC,2025,Q3,284093929,15.73
SHC,2025,Q4,284392079,17.64
SHCO,2024,Q1,54924322,5.67
SHCO,2024,Q2,53385820,5.31
SHCO,2024,Q3,52560469,5.1
SHCO,2024,Q4,52996501,7.45
SHCO,2025,Q1,53020686,6.18
SHCO,2025,Q2,53604734,7.35
SHCO,2025,Q3,54067339,8.85
SHEL,2024,Q3,3092960000,65.95
SHEL,2024,Q4,3038619904,62.65
SHEL,2025,Q1,2990779904,73.28
SHEL,2025,Q3,2910000000,71.53
SHEL,2025,Q4,5689891670,73.48
SHEN,2024,Q2,54572498,16.33
SHEN,2024,Q3,54602146,14.11
SHEN,2024,Q4,54672524,12.61
SHEN,2025,Q1,54857145,12.57
SHEN,2025,Q2,54897070,13.66
SHEN,2025,Q3,54898139,13.42
SHEN,2025,Q4,55301648,11.56
SHFS,2025,Q3,3081076,
SHFS,2025,Q4,4281523,
SHIM,2025,Q1,34361459,
SHIM,2025,Q4,35815479,
SHIM,2026,Q1,36091730,
SHIP,2025,Q4,21114098,9.23
SHLS,2024,Q1,170420309,11.18
SHLS,2024,Q2,166646253,6.24
SHLS,2024,Q3,166699123,5.61
SHLS,2024,Q4,166994671,5.53
SHLS,2025,Q1,167174809,3.32
SHLS,2025,Q2,167353860,4.25
SHLS,2025,Q3,167388418,7.41
SHLS,2025,Q4,167450324,8.5
SHO,2024,Q1,203674398,11.14
SHO,2024,Q2,203343454,10.46
SHO,2024,Q3,200901248,10.32
SHO,2024,Q4,201019097,11.84
SHO,2025,Q1,198858961,9.41
SHO,2025,Q2,189969350,8.68
SHO,2025,Q3,189903149,9.37
SHO,2025,Q4,189519492,8.94
SHOO,2024,Q1,73378158,42.28
SHOO,2024,Q2,72616666,42.3
SHOO,2024,Q3,72191024,48.99
SHOO,2024,Q4,72383730,42.52
SHOO,2025,Q1,72627750,26.64
SHOO,2025,Q2,72652392,23.98
SHOO,2025,Q3,72657937,33.48
SHOO,2025,Q4,72911811,41.64
SHOP,2024,Q3,1211120000,80.14
SHOP,2024,Q4,1215528049,106.33
SHOP,2025,Q1,1218135388,95.48
SHOP,2025,Q2,1220418767,115.35
SHOP,2025,Q3,1222600912,148.61
SHOP,2025,Q4,1226037779,160.97
SHOT,2025,Q3,183976283,0.27
SHOT,2025,Q4,7851315,
SHPH,2025,Q3,1603285,
SHPH,2025,Q4,5591290,
SHW,2024,Q1,253549049,347.33
SHW,2024,Q2,252257630,298.43
SHW,2024,Q3,251853291,381.67
SHW,2024,Q4,251364135,339.93
SHW,2025,Q1,250600582,349.19
SHW,2025,Q2,249333316,343.36
SHW,2025,Q3,247893513,346.26
SHW,2025,Q4,247774767,324.03
SHW,2026,Q1,246635621,320.55
SHYF,2024,Q2,34462789,11.86
SHYF,2024,Q3,34494454,12.55
SHYF,2024,Q4,34932272,11.74
SHYF,2025,Q1,35006084,
SIBN,2024,Q2,41694135,12.93
SIBN,2024,Q3,41938179,13.98
SIBN,2024,Q4,42453116,14.02
SIBN,2025,Q1,42614514,14.03
SIBN,2025,Q2,43140936,18.82
SIBN,2025,Q3,43391254,14.72
SIBN,2025,Q4,44165287,19.72
SID,2024,Q3,1326089984,2.39
SID,2024,Q4,1326089984,1.44
SID,2025,Q1,1326089984,1.67
SID,2025,Q3,1330000000,1.5
SID,2025,Q4,1326094000,1.6
SIDU,2025,Q3,35147483,1.04
SIDU,2025,Q4,66419852,3.14
SIEB,2025,Q3,40426936,2.92
SIEB,2025,Q4,40940936,3.51
SIF,2025,Q3,6173688,
SIF,2025,Q4,6215128,
SIG,2024,Q1,44503286,100.07
SIG,2024,Q2,44606286,89.58
SIG,2024,Q3,44049793,103.14
SIG,2024,Q4,43491397,80.71
SIG,2025,Q1,42895787,58.06
SIG,2025,Q2,41150235,79.55
SIG,2025,Q3,40948860,95.92
SIG,2025,Q4,40684442,82.88
SIG,2026,Q1,40067774,84.64
SIGA,2024,Q1,71122516,8.56
SIGA,2024,Q2,71369274,7.59
SIGA,2024,Q3,71404669,6.75
SIGA,2024,Q4,71436927,6.01
SIGA,2025,Q1,71441083,5.48
SIGA,2025,Q2,71606003,6.52
SIGA,2025,Q3,71611302,9.15
SIGA,2025,Q4,71644400,6.11
SIGI,2024,Q1,60792024,109.17
SIGI,2024,Q2,60833139,93.83
SIGI,2024,Q3,60792831,93.3
SIGI,2024,Q4,60847896,93.52
SIGI,2025,Q1,60772988,91.54
SIGI,2025,Q2,60850304,86.65
SIGI,2025,Q3,60409116,81.07
SIGI,2025,Q4,60081960,83.67
SIGI,2026,Q1,59869520,75.39
SII,2025,Q4,25786258,97.92
SILA,2024,Q2,55018168,21.17
SILA,2024,Q3,55018442,25.29
SILA,2024,Q4,55143443,24.32
SILA,2025,Q1,55145873,26.71
SILA,2025,Q2,55161450,23.67
SILA,2025,Q3,55119856,25.1
SILA,2025,Q4,55246390,23.31
SILO,2025,Q3,13318273,
SILO,2025,Q4,14166593,0.34
SIMA,2024,Q2,23000000,
SIMA,2024,Q3,23000000,9.99
SIMA,2024,Q4,23000000,10.04
SIMA,2025,Q1,23000000,10.22
SIMA,2025,Q3,30670000,10.54
SIMAU,2025,Q3,23000000,
SIMAU,2025,Q4,23000000,
SIMO,2024,Q3,33681600,60.74
SIMO,2024,Q4,33681600,54.05
SIMO,2025,Q1,33681600,50.56
SIMO,2025,Q3,33980000,94.81
SIMO,2025,Q4,33983671,92.7
SINT,2025,Q3,3851956,4.09
SINT,2025,Q4,4121727,
SION,2025,Q1,44092117,10.46
SION,2025,Q2,44139823,17.35
SION,2025,Q3,44628788,29.41
SION,2025,Q4,44998073,41.14
SIRI,2024,Q1,3846631694,3.88
SIRI,2024,Q2,3850363154,2.83
SIRI,2024,Q3,339202065,23.65
SIRI,2024,Q4,338768644,22.8
SIRI,2025,Q1,337924539,22.55
SIRI,2025,Q2,336740461,22.97
SIRI,2025,Q3,336561636,23.28
SIRI,2025,Q4,334772877,20.0
SITC,2024,Q1,209543106,14.65
SITC,2024,Q2,209562059,14.5
SITC,2024,Q3,52430161,60.5
SITC,2024,Q4,52430425,15.29
SITC,2025,Q1,52444898,12.84
SITC,2025,Q2,52444898,11.31
SITC,2025,Q3,52462340,9.01
SITC,2025,Q4,52462340,6.42
SITE,2024,Q1,45212090,174.55
SITE,2024,Q2,45121230,121.41
SITE,2024,Q3,45120885,150.91
SITE,2024,Q4,44964924,131.77
SITE,2025,Q1,44809549,121.44
SITE,2025,Q2,44612581,120.94
SITE,2025,Q3,44536512,128.8
SITE,2025,Q4,44459316,124.56
SITM,2024,Q1,22871540,93.23
SITM,2024,Q2,23132290,124.38
SITM,2024,Q3,23361995,171.51
SITM,2024,Q4,23597831,214.53
SITM,2025,Q1,23721597,152.87
SITM,2025,Q2,26003972,213.08
SITM,2025,Q3,26100630,301.31
SITM,2025,Q4,26299915,353.19
SJM,2024,Q1,106175550,125.87
SJM,2024,Q2,106195350,109.04
SJM,2024,Q3,106406222,121.1
SJM,2024,Q4,106415968,110.12
SJM,2025,Q1,106416621,118.41
SJM,2025,Q2,106508017,98.2
SJM,2025,Q3,106685160,108.6
SJM,2025,Q4,106694327,97.81
SJM,2026,Q1,106648319,96.44
SJW,2024,Q2,32711600,54.22
SJW,2024,Q3,33253536,58.11
SJW,2024,Q4,33671362,49.22
SJW,2025,Q1,34182947,
SKE,2025,Q4,121300287,23.73
SKIL,2025,Q1,8316856,19.24
SKIL,2025,Q4,8752045,9.3
SKIL,2026,Q1,8796145,
SKIN,2024,Q1,123632222,4.44
SKIN,2024,Q2,124020249,1.92
SKIN,2024,Q3,124122158,1.44
SKIN,2024,Q4,125245176,1.59
SKIN,2025,Q1,125994343,1.34
SKIN,2025,Q2,126825397,1.91
SKIN,2025,Q3,127503059,1.99
SKIN,2025,Q4,127773050,1.39
SKLZ,2023,Q3,18017597,
SKLZ,2023,Q4,15800000,6.24
SKLZ,2024,Q1,14600000,6.49
SKLZ,2024,Q2,14001209,7.18
SKLZ,2024,Q3,14438426,5.62
SKLZ,2024,Q4,13458600,5.03
SKLZ,2025,Q1,13300000,4.5
SKLZ,2025,Q3,17430000,8.0
SKLZ,2025,Q4,15305694,4.31
SKT,2024,Q1,109352636,29.53
SKT,2024,Q2,109353536,27.11
SKT,2024,Q3,110692577,33.18
SKT,2024,Q4,112783687,34.13
SKT,2025,Q1,113173606,33.79
SKT,2025,Q2,113174006,30.58
SKT,2025,Q3,115110004,33.84
SKT,2025,Q4,114507737,33.37
SKWD,2024,Q2,40096132,36.18
SKWD,2024,Q3,40099931,40.73
SKWD,2024,Q4,40127908,50.54
SKWD,2025,Q1,40402879,52.92
SKWD,2025,Q2,40486656,57.79
SKWD,2025,Q3,40487365,47.56
SKWD,2025,Q4,44467084,51.11
SKX,2024,Q1,132395249,61.26
SKX,2024,Q2,132542841,69.12
SKX,2024,Q3,131593345,66.92
SKX,2024,Q4,130041034,67.24
SKX,2025,Q1,130289468,56.78
SKX,2025,Q2,130962336,63.1
SKY,2023,Q4,57636000,74.26
SKY,2024,Q1,57861613,85.01
SKY,2024,Q2,57579000,67.75
SKY,2024,Q3,57384000,94.85
SKY,2024,Q4,57198000,88.1
SKY,2025,Q1,57109000,94.76
SKY,2025,Q2,56518125,62.61
SKY,2025,Q3,55858285,76.37
SKY,2025,Q4,55302021,84.5
SKYE,2025,Q3,32057461,3.93
SKYE,2025,Q4,33378764,0.75
SKYH,2025,Q3,33918464,9.87
SKYH,2025,Q4,34114924,8.97
SKYQ,2025,Q3,24776381,0.62
SKYQ,2025,Q4,3757449,0.22
SKYT,2024,Q1,47349929,10.17
SKYT,2024,Q2,47479418,7.65
SKYT,2024,Q3,47655998,9.08
SKYT,2024,Q4,47995078,13.8
SKYT,2025,Q1,48037024,7.09
SKYT,2025,Q2,48175815,9.84
SKYT,2025,Q3,48508000,18.66
SKYT,2025,Q4,47995078,18.16
SKYW,2024,Q1,40259473,69.08
SKYW,2024,Q2,40103688,82.07
SKYW,2024,Q3,40327811,85.02
SKYW,2024,Q4,40330017,100.13
SKYW,2025,Q1,40467238,87.37
SKYW,2025,Q2,40378254,102.97
SKYW,2025,Q3,40103900,100.62
SKYW,2025,Q4,40406672,100.41
SKYW,2026,Q1,39660281,91.83
SKYX,2025,Q3,113749372,1.12
SKYX,2025,Q4,133281119,2.17
SLAB,2024,Q1,31924000,143.72
SLAB,2024,Q2,32289000,110.63
SLAB,2024,Q3,32343000,115.57
SLAB,2024,Q4,32458000,124.22
SLAB,2025,Q2,32473000,147.36
SLAB,2025,Q3,32815310,131.13
SLAB,2025,Q4,32852942,130.7
SLAB,2026,Q1,32955929,208.15
SLB,2024,Q1,1429337724,54.81
SLB,2024,Q2,1419841229,47.18
SLB,2024,Q3,1412154298,41.95
SLB,2024,Q4,1400850420,38.34
SLB,2025,Q1,1360161654,41.8
SLB,2025,Q2,1351248823,33.8
SLB,2025,Q3,1493923635,34.37
SLB,2025,Q4,1495331485,38.38
SLDB,2024,Q1,38379413,13.32
SLDB,2024,Q2,38595237,5.67
SLDB,2024,Q3,39954607,6.97
SLDB,2024,Q4,77492959,4.0
SLDB,2025,Q1,77515377,3.7
SLDB,2025,Q2,77869071,4.87
SLDB,2025,Q3,77910239,6.17
SLDB,2025,Q4,98391314,5.64
SLDE,2025,Q3,124289799,15.79
SLDE,2025,Q4,124319406,19.48
SLDP,2024,Q1,177045891,2.03
SLDP,2024,Q2,178962858,1.65
SLDP,2024,Q3,180387669,1.35
SLDP,2024,Q4,181992040,1.89
SLDP,2025,Q1,179362078,1.05
SLDP,2025,Q2,181284380,2.19
SLDP,2025,Q3,191023570,3.47
SLDP,2025,Q4,220578327,4.25
SLE,2025,Q3,10075954,
SLE,2025,Q4,1460449,
SLF,2025,Q4,553799595,62.4
SLG,2024,Q1,64805769,55.13
SLG,2024,Q2,64814013,56.64
SLG,2024,Q3,65618742,69.61
SLG,2024,Q4,71004564,67.92
SLG,2025,Q1,71016826,57.7
SLG,2025,Q2,71022141,61.9
SLG,2025,Q3,71025886,59.81
SLG,2025,Q4,71031183,45.87
SLGL,2025,Q4,2786158,
SLGN,2024,Q1,106775134,48.56
SLGN,2024,Q2,106779356,42.33
SLGN,2024,Q3,106794650,52.5
SLGN,2024,Q4,106794650,52.05
SLGN,2025,Q1,106993180,51.12
SLGN,2025,Q2,106993180,54.18
SLGN,2025,Q3,105668015,43.01
SLGN,2025,Q4,105441971,40.37
SLI,2025,Q4,239705571,4.47
SLM,2024,Q1,220275834,21.79
SLM,2024,Q2,217461360,20.79
SLM,2024,Q3,212330467,22.87
SLM,2024,Q4,210423462,27.58
SLM,2025,Q1,210738845,29.37
SLM,2025,Q2,208481380,32.79
SLM,2025,Q3,203038649,27.68
SLM,2025,Q4,198154626,27.06
SLM,2026,Q1,188582790,21.41
SLN,2024,Q4,141674074,6.88
SLN,2025,Q1,141690850,2.82
SLN,2025,Q2,141701848,5.8
SLN,2025,Q3,141701848,5.19
SLN,2025,Q4,141701848,6.08
SLND,2025,Q3,54113036,4.29
SLND,2025,Q4,54113036,3.32
SLNG,2025,Q3,18596301,
SLNG,2025,Q4,18596301,
SLNH,2025,Q3,68423108,2.35
SLNH,2025,Q4,111381064,1.17
SLNO,2024,Q1,33411329,42.8
SLNO,2024,Q2,38871594,40.8
SLNO,2024,Q3,43117432,50.49
SLNO,2024,Q4,45857291,44.95
SLNO,2025,Q1,50393931,71.45
SLNO,2025,Q2,53145009,83.78
SLNO,2025,Q3,53710025,67.6
SLNO,2025,Q4,51624384,46.3
SLP,2024,Q1,19984945,41.15
SLP,2024,Q2,20007738,48.62
SLP,2024,Q3,20067184,32.02
SLP,2024,Q4,20092435,27.89
SLP,2025,Q1,20111045,24.52
SLP,2025,Q2,20127110,17.45
SLP,2025,Q3,20144564,15.07
SLP,2025,Q4,20146585,18.23
SLP,2026,Q1,20205482,
SLQT,2024,Q1,169158740,2.0
SLQT,2024,Q2,171443421,2.76
SLQT,2024,Q3,171504499,2.17
SLQT,2024,Q4,172144283,3.72
SLQT,2025,Q1,172721268,3.34
SLQT,2025,Q2,172816730,2.38
SLQT,2025,Q3,175971744,1.96
SLQT,2025,Q4,176289664,1.41
SLRC,2024,Q1,54554634,
SLRC,2024,Q2,54554634,16.09
SLRC,2024,Q3,54554634,15.05
SLRC,2024,Q4,54554634,16.16
SLRC,2025,Q1,54554634,16.86
SLRC,2025,Q2,54554634,16.14
SLRC,2025,Q3,54554634,15.29
SLRC,2025,Q4,54554634,15.46
SLRN,2024,Q2,99808262,4.41
SLRN,2024,Q3,100325569,4.93
SLRN,2024,Q4,100709853,3.14
SLRN,2025,Q1,100953651,
SLRX,2025,Q3,5862178,
SLS,2025,Q3,142442239,1.61
SLS,2025,Q4,179582574,3.77
SLSN,2025,Q3,70536845,
SLSN,2025,Q4,70632445,1.59
SLVM,2024,Q1,41127768,61.74
SLVM,2024,Q2,41001335,68.6
SLVM,2024,Q3,41008332,85.85
SLVM,2024,Q4,40546877,79.02
SLVM,2025,Q1,40722728,67.07
SLVM,2025,Q2,40372555,50.1
SLVM,2025,Q3,39438257,44.22
SLVM,2025,Q4,39508287,48.15
SLXN,2025,Q3,3126642,
SLXN,2025,Q4,3330785000,
SM,2024,Q1,115036144,49.85
SM,2024,Q2,114418413,43.23
SM,2024,Q3,114418413,39.97
SM,2024,Q4,114461934,38.76
SM,2025,Q1,114462218,29.95
SM,2025,Q2,114953972,24.71
SM,2025,Q3,114554192,24.97
SM,2025,Q4,238359166,18.7
SMA,2025,Q3,55363743,37.64
SMA,2025,Q4,55357177,30.94
SMBC,2025,Q2,11290667,54.78
SMBC,2025,Q4,11108279,59.12
SMBK,2025,Q3,17028001,35.73
SMBK,2025,Q4,17096969,36.99
SMC,2025,Q3,12261954,20.54
SMC,2025,Q4,12262320,26.68
SMCI,2024,Q1,58556527,1010.03
SMCI,2024,Q2,588087000,819.35
SMCI,2024,Q3,590997000,416.4
SMCI,2024,Q4,593481352,30.48
SMCI,2025,Q1,596817646,34.24
SMCI,2025,Q2,594273308,49.01
SMCI,2025,Q3,596971133,47.94
SMCI,2025,Q4,598989428,29.27
SMFG,2024,Q3,19574398976,12.63
SMFG,2024,Q4,6508939776,14.49
SMFG,2025,Q1,6458109952,15.46
SMFG,2025,Q3,6430000000,16.74
SMFG,2025,Q4,6401610641,19.33
SMG,2024,Q1,56799090,74.59
SMG,2024,Q2,56821100,65.06
SMG,2024,Q3,57406064,86.7
SMG,2024,Q4,57472700,66.34
SMG,2025,Q1,57715024,54.89
SMG,2025,Q2,57738577,65.96
SMG,2025,Q3,57995369,56.95
SMG,2025,Q4,58039753,58.35
SMHI,2024,Q2,27636184,13.49
SMHI,2024,Q3,27645262,9.65
SMHI,2024,Q4,27669361,6.56
SMHI,2025,Q1,26852347,5.06
SMHI,2025,Q2,26976259,5.1
SMHI,2025,Q3,26976259,6.49
SMHI,2025,Q4,26951786,6.02
SMID,2025,Q3,5304606,36.9
SMID,2025,Q4,5306554,36.34
SMLR,2025,Q3,15159895,30.0
SMMT,2024,Q2,724537751,7.8
SMMT,2024,Q3,737448146,21.9
SMMT,2024,Q4,737679704,17.85
SMMT,2025,Q1,742665924,19.29
SMMT,2025,Q2,742846672,21.28
SMMT,2025,Q3,744442538,20.66
SMMT,2025,Q4,775372700,17.49
SMP,2024,Q2,21712938,27.73
SMP,2024,Q3,21721825,33.2
SMP,2024,Q4,21861880,30.98
SMP,2025,Q1,21981023,24.93
SMP,2025,Q2,21987673,30.72
SMP,2025,Q3,21999190,40.82
SMP,2025,Q4,22145939,36.85
SMPL,2024,Q1,99988966,34.03
SMPL,2024,Q2,102500950,36.13
SMPL,2024,Q3,100221529,34.77
SMPL,2024,Q4,103393159,38.98
SMPL,2025,Q1,103415302,34.49
SMPL,2025,Q2,100541496,31.59
SMPL,2025,Q3,99857851,24.82
SMPL,2025,Q4,92575255,20.08
SMPL,2026,Q1,90489024,14.35
SMR,2024,Q1,88538809,5.31
SMR,2024,Q2,94715714,11.69
SMR,2024,Q3,101097113,11.58
SMR,2024,Q4,128175674,17.93
SMR,2025,Q1,133386513,14.16
SMR,2025,Q2,133893376,39.56
SMR,2025,Q3,167659304,36.0
SMR,2025,Q4,318603143,14.17
SMRT,2024,Q2,202393507,2.39
SMRT,2024,Q3,192569289,1.73
SMRT,2024,Q4,192701270,1.75
SMRT,2025,Q1,188178506,1.21
SMRT,2025,Q2,188070618,0.99
SMRT,2025,Q3,189200722,1.41
SMRT,2025,Q4,192223771,2.02
SMSI,2025,Q3,21585712,
SMSI,2025,Q4,25763019,0.54
SMTC,2024,Q1,64563181,27.49
SMTC,2024,Q2,64653410,29.88
SMTC,2024,Q3,75227342,45.66
SMTC,2024,Q4,75682863,61.85
SMTC,2025,Q1,86503534,34.4
SMTC,2025,Q2,86635593,45.14
SMTC,2025,Q3,86773988,71.45
SMTC,2025,Q4,92540057,73.69
SMTC,2026,Q1,92951167,76.89
SMTI,2025,Q3,8935657,31.73
SMTI,2025,Q4,9167040,23.35
SMTK,2025,Q3,6134963,
SMTK,2025,Q4,6839689,
SMWB,2025,Q4,86962202,7.49
SMX,2025,Q4,1795943,
SMXT,2025,Q3,54302950,1.05
SMXT,2025,Q4,56906572,
SN,2025,Q4,141242859,111.9
SNA,2024,Q1,52718549,296.22
SNA,2024,Q2,52682657,261.39
SNA,2024,Q3,52507402,289.71
SNA,2024,Q4,52393235,339.48
SNA,2025,Q1,52291024,337.01
SNA,2025,Q2,52163371,311.18
SNA,2025,Q3,52007557,346.53
SNA,2025,Q4,52163374,344.6
SNA,2026,Q1,51913121,363.22
SNAL,2025,Q3,8998728,
SNAL,2025,Q4,9032061,
SNAP,2024,Q1,1386883641,11.48
SNAP,2024,Q2,1405334384,16.61
SNAP,2024,Q3,1423056065,10.7
SNAP,2024,Q4,1442210767,10.77
SNAP,2025,Q1,1417027866,8.71
SNAP,2025,Q2,1727927000,8.69
SNAP,2025,Q3,1756066000,7.71
SNAP,2025,Q4,1756223000,8.07
SNBR,2024,Q1,22326000,16.03
SNBR,2024,Q2,22355000,9.57
SNBR,2024,Q3,22371000,18.32
SNBR,2024,Q4,22389000,15.24
SNBR,2025,Q1,22660000,6.34
SNBR,2025,Q2,22771000,6.76
SNBR,2025,Q3,22790000,7.02
SNBR,2025,Q4,22790001,8.46
SNBR,2026,Q1,22864000,
SNCR,2025,Q3,11507434,6.08
SNCY,2024,Q2,52807083,12.56
SNCY,2024,Q3,52939832,11.21
SNCY,2024,Q4,53157964,14.58
SNCY,2025,Q1,53201003,12.32
SNCY,2025,Q2,53316378,11.75
SNCY,2025,Q3,52714634,11.81
SNCY,2025,Q4,53223302,14.39
SND,2025,Q3,43543792,2.14
SND,2025,Q4,43538189,4.0
SNDA,2025,Q3,18770006,27.72
SNDA,2025,Q4,47388042,32.61
SNDK,2024,Q4,114863251,
SNDK,2025,Q1,145299218,47.61
SNDK,2025,Q2,145805548,45.35
SNDK,2026,Q1,147567249,635.34
SNDL,2024,Q3,265076000,2.06
SNDL,2024,Q4,265560000,1.79
SNDL,2025,Q1,257294000,1.41
SNDL,2025,Q3,262779999,2.68
SNDL,2025,Q4,263359123,1.66
SNDR,2024,Q2,83029500,24.16
SNDR,2024,Q3,83029500,28.54
SNDR,2024,Q4,83029500,29.28
SNDR,2025,Q1,83029500,22.85
SNDR,2025,Q2,92233497,24.15
SNDR,2025,Q3,92270093,21.16
SNDR,2025,Q4,92307016,26.53
SNDX,2024,Q1,84987060,23.8
SNDX,2024,Q2,85096358,20.53
SNDX,2024,Q3,85571205,19.25
SNDX,2024,Q4,86024394,13.22
SNDX,2025,Q1,86047449,12.29
SNDX,2025,Q2,86141862,9.36
SNDX,2025,Q3,86914838,15.39
SNDX,2025,Q4,88200596,21.01
SNES,2025,Q3,5223015,4.39
SNES,2025,Q4,5303426,2.14
SNEX,2024,Q1,31716068,70.26
SNEX,2024,Q2,31791288,75.31
SNEX,2024,Q3,31929644,81.88
SNEX,2024,Q4,32084624,97.97
SNEX,2025,Q1,48916600,76.38
SNEX,2025,Q2,52164564,91.14
SNEX,2025,Q3,52243891,100.92
SNEX,2025,Q4,52463316,95.13
SNFCA,2025,Q3,22398332,8.67
SNFCA,2025,Q4,22432763,9.01
SNGX,2025,Q3,10086130,1.16
SNGX,2025,Q4,10306079,
SNN,2025,Q4,877724845,32.81
SNOA,2025,Q1,1642765,
SNOA,2025,Q4,1730613,
SNOW,2024,Q1,334453000,161.6
SNOW,2024,Q2,334800000,135.09
SNOW,2024,Q3,335200000,114.86
SNOW,2024,Q4,330100000,154.41
SNOW,2025,Q1,334100000,146.16
SNOW,2025,Q2,333700000,223.77
SNOW,2025,Q3,338800000,225.55
SNOW,2025,Q4,342200000,219.36
SNOW,2026,Q1,345700000,150.82
SNPS,2024,Q1,152543690,571.5
SNPS,2024,Q2,153216093,595.06
SNPS,2024,Q3,153613744,506.39
SNPS,2024,Q4,154578449,485.36
SNPS,2025,Q1,154620076,428.85
SNPS,2025,Q2,155160938,512.68
SNPS,2025,Q3,185748673,493.39
SNPS,2025,Q4,191318206,469.72
SNPS,2026,Q1,191562027,396.48
SNRE,2025,Q4,70108614,
SNSE,2025,Q3,1261290,
SNSE,2025,Q4,1340281,
SNTI,2025,Q3,26290838,
SNTI,2025,Q4,31144497,1.04
SNV,2024,Q1,146439885,40.06
SNV,2024,Q2,143972321,40.19
SNV,2024,Q3,141665266,44.47
SNV,2024,Q4,140893828,51.23
SNV,2025,Q1,139013028,46.74
SNV,2025,Q2,138804263,51.75
SNV,2025,Q3,138817293,49.08
SNV,2025,Q4,138817297,50.05
SNWV,2025,Q3,8576164,37.48
SNWV,2025,Q4,8594209,29.84
SNX,2024,Q1,87658438,113.1
SNX,2024,Q2,85459663,115.4
SNX,2024,Q3,85088025,120.08
SNX,2024,Q4,99012000,117.28
SNX,2025,Q1,83921412,103.96
SNX,2025,Q2,82467079,135.7
SNX,2025,Q3,81437855,163.75
SNX,2025,Q4,80729152,150.23
SNX,2026,Q1,80391093,168.71
SNY,2024,Q3,2506870016,57.63
SNY,2024,Q4,2507180032,48.23
SNY,2025,Q1,2448069888,55.46
SNY,2025,Q3,2460000000,47.2
SNY,2025,Q4,1219427096,48.46
SNYR,2025,Q3,11251853,
SNYR,2025,Q4,11303853,
SO,2024,Q1,1093426111,71.74
SO,2024,Q2,1094565737,77.57
SO,2024,Q3,1095684180,90.18
SO,2024,Q4,1096802197,82.32
SO,2025,Q1,1099055064,91.95
SO,2025,Q2,1100047407,91.83
SO,2025,Q3,1101104843,94.77
SO,2025,Q4,1119391291,87.2
SOAR,2025,Q3,7441603,
SOAR,2025,Q4,16242827,
SOBO,2025,Q4,208250512,27.47
SOBR,2025,Q3,1516255,
SOBR,2025,Q4,1886238,
SOC,2024,Q1,60166269,
SOC,2024,Q2,64845435,15.07
SOC,2024,Q3,78789516,23.63
SOC,2024,Q4,89310996,22.9
SOC,2025,Q1,89338358,25.37
SOC,2025,Q2,99507250,21.98
SOC,2025,Q3,144961796,17.46
SOC,2025,Q4,147244086,9.02
SOFI,2024,Q1,1057223164,7.3
SOFI,2024,Q2,1065944831,6.61
SOFI,2024,Q3,1085146875,7.86
SOFI,2024,Q4,1096540215,15.4
SOFI,2025,Q1,1105363096,11.63
SOFI,2025,Q2,1197450100,18.21
SOFI,2025,Q3,1205903044,26.42
SOFI,2025,Q4,1275263850,26.18
SOHO,2025,Q3,20490501,0.81
SOHO,2025,Q4,20490501,2.15
SOHU,2025,Q4,26069022,15.64
SOL,2024,Q1,517279425,
SOL,2024,Q2,512549555,1.5
SOL,2024,Q3,512549555,2.7
SOL,2024,Q4,513216222,2.03
SOL,2025,Q1,513216222,1.57
SOL,2025,Q2,513216222,1.87
SOL,2025,Q3,513216222,1.89
SOLV,2024,Q1,172709505,69.55
SOLV,2024,Q2,172710593,52.88
SOLV,2024,Q3,172754070,69.72
SOLV,2024,Q4,172990490,66.06
SOLV,2025,Q1,173012922,76.04
SOLV,2025,Q2,173387798,75.84
SOLV,2025,Q3,173447557,73.0
SOLV,2025,Q4,173493005,79.24
SON,2024,Q1,98255819,57.84
SON,2024,Q2,98257749,50.72
SON,2024,Q3,98259598,54.63
SON,2024,Q4,98313581,48.85
SON,2025,Q1,98627981,47.24
SON,2025,Q2,98631072,43.56
SON,2025,Q3,98633013,43.09
SON,2025,Q4,98644015,43.64
SON,2026,Q1,98868689,54.09
SOND,2025,Q2,12764968,2.7
SONM,2025,Q3,1028693,
SONM,2025,Q4,1488268,
SONN,2025,Q2,6754352,
SONN,2025,Q3,7077352,4.58
SONO,2024,Q1,122900829,19.06
SONO,2024,Q2,121009890,14.76
SONO,2024,Q3,121763776,12.29
SONO,2024,Q4,119082663,15.04
SONO,2025,Q1,120087493,10.67
SONO,2025,Q2,120880277,10.81
SONO,2025,Q3,120240651,15.8
SONO,2025,Q4,120872657,17.56
SONY,2024,Q3,6047660032,96.57
SONY,2024,Q4,6017350144,21.16
SONY,2025,Q1,6029069824,25.39
SONY,2025,Q3,6050000000,28.79
SONY,2025,Q4,5963463040,25.6
SOPA,2025,Q3,6105525,
SOPH,2025,Q4,68486338,4.67
SOS,2024,Q3,18062100,
SOS,2024,Q4,2867270,
SOS,2025,Q1,2871680,
SOS,2025,Q3,6790000,
SOS,2025,Q4,8913010,
SOTK,2025,Q1,15727702,3.64
SOTK,2025,Q4,15710389,4.13
SOUL.U,2025,Q3,25620000,
SOUL.U,2025,Q4,25620000,
SOUN,2024,Q1,296434620,5.89
SOUN,2024,Q2,325997277,3.95
SOUN,2024,Q3,337014817,4.66
SOUN,2024,Q4,366426264,19.84
SOUN,2025,Q1,369198933,8.12
SOUN,2025,Q2,375150890,10.73
SOUN,2025,Q3,387560453,16.08
SOUN,2025,Q4,390278787,9.97
SOWG,2025,Q3,12223599,
SOWG,2025,Q4,13328469,
SPAI,2025,Q3,20973270,
SPAI,2025,Q4,20889586,4.16
SPB,2024,Q1,29150694,89.01
SPB,2024,Q2,28030597,85.93
SPB,2024,Q3,28051511,95.14
SPB,2024,Q4,26313921,84.49
SPB,2025,Q1,25003906,71.55
SPB,2025,Q2,24207034,53.0
SPB,2025,Q3,23375279,52.53
SPB,2025,Q4,23198788,59.08
SPCE,2024,Q1,411361910,1.48
SPCE,2024,Q2,28483577,8.43
SPCE,2024,Q3,28875495,6.1
SPCE,2024,Q4,35528350,5.88
SPCE,2025,Q1,41574845,3.03
SPCE,2025,Q2,57590965,2.73
SPCE,2025,Q3,63200245,3.86
SPCE,2025,Q4,63200244,3.21
SPEGU,2025,Q3,11500000,
SPEGU,2025,Q4,11500000,
SPFI,2025,Q3,16247839,38.65
SPFI,2025,Q4,16331422,38.8
SPG,2024,Q1,325935826,156.49
SPG,2024,Q2,326035383,151.8
SPG,2024,Q3,326270138,169.02
SPG,2024,Q4,326270138,172.21
SPG,2025,Q1,326417039,166.08
SPG,2025,Q2,326484763,160.76
SPG,2025,Q3,326462060,187.67
SPG,2025,Q4,324945274,185.11
SPGI,2024,Q1,312900000,425.45
SPGI,2024,Q3,310300000,516.62
SPGI,2024,Q4,307800000,498.03
SPGI,2025,Q1,306700000,508.1
SPGI,2025,Q2,305300000,527.29
SPGI,2025,Q3,302800000,486.71
SPGI,2025,Q4,298800000,522.59
SPH,2024,Q1,64045887,
SPH,2024,Q2,64071854,18.99
SPH,2024,Q3,64490096,17.94
SPH,2024,Q4,64493748,17.2
SPH,2025,Q1,64959363,21.01
SPH,2025,Q2,65473322,18.53
SPH,2025,Q3,66157310,18.65
SPH,2025,Q4,66331481,18.54
SPHR,2023,Q4,28272107,33.96
SPHR,2024,Q1,28461121,49.08
SPHR,2024,Q2,28493369,35.06
SPHR,2024,Q3,28926507,44.18
SPHR,2025,Q1,29132663,32.72
SPHR,2025,Q2,29132663,41.8
SPHR,2025,Q3,28447507,62.12
SPHR,2025,Q4,28635366,95.08
SPIR,2025,Q3,33100260,10.99
SPIR,2025,Q4,33504060,7.5
SPKLU,2025,Q3,4000000,
SPKLU,2025,Q4,4000000,
SPNT,2024,Q1,169753232,12.71
SPNT,2024,Q2,170572790,12.2
SPNT,2024,Q3,161866867,14.34
SPNT,2024,Q4,116429057,16.39
SPNT,2025,Q1,116020526,17.29
SPNT,2025,Q2,116759539,20.39
SPNT,2025,Q3,116814640,18.09
SPNT,2025,Q4,116990288,21.89
SPOK,2025,Q3,20598169,17.25
SPOK,2025,Q4,20730353,13.19
SPOT,2024,Q3,200808000,368.53
SPOT,2024,Q4,202079008,447.38
SPOT,2025,Q1,204707008,550.03
SPOT,2025,Q3,205890000,698.0
SPOT,2025,Q4,205832527,580.71
SPR,2024,Q1,116552203,36.07
SPR,2024,Q2,116620424,32.87
SPR,2024,Q3,116912390,32.51
SPR,2024,Q4,117266121,34.08
SPR,2025,Q1,117266000,34.46
SPR,2025,Q2,117318941,38.15
SPR,2025,Q3,117419234,38.6
SPR,2025,Q4,117523217,
SPRO,2025,Q3,56339295,1.88
SPRO,2025,Q4,57891493,2.33
SPRU,2024,Q1,18394829,
SPRU,2024,Q2,18557200,3.65
SPRU,2024,Q3,18602612,2.84
SPRU,2024,Q4,18078238,2.97
SPRU,2025,Q1,17826560,2.41
SPRU,2025,Q2,17834368,2.02
SPRU,2025,Q3,18168863,2.45
SPRU,2025,Q4,18168864,5.09
SPRY,2024,Q2,96941609,8.51
SPRY,2024,Q3,97185475,14.5
SPRY,2024,Q4,98119804,10.55
SPRY,2025,Q1,98213561,12.58
SPRY,2025,Q2,98826337,17.45
SPRY,2025,Q3,98848611,10.05
SPRY,2025,Q4,99297307,11.65
SPSC,2024,Q1,37032475,184.9
SPSC,2024,Q2,37095836,188.16
SPSC,2024,Q3,37568061,194.17
SPSC,2024,Q4,37773837,183.99
SPSC,2025,Q1,37977378,132.73
SPSC,2025,Q2,37908762,136.09
SPSC,2025,Q3,37709094,104.14
SPSC,2025,Q4,37390873,89.13
SPT,2024,Q1,49817372,59.71
SPT,2024,Q2,50419689,35.68
SPT,2024,Q3,50898474,29.07
SPT,2024,Q4,51318326,30.71
SPT,2025,Q1,51886255,21.99
SPT,2025,Q2,52645842,20.91
SPT,2025,Q3,53179992,12.92
SPT,2025,Q4,53690940,11.27
SPTN,2024,Q2,33891770,18.76
SPTN,2024,Q3,33745117,22.41
SPTN,2024,Q4,33754905,18.32
SPTN,2025,Q1,33689000,20.26
SPTN,2025,Q2,33849873,26.49
SPTN,2025,Q3,33858092,
SPWH,2024,Q2,37632000,2.41
SPWH,2024,Q3,37848369,2.71
SPWH,2024,Q4,37957282,2.67
SPWH,2025,Q1,38120087,0.99
SPWH,2025,Q2,38318169,3.45
SPWH,2025,Q3,38431079,2.77
SPWH,2025,Q4,38481095,1.46
SPWH,2026,Q1,38804440,
SPWR,2025,Q3,107621272,1.76
SPWR,2025,Q4,111334959,1.57
SPXC,2024,Q1,46230643,123.13
SPXC,2024,Q2,46295232,142.14
SPXC,2024,Q3,46358661,159.46
SPXC,2024,Q4,46382546,145.52
SPXC,2025,Q1,46706426,128.78
SPXC,2025,Q2,46758155,167.68
SPXC,2025,Q3,49835573,186.78
SPXC,2025,Q4,49876887,200.06
SQFT,2025,Q3,1439099,
SQFT,2025,Q4,1441678,
SQM,2024,Q3,142819008,41.68
SQM,2024,Q4,142819008,36.36
SQM,2025,Q1,142819008,39.73
SQM,2025,Q3,285640000,42.98
SQM,2025,Q4,285637834,68.8
SR,2024,Q1,57747978,61.37
SR,2024,Q2,57750474,60.73
SR,2024,Q3,57757260,67.29
SR,2024,Q4,58345839,67.83
SR,2025,Q1,59000000,78.25
SR,2025,Q2,59025080,72.99
SR,2025,Q3,59038129,81.52
SR,2025,Q4,59096588,82.7
SRAD,2025,Q4,221390294,23.77
SRBK,2025,Q2,8707164,13.5
SRBK,2025,Q4,8335468,15.74
SRCE,2024,Q2,24512343,53.62
SRCE,2024,Q3,24516293,59.88
SRCE,2024,Q4,24553443,58.38
SRCE,2025,Q1,24562911,59.81
SRCE,2025,Q2,24537756,62.07
SRCE,2025,Q3,24434704,61.56
SRCE,2025,Q4,24330147,62.49
SRCE,2026,Q1,24068891,
SRDX,2025,Q2,14297623,29.71
SRE,2024,Q1,632845743,71.83
SRE,2024,Q2,633145875,76.06
SRE,2024,Q3,633399264,83.63
SRE,2024,Q4,651457249,87.72
SRE,2025,Q1,652170380,71.36
SRE,2025,Q2,652472426,75.77
SRE,2025,Q3,652681521,89.98
SRE,2025,Q4,653284140,88.29
SRFM,2025,Q3,52266051,4.29
SRFM,2025,Q4,76993252,1.94
SRG,2024,Q1,56268317,9.65
SRG,2024,Q2,56268317,4.67
SRG,2024,Q3,56268317,4.65
SRG,2024,Q4,56324607,4.12
SRG,2025,Q1,56324607,3.23
SRG,2025,Q2,56324607,3.08
SRG,2025,Q3,56324607,4.25
SRG,2025,Q4,56324608,3.25
SRI,2024,Q2,27677748,15.96
SRI,2024,Q3,27688071,11.19
SRI,2024,Q4,27695248,6.27
SRI,2025,Q1,27846292,4.59
SRI,2025,Q2,28006494,7.04
SRI,2025,Q3,28016931,7.62
SRI,2025,Q4,28016931,5.79
SRM,2025,Q3,257115400,1.93
SRM,2025,Q4,274382064,1.24
SRPT,2024,Q1,94523766,129.46
SRPT,2024,Q2,95366334,158.0
SRPT,2024,Q3,95519650,124.89
SRPT,2024,Q4,97032073,121.59
SRPT,2025,Q1,98277032,63.82
SRPT,2025,Q2,97713438,17.1
SRPT,2025,Q3,104787187,19.27
SRPT,2025,Q4,104989772,21.52
SRRK,2024,Q1,79754065,17.76
SRRK,2024,Q2,80032623,8.33
SRRK,2024,Q3,93614951,8.01
SRRK,2024,Q4,94676763,43.22
SRRK,2025,Q1,94945562,32.15
SRRK,2025,Q2,96127265,35.42
SRRK,2025,Q3,102007457,37.24
SRRK,2025,Q4,114883096,44.05
SRTS,2025,Q3,16425036,3.14
SRTS,2025,Q4,16462059,3.98
SRXH,2025,Q3,27426843,
SRXH,2025,Q4,298207684,0.23
SRZN,2025,Q3,8571421,12.89
SRZN,2025,Q4,11486707,22.6
SSB,2024,Q1,76188904,85.03
SSB,2024,Q2,76246721,76.42
SSB,2024,Q3,76292522,97.18
SSB,2024,Q4,101364547,99.48
SSB,2025,Q1,101493370,92.82
SSB,2025,Q2,101208988,92.03
SSB,2025,Q3,100515361,98.87
SSB,2025,Q4,98068647,94.11
SSD,2024,Q1,42157919,205.18
SSD,2024,Q2,42162738,168.53
SSD,2024,Q3,42164088,191.27
SSD,2024,Q4,41974436,165.83
SSD,2025,Q1,41827893,157.08
SSD,2025,Q2,41617298,155.31
SSD,2025,Q3,41459275,167.46
SSD,2025,Q4,41402035,161.47
SSII,2025,Q3,193621149,6.5
SSII,2025,Q4,194356696,5.68
SSKN,2025,Q3,5888199,
SSKN,2025,Q4,5888199,
SSL,2024,Q3,629088000,6.76
SSL,2024,Q4,629987968,4.56
SSL,2025,Q1,629987968,4.23
SSL,2025,Q3,649380000,6.22
SSL,2025,Q4,637537681,6.51
SSNC,2024,Q1,247323277,64.37
SSNC,2024,Q2,245419928,62.67
SSNC,2024,Q3,247685131,74.21
SSNC,2024,Q4,246486228,75.78
SSNC,2025,Q1,246662398,83.53
SSNC,2025,Q2,244220641,82.8
SSNC,2025,Q3,244027403,88.76
SSNC,2025,Q4,241505294,87.42
SSP,2024,Q2,74185126,3.14
SSP,2024,Q3,74429781,2.25
SSP,2024,Q4,74768282,2.21
SSP,2025,Q1,75777756,2.96
SSP,2025,Q2,76400410,2.94
SSP,2025,Q3,76869408,2.46
SSP,2025,Q4,77096119,3.99
SSRM,2024,Q1,202089818,4.46
SSRM,2024,Q2,202096083,4.51
SSRM,2024,Q3,202369529,5.68
SSRM,2024,Q4,202386185,6.96
SSRM,2025,Q1,202777979,10.03
SSRM,2025,Q2,202780234,12.74
SSRM,2025,Q3,203001139,24.42
SSRM,2025,Q4,203326282,21.92
SSSS,2025,Q3,25119091,9.0
SSSS,2025,Q4,25387756,9.44
SST,2025,Q3,8128321,7.04
SST,2025,Q4,8083497,
SSTI,2025,Q3,12698453,12.06
SSTI,2025,Q4,12953937,8.03
SSTK,2024,Q1,35843326,45.81
SSTK,2024,Q2,35418308,38.7
SSTK,2024,Q3,34860865,35.37
SSTK,2024,Q4,34893659,30.35
SSTK,2025,Q1,35253704,18.63
SSTK,2025,Q2,35474129,18.96
SSTK,2025,Q3,35513216,20.85
SSTK,2025,Q4,35546755,19.1
SSTK,2026,Q1,36738014,
SSYS,2024,Q3,71132000,8.31
SSYS,2024,Q4,71385000,8.89
SSYS,2025,Q1,71782496,9.79
SSYS,2025,Q3,85090000,11.2
SSYS,2025,Q4,86109936,8.68
ST,2024,Q1,150738907,36.74
ST,2024,Q2,150957543,37.39
ST,2024,Q3,149566230,35.86
ST,2024,Q4,149551960,27.4
ST,2025,Q1,146290196,24.27
ST,2025,Q2,145639006,30.11
ST,2025,Q3,145678735,30.55
ST,2025,Q4,145799544,33.29
ST,2026,Q1,145432046,35.22
STAA,2024,Q1,49131110,38.28
STAA,2024,Q2,49188211,47.61
STAA,2024,Q3,49275875,37.15
STAA,2024,Q4,49325372,24.29
STAA,2025,Q1,49526129,17.63
STAA,2025,Q2,49553035,16.78
STAA,2025,Q3,49741953,26.87
STAA,2025,Q4,49365952,23.09
STAA,2026,Q1,49512749,
STAG,2024,Q1,182079559,38.44
STAG,2024,Q2,182110351,36.06
STAG,2024,Q3,182212292,39.09
STAG,2024,Q4,186564770,33.82
STAG,2025,Q1,186617553,36.12
STAG,2025,Q2,186696691,36.28
STAG,2025,Q3,186750070,35.29
STAG,2025,Q4,191036305,36.76
STAG,2026,Q1,191205055,36.06
STAI,2025,Q3,75613124,0.41
STBA,2024,Q2,38256204,33.39
STBA,2024,Q3,38259730,41.97
STBA,2024,Q4,38261027,38.22
STBA,2025,Q1,38330330,37.05
STBA,2025,Q2,38346004,37.82
STBA,2025,Q3,38222500,37.59
STBA,2025,Q4,36548632,39.35
STC,2024,Q1,27580535,65.06
STC,2024,Q2,27679051,62.08
STC,2024,Q3,27721674,74.74
STC,2024,Q4,27810679,67.49
STC,2025,Q1,27919414,71.35
STC,2025,Q2,27998523,65.1
STC,2025,Q3,28024203,73.32
STC,2025,Q4,30419415,70.26
STE,2023,Q4,98814035,219.85
STE,2024,Q1,98900010,224.82
STE,2024,Q2,98616743,219.54
STE,2024,Q3,98707327,242.54
STE,2024,Q4,98250789,205.56
STE,2025,Q1,98372310,226.65
STE,2025,Q2,98490606,240.22
STE,2025,Q3,98147009,247.44
STE,2025,Q4,98075025,253.52
STEL,2024,Q2,53574833,22.96
STEL,2024,Q3,53402953,25.89
STEL,2024,Q4,52950142,28.35
STEL,2025,Q1,51473176,27.66
STEL,2025,Q2,51352644,27.98
STEL,2025,Q3,51187494,30.34
STEL,2025,Q4,50772216,30.94
STEL,2026,Q1,50920698,36.61
STEM,2024,Q1,161651144,2.19
STEM,2024,Q2,162626235,1.11
STEM,2024,Q3,162754034,0.35
STEM,2024,Q4,164149723,0.6
STEM,2025,Q1,166358775,0.35
STEM,2025,Q2,8359047,6.23
STEM,2025,Q3,8390208,17.52
STEM,2025,Q4,8518974,15.05
STEP,2024,Q1,65614902,35.74
STEP,2024,Q2,67931869,45.89
STEP,2024,Q3,72681239,56.83
STEP,2024,Q4,75849734,57.88
STEP,2025,Q1,76761399,52.23
STEP,2025,Q4,80143962,64.17
STGW,2024,Q2,111731103,6.82
STGW,2024,Q3,111549222,7.02
STGW,2024,Q4,115014948,6.58
STGW,2025,Q1,267682735,6.05
STGW,2025,Q2,258702977,4.5
STGW,2025,Q3,252118245,5.63
STGW,2025,Q4,253452554,4.89
STHO,2025,Q3,12735503,8.23
STHO,2025,Q4,12088770,8.23
STI,2025,Q3,7465283,
STI,2025,Q4,7465283,
STIM,2024,Q2,30295465,1.8
STIM,2024,Q3,30347504,0.76
STIM,2024,Q4,65814512,1.61
STIM,2025,Q1,65820344,3.68
STIM,2025,Q2,66124820,3.49
STIM,2025,Q3,68485922,2.73
STIM,2025,Q4,69276593,1.38
STKL,2024,Q1,116085000,6.87
STKL,2024,Q2,116796000,5.4
STKL,2024,Q3,116882000,6.38
STKL,2024,Q4,117103000,7.7
STKL,2025,Q1,117242000,4.86
STKL,2025,Q2,118186075,5.8
STKL,2025,Q3,118216917,5.86
STKL,2026,Q1,118358568,6.48
STKS,2025,Q3,31104781,2.96
STKS,2025,Q4,31245373,1.75
STLA,2025,Q1,2880499968,11.21
STLA,2025,Q3,3020000000,9.34
STLA,2025,Q4,2897483196,10.89
STLD,2024,Q1,157133196,148.23
STLD,2024,Q2,154302528,129.5
STLD,2024,Q3,152244995,126.08
STLD,2024,Q4,150163986,114.07
STLD,2025,Q1,148453876,125.08
STLD,2025,Q2,147204589,128.01
STLD,2025,Q3,146034859,139.43
STLD,2025,Q4,144882401,169.45
STLD,2026,Q1,144212781,180.0
STM,2024,Q3,901545984,29.73
STM,2024,Q4,898148992,24.97
STM,2025,Q1,894401984,21.96
STM,2025,Q3,898170000,28.26
STM,2025,Q4,888768152,25.94
STN,2025,Q4,114066995,94.36
STNE,2024,Q3,287593984,11.26
STNE,2024,Q4,278025984,7.97
STNE,2025,Q1,257372992,10.48
STNE,2025,Q3,286010000,18.91
STNE,2025,Q4,267524414,14.79
STNG,2024,Q3,50760800,71.3
STNG,2024,Q4,50525000,49.69
STNG,2025,Q1,49916500,37.58
STNG,2025,Q3,51020000,56.05
STNG,2025,Q4,51762790,50.83
STOK,2024,Q1,52119860,13.5
STOK,2024,Q2,52647799,13.51
STOK,2024,Q3,52966977,12.29
STOK,2024,Q4,54077739,11.03
STOK,2025,Q1,54596924,6.65
STOK,2025,Q2,54797418,11.35
STOK,2025,Q3,57117150,23.5
STOK,2025,Q4,59150790,31.74
STR,2024,Q1,80616480,24.72
STR,2024,Q2,80538109,23.61
STR,2024,Q3,79237817,20.84
STR,2024,Q4,78113664,19.18
STR,2025,Q1,77517671,19.87
STR,2025,Q2,77579174,18.38
STRA,2024,Q1,24607939,104.12
STRA,2024,Q2,24622994,110.66
STRA,2024,Q3,24569439,92.55
STRA,2024,Q4,24502385,93.42
STRA,2025,Q1,24163239,83.96
STRA,2025,Q2,23900408,85.13
STRA,2025,Q3,23486618,86.01
STRA,2025,Q4,22730391,80.2
STRA,2026,Q1,22612909,82.96
STRL,2024,Q1,30863541,110.31
STRL,2024,Q2,30732967,118.34
STRL,2024,Q3,30713105,145.02
STRL,2024,Q4,30603090,168.45
STRL,2025,Q1,30412311,113.21
STRL,2025,Q2,30419831,230.73
STRL,2025,Q3,30719373,339.68
STRL,2025,Q4,30644110,306.23
STRM,2025,Q1,4331315,
STRM,2025,Q2,4356062,5.19
STRO,2024,Q1,81794334,5.65
STRO,2024,Q2,81963659,2.93
STRO,2024,Q3,82458725,3.46
STRO,2024,Q4,83775336,1.84
STRO,2025,Q1,84461365,0.65
STRO,2025,Q2,84774177,0.71
STRO,2025,Q3,85135290,0.87
STRO,2025,Q4,16567238,
STRR,2025,Q2,3234978,2.0
STRS,2025,Q3,7994746,21.16
STRS,2025,Q4,7982525,24.18
STRT,2025,Q2,4161334,62.21
STRT,2025,Q4,4179778,76.14
STRW,2025,Q3,13120095,12.3
STRW,2025,Q4,13378307,13.1
STSS,2025,Q3,28226153,6.52
STSS,2025,Q4,38664571,2.03
STT,2024,Q1,301258872,77.32
STT,2024,Q2,298620012,74.0
STT,2024,Q3,293150519,88.47
STT,2024,Q4,288469096,98.15
STT,2025,Q1,285181612,89.53
STT,2025,Q2,283695342,106.34
STT,2025,Q3,279312436,116.01
STT,2025,Q4,278728211,129.01
STTK,2024,Q2,47727269,3.86
STTK,2024,Q3,47739708,3.49
STTK,2024,Q4,47899240,1.21
STTK,2025,Q1,47899240,0.95
STTK,2025,Q2,47903215,0.79
STTK,2025,Q3,63279843,2.39
STTK,2025,Q4,71564217,3.65
STVN,2025,Q4,302842536,20.12
STWD,2024,Q1,315962445,20.33
STWD,2024,Q2,316698298,18.94
STWD,2024,Q3,337159481,20.38
STWD,2024,Q4,337423560,18.95
STWD,2025,Q1,339454864,19.77
STWD,2025,Q2,367138710,20.07
STWD,2025,Q3,370331329,19.37
STWD,2025,Q4,370581767,18.01
STX,2024,Q1,209988542,93.05
STX,2024,Q2,210195239,103.27
STX,2024,Q3,211529509,109.53
STX,2024,Q4,211707393,86.31
STX,2025,Q1,212217463,84.95
STX,2025,Q2,212677178,144.33
STX,2026,Q1,218073067,391.76
STXS,2024,Q2,84656254,1.82
STXS,2024,Q3,84729507,2.04
STXS,2024,Q4,85979662,2.28
STXS,2025,Q1,86000849,1.76
STXS,2025,Q2,90653769,2.12
STXS,2025,Q3,93324763,3.11
STXS,2025,Q4,97248936,2.3
STZ,2023,Q4,182796408,241.75
STZ,2024,Q1,182952680,271.76
STZ,2024,Q2,182192431,257.28
STZ,2024,Q3,181536392,257.69
STZ,2024,Q4,180704555,221.0
STZ,2025,Q1,177993028,183.52
STZ,2025,Q2,176266239,162.68
STZ,2025,Q3,175013336,134.67
STZ,2025,Q4,173384625,137.96
STZ,2026,Q1,172172544,150.0
SU,2024,Q3,1270029952,36.92
SU,2024,Q4,1257110016,35.68
SU,2025,Q1,1237139968,38.72
SU,2025,Q3,1210000000,41.81
SU,2025,Q4,1193519494,44.36
SUI,2024,Q1,124634174,128.58
SUI,2024,Q2,124669886,120.34
SUI,2024,Q3,127390307,135.15
SUI,2024,Q4,127378160,122.97
SUI,2025,Q1,127641660,128.64
SUI,2025,Q2,125155465,126.49
SUI,2025,Q3,123668389,129.0
SUI,2025,Q4,123184632,123.91
SUI,2026,Q1,123230757,125.96
SUN,2024,Q2,135997962,56.54
SUN,2024,Q3,136001589,53.68
SUN,2024,Q4,136235878,51.44
SUN,2025,Q1,136332192,58.06
SUN,2025,Q2,136604563,53.59
SUN,2025,Q3,136613044,50.01
SUN,2025,Q4,136894754,52.41
SUNE,2025,Q3,3406614,
SUNE,2025,Q4,3406616,
SUNS,2025,Q3,13420986,10.39
SUNS,2025,Q4,13519655,9.43
SUP,2024,Q1,28600152,2.9
SUP,2024,Q2,28886053,3.25
SUP,2024,Q3,28886053,3.04
SUP,2024,Q4,28902257,2.04
SUP,2025,Q1,29474394,
SUPN,2024,Q2,55105387,26.75
SUPN,2024,Q3,55219273,31.18
SUPN,2024,Q4,55814496,36.16
SUPN,2025,Q1,55989623,32.75
SUPN,2025,Q2,56073088,31.52
SUPN,2025,Q3,57339350,47.79
SUPN,2025,Q4,57581712,49.7
SURG,2025,Q3,21041455,2.81
SURG,2025,Q4,21151974,
SUZ,2025,Q4,1264117615,9.34
SVC,2024,Q1,165759899,6.78
SVC,2024,Q2,165889356,5.14
SVC,2024,Q3,166648452,4.56
SVC,2024,Q4,166636537,2.54
SVC,2025,Q1,166636134,2.61
SVC,2025,Q2,166860830,2.39
SVC,2025,Q3,168086203,2.71
SVC,2025,Q4,168061029,1.84
SVCCU,2025,Q3,15555000,
SVCCU,2025,Q4,15555000,
SVCO,2025,Q3,30638877,5.41
SVCO,2025,Q4,31440906,4.05
SVIIU,2025,Q3,7666666,
SVM,2024,Q3,216768000,4.37
SVM,2024,Q4,217562000,3.0
SVM,2025,Q1,217416000,3.87
SVM,2025,Q3,218680000,6.32
SVM,2025,Q4,220311282,8.34
SVRA,2024,Q2,164600603,4.03
SVRA,2024,Q3,171618944,4.24
SVRA,2024,Q4,172633140,3.07
SVRA,2025,Q1,172836922,2.77
SVRA,2025,Q2,172836922,2.28
SVRA,2025,Q3,203467845,3.57
SVRA,2025,Q4,204657499,6.03
SVRE,2025,Q4,29961257022,
SVV,2024,Q1,161728000,19.28
SVV,2024,Q2,160704629,12.24
SVV,2024,Q3,159909078,10.52
SVV,2024,Q4,158707876,10.25
SVV,2025,Q1,157451564,6.9
SVV,2025,Q2,155555984,10.2
SVV,2025,Q3,156227451,13.25
SVV,2026,Q1,155056715,
SW,2024,Q1,100,
SW,2024,Q2,519358323,
SW,2024,Q3,520156112,49.42
SW,2024,Q4,521964165,53.86
SW,2025,Q1,522012629,45.06
SW,2025,Q2,522125044,43.15
SW,2025,Q3,522186327,42.57
SW,2025,Q4,524253735,38.67
SWAG,2025,Q3,18288158,1.66
SWAG,2025,Q4,18690158,1.66
SWBI,2024,Q1,45516776,17.36
SWBI,2024,Q2,45559503,14.34
SWBI,2024,Q3,44852284,12.98
SWBI,2024,Q4,44002703,10.11
SWBI,2025,Q1,44002703,9.32
SWBI,2025,Q2,44309940,8.68
SWBI,2025,Q3,44341781,9.83
SWBI,2025,Q4,44493745,9.87
SWBI,2026,Q1,44493745,
SWIM,2024,Q1,115572774,3.96
SWIM,2024,Q2,115577103,3.03
SWIM,2024,Q3,115624575,6.8
SWIM,2024,Q4,115776595,6.96
SWIM,2025,Q1,116367606,6.43
SWIM,2025,Q2,116542059,6.38
SWIM,2025,Q3,116655775,7.61
SWIM,2025,Q4,116766927,6.35
SWK,2024,Q1,153878739,97.93
SWK,2024,Q2,153959484,79.89
SWK,2024,Q3,154163874,110.13
SWK,2024,Q4,154413950,80.29
SWK,2025,Q1,154712529,76.88
SWK,2025,Q2,154792247,67.75
SWK,2025,Q3,154884964,74.33
SWK,2025,Q4,154884963,74.28
SWK,2026,Q1,155079468,71.06
SWKH,2025,Q3,12095906,14.55
SWKH,2025,Q4,12095979,17.2
SWKS,2024,Q1,160446602,108.32
SWKS,2024,Q2,159716371,106.58
SWKS,2024,Q3,159920649,98.77
SWKS,2024,Q4,160741022,88.68
SWKS,2025,Q1,150129146,64.63
SWKS,2025,Q2,148427568,74.52
SWKS,2025,Q4,148679767,63.41
SWKS,2026,Q1,150373612,53.55
SWTX,2024,Q1,74086425,49.22
SWTX,2024,Q2,74273027,37.67
SWTX,2024,Q3,74386403,32.04
SWTX,2024,Q4,74935850,36.13
SWTX,2025,Q1,75322696,
SWX,2024,Q1,71669140,76.13
SWX,2024,Q2,71711480,70.38
SWX,2024,Q3,71743666,73.76
SWX,2024,Q4,71822329,70.71
SWX,2025,Q1,71912673,71.8
SWX,2025,Q2,71979296,74.39
SWX,2025,Q3,72182840,78.34
SWX,2025,Q4,72269125,80.02
SXC,2024,Q2,84092327,9.8
SXC,2024,Q3,84092327,8.68
SXC,2024,Q4,84351938,10.7
SXC,2025,Q1,84651097,9.2
SXC,2025,Q2,84665509,8.59
SXC,2025,Q3,84665509,8.16
SXC,2025,Q4,84665509,7.2
SXI,2024,Q1,11853093,182.22
SXI,2024,Q2,11854539,161.15
SXI,2024,Q3,12081695,182.78
SXI,2024,Q4,11898080,186.99
SXI,2025,Q1,12071608,161.39
SXI,2025,Q2,12068262,156.48
SXI,2025,Q3,12116999,211.9
SXI,2025,Q4,12118733,217.28
SXT,2024,Q1,42364905,69.19
SXT,2024,Q2,42374796,74.19
SXT,2024,Q3,42360785,80.22
SXT,2024,Q4,42393332,71.26
SXT,2025,Q1,42459051,74.43
SXT,2025,Q2,42466138,98.52
SXT,2025,Q3,42481950,93.85
SXT,2025,Q4,42506700,93.95
SXTP,2025,Q3,4230448,
SXTP,2025,Q4,2636788,
SYBT,2024,Q2,29405566,49.67
SYBT,2024,Q3,29412747,61.99
SYBT,2024,Q4,29437553,71.61
SYBT,2025,Q1,29468915,69.06
SYBT,2025,Q2,29473332,78.98
SYBT,2025,Q3,29473458,69.99
SYBT,2025,Q4,29478930,64.95
SYBX,2025,Q3,11698919,1.69
SYBX,2025,Q4,11698919,
SYF,2024,Q1,401543685,43.12
SYF,2024,Q2,395226701,47.19
SYF,2024,Q3,389344383,49.88
SYF,2024,Q4,388749489,65.0
SYF,2025,Q1,380650709,52.94
SYF,2025,Q2,372057548,66.74
SYF,2025,Q3,360171098,71.05
SYF,2025,Q4,347596279,83.43
SYF,2026,Q1,336951336,68.02
SYK,2024,Q1,380949778,357.87
SYK,2024,Q2,381075364,340.25
SYK,2024,Q3,381215773,361.26
SYK,2024,Q4,381579123,360.05
SYK,2025,Q1,382164865,372.25
SYK,2025,Q2,382307298,395.63
SYK,2025,Q3,382423648,369.67
SYK,2025,Q4,382688675,351.47
SYM,2024,Q1,102179448,45.0
SYM,2024,Q2,103779435,35.16
SYM,2024,Q3,106352609,24.39
SYM,2024,Q4,107704510,23.71
SYM,2025,Q1,109080019,20.21
SYM,2025,Q2,111314938,38.85
SYM,2025,Q3,113614046,53.9
SYM,2025,Q4,125753388,59.5
SYNA,2024,Q1,39497538,97.56
SYNA,2024,Q2,39582719,88.2
SYNA,2024,Q3,40058435,77.58
SYNA,2024,Q4,39186593,76.32
SYNA,2025,Q1,38545458,63.72
SYNA,2025,Q2,38656442,64.82
SYNA,2025,Q3,38990073,68.34
SYNA,2025,Q4,38729741,74.02
SYPR,2025,Q3,23029970,
SYPR,2025,Q4,23029970,
SYRE,2024,Q2,50792374,23.51
SYRE,2024,Q3,51431220,29.41
SYRE,2024,Q4,60275561,23.28
SYRE,2025,Q1,60353561,16.14
SYRE,2025,Q2,60400960,14.97
SYRE,2025,Q3,77592130,16.76
SYRE,2025,Q4,78540164,32.76
SYY,2024,Q1,497982485,81.18
SYY,2024,Q2,491520584,71.39
SYY,2024,Q3,491226100,78.06
SYY,2024,Q4,489229644,76.46
SYY,2025,Q1,484751681,75.04
SYY,2025,Q2,478212357,75.74
SYY,2025,Q3,478861056,82.34
SYY,2025,Q4,478930649,73.69
SZZLU,2025,Q3,23600000,
SZZLU,2025,Q4,23600000,
T,2024,Q1,7170165104,17.6
T,2024,Q2,7170243877,19.11
T,2024,Q3,7175289157,22.0
T,2024,Q4,7178183000,22.77
T,2025,Q1,7195602178,28.28
T,2025,Q2,7150385480,28.94
T,2025,Q3,7089449495,28.24
T,2025,Q4,7000577201,24.84
T,2026,Q1,6948338835,28.99
TAC,2025,Q4,296717495,12.64
TACOU,2025,Q3,37518750,
TACOU,2025,Q4,37518750,
TACT,2025,Q3,10112585,5.42
TACT,2025,Q4,10239045,4.0
TAIT,2025,Q3,5258568,2.48
TAK,2025,Q1,3159600128,14.87
TAK,2025,Q3,3180000000,14.64
TAK,2025,Q4,3327750930,15.59
TALK,2024,Q1,169569075,3.57
TALK,2024,Q2,168169158,2.3
TALK,2024,Q3,168824458,2.09
TALK,2024,Q4,168849591,3.09
TALK,2025,Q1,167856396,2.56
TALK,2025,Q2,167467122,2.78
TALK,2025,Q3,165656124,2.76
TALK,2025,Q4,167076010,3.63
TALO,2024,Q1,183919349,13.93
TALO,2024,Q2,180153856,12.15
TALO,2024,Q3,179961333,10.35
TALO,2024,Q4,180059531,9.71
TALO,2025,Q1,178455146,9.72
TALO,2025,Q2,174658018,8.48
TALO,2025,Q3,169988772,9.59
TALO,2025,Q4,168514683,11.02
TAOX,2025,Q3,7128912,
TAOX,2025,Q4,7471931,3.68
TAP,2024,Q1,213200000,67.25
TAP,2024,Q2,213200000,50.83
TAP,2024,Q3,215400000,57.52
TAP,2024,Q4,190157977,57.32
TAP,2025,Q1,216100000,60.87
TAP,2025,Q3,197630000,45.25
TAP,2025,Q4,197755810,46.68
TAP.A,2025,Q3,2563034,
TAP.A,2025,Q4,2563034,
TARA,2024,Q2,20629772,2.08
TARA,2024,Q3,20629772,1.83
TARA,2024,Q4,36767465,5.28
TARA,2025,Q1,38581863,4.26
TARA,2025,Q2,38581863,3.03
TARA,2025,Q3,38587260,4.35
TARA,2025,Q4,54084378,5.33
TARS,2024,Q2,38041737,27.18
TARS,2024,Q3,38226929,32.89
TARS,2024,Q4,38377178,55.37
TARS,2025,Q1,42014237,51.37
TARS,2025,Q2,42214106,40.51
TARS,2025,Q3,42449105,59.43
TARS,2025,Q4,42557492,81.88
TASK,2024,Q2,18682805,13.31
TASK,2024,Q3,19274866,12.92
TASK,2024,Q4,19964102,16.94
TASK,2025,Q1,18837801,13.63
TASK,2025,Q2,34843287,16.76
TASK,2025,Q3,35384927,17.85
TASK,2025,Q4,35528558,11.79
TATT,2025,Q4,12983137,44.66
TAVIU,2025,Q3,15920833,
TAVIU,2025,Q4,11500000,
TAYD,2025,Q2,4196470,43.4
TAYD,2025,Q4,3153117,58.46
TBBK,2024,Q1,51764683,33.46
TBBK,2024,Q2,48959023,37.76
TBBK,2024,Q3,47932103,53.5
TBBK,2024,Q4,48067178,52.63
TBBK,2025,Q1,46709747,52.84
TBBK,2025,Q2,46065385,56.97
TBBK,2025,Q3,43917627,74.89
TBBK,2025,Q4,42193830,67.52
TBCH,2025,Q3,19311014,15.9
TBCH,2025,Q4,19600044,14.03
TBH,2025,Q3,19799090,
TBH,2025,Q4,23496125,0.4
TBI,2024,Q1,30554000,12.52
TBI,2024,Q2,29959000,10.3
TBI,2024,Q3,29498000,7.89
TBI,2024,Q4,29588000,8.4
TBI,2025,Q1,29833000,5.31
TBI,2025,Q2,29900868,6.48
TBI,2025,Q3,29939468,6.13
TBI,2025,Q4,30062641,4.55
TBLA,2024,Q1,290733986,4.44
TBLA,2024,Q2,291466121,3.44
TBLA,2024,Q3,291997801,3.36
TBLA,2024,Q4,294665442,3.65
TBLA,2025,Q1,284728309,2.95
TBLA,2025,Q2,264705115,3.66
TBLA,2025,Q3,258183722,3.41
TBLA,2025,Q4,247558800,4.61
TBMC,2025,Q3,2452315,
TBMC,2025,Q4,2452315,
TBN,2025,Q2,17820758,21.32
TBN,2025,Q4,22639513,27.23
TBPH,2024,Q2,48922083,8.48
TBPH,2024,Q3,49174296,8.06
TBPH,2024,Q4,49470647,9.41
TBPH,2025,Q1,50001332,8.93
TBPH,2025,Q2,50361296,11.03
TBPH,2025,Q3,50672431,14.6
TBPH,2025,Q4,51492924,18.71
TBRG,2025,Q3,15008986,20.17
TBRG,2025,Q4,14906825,22.07
TCBI,2024,Q1,51420680,61.55
TCBI,2024,Q2,51474581,61.14
TCBI,2024,Q3,51494260,71.46
TCBI,2024,Q4,51520315,78.2
TCBI,2025,Q1,51707542,74.7
TCBI,2025,Q2,45755147,79.4
TCBI,2025,Q3,45643585,84.53
TCBI,2025,Q4,44176837,90.54
TCBI,2026,Q1,43670939,94.88
TCBK,2024,Q2,32993008,39.57
TCBK,2024,Q3,33005380,42.65
TCBK,2024,Q4,32970425,43.7
TCBK,2025,Q1,32858445,39.97
TCBK,2025,Q2,32558976,40.49
TCBK,2025,Q3,32511648,44.41
TCBK,2025,Q4,32150632,47.37
TCBS,2025,Q3,2914743,
TCBS,2025,Q4,2885392,
TCBX,2025,Q3,13894078,37.97
TCBX,2025,Q4,16485782,38.01
TCI,2025,Q3,8639316,46.13
TCI,2025,Q4,8639316,58.62
TCMD,2024,Q1,23762164,16.25
TCMD,2024,Q2,23966748,11.94
TCMD,2024,Q3,23997089,14.61
TCMD,2024,Q4,23585175,17.13
TCMD,2025,Q1,23248353,13.22
TCMD,2025,Q2,22292145,10.14
TCMD,2025,Q3,22335582,13.84
TCMD,2025,Q4,22438926,29.0
TCPC,2024,Q1,85591134,10.43
TCPC,2024,Q2,85591134,10.8
TCPC,2024,Q3,85591134,8.29
TCPC,2024,Q4,85077297,8.71
TCPC,2025,Q1,85037797,8.01
TCPC,2025,Q2,85036467,7.7
TCPC,2025,Q3,84841037,6.2
TCPC,2025,Q4,84331037,5.47
TCRT,2025,Q3,2231829,
TCRT,2025,Q4,2378253,
TCRX,2024,Q2,48697282,5.85
TCRX,2024,Q3,49094006,4.98
TCRX,2024,Q4,52314039,3.04
TCRX,2025,Q1,52314039,1.38
TCRX,2025,Q2,52471405,1.45
TCRX,2025,Q3,52471405,1.82
TCRX,2025,Q4,52625035,1.0
TCX,2025,Q3,11103919,18.56
TCX,2025,Q4,11128972,22.42
TD,2024,Q3,1747900032,63.26
TD,2024,Q4,1750099968,53.24
TD,2025,Q1,1751810048,59.94
TD,2025,Q3,1700000000,79.95
TD,2025,Q4,1689495505,94.2
TDACU,2025,Q3,17250000,
TDACU,2025,Q4,17250000,
TDC,2024,Q1,96700000,38.67
TDC,2024,Q2,96100000,34.56
TDC,2024,Q3,95700000,30.34
TDC,2024,Q4,94600000,31.15
TDC,2025,Q1,95600000,22.48
TDC,2025,Q2,94500000,22.31
TDC,2025,Q3,93200000,21.51
TDC,2025,Q4,92200000,30.44
TDG,2024,Q1,55958480,1231.6
TDG,2024,Q2,56111393,1277.61
TDG,2024,Q3,56230448,1427.13
TDG,2024,Q4,56084587,1267.28
TDG,2025,Q1,56167085,1383.29
TDG,2025,Q2,56350285,1520.64
TDG,2025,Q3,56318584,1318.02
TDG,2025,Q4,56473563,1329.85
TDOC,2024,Q1,169588171,15.1
TDOC,2024,Q2,171124883,9.78
TDOC,2024,Q3,171944014,9.18
TDOC,2024,Q4,173405016,9.09
TDOC,2025,Q1,175340325,7.96
TDOC,2025,Q2,176690662,8.71
TDOC,2025,Q3,177473405,7.73
TDOC,2025,Q4,178396434,7.0
TDS,2024,Q1,113000000,16.02
TDS,2024,Q2,113000000,20.73
TDS,2024,Q3,113000000,23.25
TDS,2024,Q4,114000000,34.11
TDS,2025,Q1,114000000,38.74
TDS,2025,Q2,115000000,35.58
TDS,2025,Q3,115544000,39.24
TDS,2025,Q4,113783000,41.0
TDUP,2024,Q2,84334540,1.7
TDUP,2024,Q3,85660389,0.84
TDUP,2024,Q4,92620063,1.39
TDUP,2025,Q1,96352209,2.41
TDUP,2025,Q2,123048000,7.49
TDUP,2025,Q3,125086000,9.45
TDUP,2025,Q4,127027000,6.39
TDW,2024,Q1,52762223,92.0
TDW,2024,Q2,52491501,95.21
TDW,2024,Q3,52322996,71.79
TDW,2024,Q4,51470224,54.71
TDW,2025,Q1,49476301,42.27
TDW,2025,Q2,49492348,46.13
TDW,2025,Q3,49563157,53.33
TDW,2025,Q4,49573520,50.51
TDY,2024,Q1,47422490,429.32
TDY,2024,Q2,46784213,387.98
TDY,2024,Q3,46602321,437.66
TDY,2024,Q4,46834810,464.13
TDY,2025,Q1,46859346,497.71
TDY,2025,Q2,46888498,512.31
TDY,2025,Q3,46950987,586.04
TDY,2025,Q4,46305311,510.73
TDY,2026,Q1,46329138,605.01
TE,2024,Q1,139705000,1.68
TE,2024,Q2,140490000,1.7
TE,2024,Q3,140490000,0.97
TE,2024,Q4,155928000,2.58
TE,2025,Q1,155938000,1.26
TE,2025,Q2,155938092,1.23
TE,2025,Q3,212365815,2.18
TE,2025,Q4,279036747,6.68
TEAD,2025,Q3,95470825,1.65
TEAD,2025,Q4,95980437,0.7
TEAM,2024,Q1,159285760,195.11
TEAM,2024,Q2,160032961,176.88
TEAM,2024,Q3,161455670,158.81
TEAM,2024,Q4,163992257,243.38
TEAM,2025,Q1,165244900,212.21
TEAM,2025,Q2,166284669,203.09
TEAM,2025,Q3,168042351,159.7
TEAM,2025,Q4,169610457,162.14
TECH,2024,Q1,157584637,70.39
TECH,2024,Q2,158600408,71.65
TECH,2024,Q3,158891800,79.93
TECH,2024,Q4,158087683,72.03
TECH,2025,Q1,156767295,58.63
TECH,2025,Q2,155549587,51.45
TECH,2025,Q3,155812701,55.63
TECH,2025,Q4,156453292,58.81
TECK,2024,Q3,512000000,52.24
TECK,2024,Q4,503097984,40.53
TECK,2025,Q1,494887008,36.43
TECK,2025,Q3,480550000,43.89
TECK,2025,Q4,7599532,47.89
TECX,2025,Q3,18716280,15.69
TECX,2025,Q4,18776626,20.86
TEL,2024,Q1,306228494,145.24
TEL,2024,Q2,303918662,150.43
TEL,2024,Q3,299162134,150.99
TEL,2024,Q4,298353180,142.97
TEL,2025,Q1,296546513,141.32
TEL,2025,Q2,295481491,168.67
TEL,2025,Q3,294189246,219.53
TEL,2025,Q4,293434273,227.51
TEL,2026,Q1,291895799,209.02
TELA,2025,Q3,40341535,1.49
TELA,2025,Q4,44740371,1.18
TELO,2025,Q3,34380971,1.39
TELO,2025,Q4,34380971,1.33
TEM,2024,Q2,149274923,35.0
TEM,2024,Q3,152401894,56.6
TEM,2024,Q4,167168911,33.76
TEM,2025,Q1,168072456,48.24
TEM,2025,Q2,168683769,63.54
TEM,2025,Q3,172863470,80.71
TEM,2025,Q4,173729901,59.05
TENB,2024,Q1,118867830,49.43
TENB,2024,Q2,119110431,43.58
TENB,2024,Q3,120135387,40.52
TENB,2024,Q4,120302439,39.38
TENB,2025,Q1,122170671,34.98
TENB,2025,Q2,121094958,33.78
TENB,2025,Q3,119344266,29.16
TENB,2025,Q4,114887618,23.53
TENX,2025,Q3,6243575,7.61
TENX,2025,Q4,17197613,12.19
TEO,2025,Q4,683856600,11.61
TER,2024,Q1,156111885,112.83
TER,2024,Q2,163176091,148.29
TER,2024,Q3,162861462,133.93
TER,2024,Q4,161718766,125.92
TER,2025,Q1,160420287,82.6
TER,2025,Q2,159073532,89.92
TER,2025,Q3,156608303,137.64
TER,2025,Q4,156555950,193.56
TERN,2024,Q2,70371911,6.81
TERN,2024,Q3,84938855,8.34
TERN,2024,Q4,87297629,5.54
TERN,2025,Q1,87337801,2.76
TERN,2025,Q2,87511048,3.73
TERN,2025,Q3,90079781,7.51
TERN,2025,Q4,115413392,40.4
TEVA,2024,Q1,1132640597,14.11
TEVA,2024,Q2,1132908864,16.25
TEVA,2024,Q3,1133050214,18.02
TEVA,2024,Q4,1133838689,22.04
TEVA,2025,Q1,1146959855,15.37
TEVA,2025,Q2,1147150917,16.76
TEVA,2025,Q3,1147282512,20.2
TEVA,2025,Q4,1149812898,31.21
TEX,2024,Q1,67300000,64.4
TEX,2024,Q2,66900000,54.84
TEX,2024,Q3,66800000,52.91
TEX,2024,Q4,66400000,46.22
TEX,2025,Q1,65600000,37.78
TEX,2025,Q2,65600000,46.69
TEX,2025,Q3,65600000,51.3
TEX,2025,Q4,113700000,53.38
TFC,2024,Q1,1338096145,38.98
TFC,2024,Q2,1339143439,38.85
TFC,2024,Q3,1327520624,42.77
TFC,2024,Q4,1305350706,43.38
TFC,2025,Q1,1309538961,41.15
TFC,2025,Q2,1289435167,42.99
TFC,2025,Q3,1279246311,45.72
TFC,2025,Q4,1249168322,49.21
TFII,2025,Q4,84408437,103.35
TFIN,2024,Q1,23334719,79.32
TFIN,2024,Q2,23363651,81.75
TFIN,2024,Q3,23387463,79.54
TFIN,2024,Q4,23420261,90.88
TFIN,2025,Q1,23419740,57.8
TFIN,2025,Q2,23734073,55.11
TFIN,2025,Q3,23763401,50.04
TFIN,2025,Q4,23793965,62.63
TFIN,2026,Q1,23806253,
TFPM,2025,Q4,206531806,33.22
TFSL,2024,Q2,280710854,12.62
TFSL,2024,Q4,280799401,12.56
TFSL,2025,Q1,280836948,12.39
TFSL,2025,Q2,280688024,12.95
TFSL,2025,Q3,280513055,13.18
TFSL,2025,Q4,280570799,13.38
TFX,2024,Q1,47102562,226.17
TFX,2024,Q2,47117489,210.33
TFX,2024,Q3,46443734,247.32
TFX,2024,Q4,46366463,177.98
TFX,2025,Q1,44188985,138.19
TFX,2025,Q2,44192817,118.36
TFX,2025,Q3,44194408,122.36
TFX,2025,Q4,44200562,122.04
TG,2024,Q2,34510556,4.79
TG,2024,Q3,34360952,7.29
TG,2024,Q4,34676675,7.68
TG,2025,Q1,34921723,7.7
TG,2025,Q2,34892602,8.8
TG,2025,Q3,34910693,8.03
TG,2025,Q4,34756980,7.18
TGB,2025,Q4,361099176,5.66
TGEN,2025,Q3,29846479,8.81
TGEN,2025,Q4,29855229,4.94
TGI,2023,Q4,76866074,16.58
TGI,2024,Q2,77327073,15.41
TGI,2024,Q3,77350330,12.89
TGI,2024,Q4,77407906,18.66
TGI,2025,Q1,77715067,25.34
TGL,2025,Q2,4149405,
TGL,2025,Q4,1675725,
TGLS,2024,Q2,46996608,50.18
TGLS,2024,Q3,46995298,68.66
TGLS,2024,Q4,46991558,79.32
TGLS,2025,Q1,46988528,71.55
TGLS,2025,Q2,46987148,77.36
TGLS,2025,Q3,46569446,66.91
TGLS,2025,Q4,44737726,50.32
TGNA,2024,Q1,169605246,14.94
TGNA,2024,Q2,165432173,13.94
TGNA,2024,Q3,161121748,15.78
TGNA,2024,Q4,159898056,18.29
TGNA,2025,Q1,160724409,18.22
TGNA,2025,Q2,160877317,16.76
TGNA,2025,Q3,161056789,20.33
TGNA,2025,Q4,161907710,19.41
TGS,2024,Q3,69513696,18.34
TGS,2024,Q4,69513696,29.27
TGS,2025,Q1,69513696,26.46
TGS,2025,Q3,150550000,21.03
TGS,2025,Q4,170535919,31.09
TGT,2024,Q1,461690206,177.21
TGT,2024,Q2,462636573,148.04
TGT,2024,Q3,460674666,155.86
TGT,2024,Q4,458211929,135.18
TGT,2025,Q1,455576464,104.36
TGT,2025,Q2,454365901,98.65
TGT,2025,Q3,454399148,89.7
TGT,2025,Q4,452806418,97.75
TGT,2026,Q1,452855589,121.2
TGTX,2024,Q1,154542945,15.21
TGTX,2024,Q2,154823137,17.79
TGTX,2024,Q3,155665334,23.39
TGTX,2024,Q4,157070575,30.1
TGTX,2025,Q1,158755036,39.43
TGTX,2025,Q2,158665613,35.99
TGTX,2025,Q3,158759451,36.13
TGTX,2025,Q4,159688256,29.81
TH,2024,Q1,100277272,10.87
TH,2024,Q2,100431350,8.71
TH,2024,Q3,98941160,7.78
TH,2024,Q4,99363923,9.67
TH,2025,Q1,99364716,6.58
TH,2025,Q2,99778797,7.12
TH,2025,Q3,99779532,8.48
TH,2025,Q4,100153204,8.01
THAR,2025,Q3,35044812,
THAR,2025,Q4,56656271,
THC,2024,Q1,97683000,105.11
THC,2024,Q2,95822000,133.03
THC,2024,Q3,95097000,166.2
THC,2024,Q4,95121000,126.23
THC,2025,Q1,92885000,134.5
THC,2025,Q2,88351000,176.0
THC,2025,Q3,87885000,203.04
THC,2025,Q4,86963000,198.72
THFF,2025,Q3,11850645,56.44
THFF,2025,Q4,11891896,60.42
THG,2024,Q1,35942946,136.17
THG,2024,Q2,35983721,125.44
THG,2024,Q3,36033351,148.11
THG,2024,Q4,35926567,154.66
THG,2025,Q1,35916283,173.95
THG,2025,Q2,35771407,169.87
THG,2025,Q3,35583964,181.63
THG,2025,Q4,35149316,182.77
THM,2024,Q1,199693442,
THM,2024,Q2,199693442,0.49
THM,2024,Q3,199693442,0.56
THM,2024,Q4,207885473,0.46
THM,2025,Q1,207885473,0.63
THM,2025,Q2,207885473,0.86
THM,2025,Q3,207885473,1.64
THM,2025,Q4,261077473,1.86
THO,2024,Q1,53324545,117.34
THO,2024,Q2,53197791,93.45
THO,2024,Q3,52931424,109.89
THO,2024,Q4,53219768,95.71
THO,2025,Q1,53203568,75.81
THO,2025,Q2,53203568,88.81
THO,2025,Q3,52633210,103.69
THO,2025,Q4,52838664,102.67
THO,2026,Q1,52595933,79.89
THR,2024,Q2,33802384,30.76
THR,2024,Q3,33685142,29.84
THR,2024,Q4,33690119,28.77
THR,2025,Q1,33088725,27.85
THR,2025,Q4,32848372,37.16
THRD,2024,Q2,41097512,13.0
THRD,2024,Q3,45058413,13.55
THRD,2024,Q4,45103899,10.29
THRD,2025,Q1,45127797,3.47
THRM,2024,Q2,31333625,49.32
THRM,2024,Q3,30979767,46.55
THRM,2024,Q4,30788989,39.92
THRM,2025,Q1,30859785,26.74
THRM,2025,Q2,30519826,28.29
THRM,2025,Q3,30525148,34.06
THRM,2025,Q4,30526465,36.37
THRM,2026,Q1,30667290,27.78
THRY,2024,Q2,36303038,17.82
THRY,2024,Q3,42044826,17.23
THRY,2024,Q4,43371149,14.8
THRY,2025,Q1,43738225,12.81
THRY,2025,Q2,43936290,12.16
THRY,2025,Q3,43576891,12.06
THRY,2025,Q4,44165023,6.05
THS,2024,Q1,52600000,38.95
THS,2024,Q2,51900000,36.64
THS,2024,Q3,51200000,41.98
THS,2024,Q4,50200000,35.13
THS,2025,Q1,50500000,27.09
THS,2025,Q2,50500000,19.42
THS,2025,Q3,50500000,20.21
THS,2025,Q4,50499999,23.59
TIC,2025,Q1,121476215,11.12
TIC,2025,Q2,200589758,11.04
TIC,2025,Q3,220559713,13.31
TIC,2025,Q4,221153392,10.11
TIGO,2025,Q4,169000000,55.44
TIGR,2024,Q3,150808992,5.34
TIGR,2024,Q4,180388000,6.46
TIGR,2025,Q1,168819008,8.59
TIGR,2025,Q3,184650000,10.67
TIGR,2025,Q4,177864301,9.56
TIL,2025,Q3,6781976,17.86
TIL,2025,Q4,6781976,11.0
TILE,2024,Q1,58242833,16.82
TILE,2024,Q2,58304101,14.68
TILE,2024,Q3,58303571,18.97
TILE,2024,Q4,58313040,24.35
TILE,2025,Q1,58610658,19.84
TILE,2025,Q2,58361516,20.93
TILE,2025,Q3,58390617,28.94
TILE,2025,Q4,57963488,27.92
TIMB,2025,Q4,2392125889,19.45
TIPT,2024,Q2,36789571,16.49
TIPT,2024,Q3,37055838,19.57
TIPT,2024,Q4,37259169,20.86
TIPT,2025,Q1,37496977,24.09
TIPT,2025,Q2,37500167,23.58
TIPT,2025,Q3,37823734,19.17
TIPT,2025,Q4,37877057,18.27
TISI,2025,Q3,4527240,16.58
TISI,2025,Q4,4571382,14.13
TITN,2024,Q2,22817789,15.9
TITN,2024,Q3,23127775,13.93
TITN,2024,Q4,23125692,14.13
TITN,2025,Q1,23123573,17.04
TITN,2025,Q2,23084569,19.81
TITN,2025,Q3,23372977,16.74
TITN,2025,Q4,23370174,15.04
TITN,2026,Q1,23354499,
TIVC,2025,Q3,1765952,
TIVC,2025,Q4,2877926,
TJX,2024,Q1,1132973879,101.42
TJX,2024,Q2,1130149156,110.1
TJX,2024,Q3,1127872845,117.54
TJX,2024,Q4,1124158029,120.81
TJX,2025,Q1,1117100487,121.8
TJX,2025,Q2,1115615624,123.49
TJX,2025,Q3,1112938750,144.54
TJX,2025,Q4,1110467095,153.61
TJX,2026,Q1,1106810654,159.7
TK,2024,Q3,91835904,9.2
TK,2024,Q4,87692896,6.93
TK,2025,Q1,83539504,6.57
TK,2025,Q3,91840000,8.18
TK,2025,Q4,86056804,9.03
TKNO,2025,Q3,53529174,6.19
TKNO,2025,Q4,53587662,
TKO,2024,Q1,80690075,86.41
TKO,2024,Q2,81023476,107.99
TKO,2024,Q3,81149701,123.71
TKO,2024,Q4,81553818,142.11
TKO,2025,Q1,81747465,152.81
TKO,2025,Q2,82136886,181.95
TKO,2025,Q3,78922362,201.96
TKO,2025,Q4,77966338,209.0
TKR,2024,Q1,70412495,87.43
TKR,2024,Q2,70134716,80.13
TKR,2024,Q3,70117234,84.29
TKR,2024,Q4,70001123,71.37
TKR,2025,Q1,69963042,71.87
TKR,2025,Q2,69643004,72.55
TKR,2025,Q3,69655588,75.18
TKR,2025,Q4,69544299,84.13
TLF,2025,Q3,8067502,3.0
TLF,2025,Q4,8072875,
TLK,2024,Q3,990622016,19.78
TLK,2024,Q4,990622016,16.45
TLK,2025,Q1,990622016,14.77
TLK,2025,Q3,990620000,18.82
TLK,2025,Q4,990622075,21.05
TLN,2024,Q2,51001450,
TLN,2024,Q3,50855417,178.24
TLN,2024,Q4,45961910,201.47
TLN,2025,Q1,45509780,199.67
TLN,2025,Q2,45685316,290.77
TLN,2025,Q3,45687828,425.38
TLN,2025,Q4,45695007,374.84
TLPH,2025,Q3,46609618,0.89
TLPH,2025,Q4,50049824,1.14
TLRY,2023,Q3,730289573,
TLRY,2024,Q2,842961757,1.66
TLRY,2024,Q3,903286257,1.76
TLRY,2024,Q4,937655195,1.33
TLRY,2025,Q1,1006495926,0.66
TLRY,2025,Q2,1100530099,0.41
TLRY,2025,Q3,1122863166,1.73
TLRY,2025,Q4,116506916,9.03
TLRY,2026,Q1,116548663,
TLS,2024,Q1,71757998,4.16
TLS,2024,Q2,72256759,4.02
TLS,2024,Q3,72380609,3.59
TLS,2024,Q4,72552120,3.42
TLS,2025,Q1,73484720,2.38
TLS,2025,Q2,72703011,3.17
TLS,2025,Q3,73754329,6.84
TLS,2025,Q4,74217621,5.1
TLSI,2025,Q3,49964311,4.65
TLSI,2025,Q4,61306437,6.98
TLX,2025,Q4,338777049,
TLYS,2024,Q2,22775615,6.03
TLYS,2024,Q3,22845799,5.1
TLYS,2024,Q4,22845799,4.25
TLYS,2025,Q1,22845799,2.2
TLYS,2025,Q2,22845799,1.38
TLYS,2025,Q3,23167562,2.06
TLYS,2025,Q4,23167562,1.99
TLYS,2026,Q1,23168562,
TM,2024,Q3,1343990016,178.57
TM,2024,Q4,1311200000,194.61
TM,2025,Q1,1306439936,176.53
TM,2025,Q3,1350000000,191.09
TM,2025,Q4,1303338704,214.06
TMC,2024,Q1,320510004,1.43
TMC,2024,Q2,323993016,1.35
TMC,2024,Q3,324262652,1.06
TMC,2024,Q4,347910742,1.12
TMC,2025,Q1,362186002,1.72
TMC,2025,Q2,406392921,6.6
TMC,2025,Q3,413492045,6.37
TMC,2025,Q4,433188187,6.17
TMCI,2024,Q2,62190356,6.65
TMCI,2024,Q3,62297078,5.8
TMCI,2024,Q4,62618725,7.44
TMCI,2025,Q1,62904952,8.39
TMCI,2025,Q2,63173126,5.88
TMCI,2025,Q3,63718073,6.71
TMCI,2025,Q4,64590503,2.45
TMDX,2024,Q1,32937296,73.94
TMDX,2024,Q2,33359363,150.62
TMDX,2024,Q3,33561517,157.0
TMDX,2024,Q4,33662363,62.35
TMDX,2025,Q1,33833788,67.28
TMDX,2025,Q2,34090356,134.01
TMDX,2025,Q3,34174325,112.2
TMDX,2025,Q4,34302451,121.65
TME,2024,Q3,857148992,12.05
TME,2024,Q4,857148992,11.35
TME,2025,Q1,857148992,14.41
TME,2025,Q3,1720000000,23.34
TME,2025,Q4,1684201365,17.53
TMHC,2024,Q1,105764423,62.17
TMHC,2024,Q2,104241692,55.44
TMHC,2024,Q3,103477894,70.26
TMHC,2024,Q4,101737678,61.21
TMHC,2025,Q1,100367681,60.04
TMHC,2025,Q2,98843205,61.42
TMHC,2025,Q3,97725037,66.01
TMHC,2025,Q4,96333668,58.87
TMHC,2026,Q1,93427654,58.24
TMO,2024,Q1,381716323,581.21
TMO,2024,Q2,381995566,553.0
TMO,2024,Q3,382500265,618.57
TMO,2024,Q4,377261182,520.23
TMO,2025,Q1,377493912,497.6
TMO,2025,Q2,377612121,405.46
TMO,2025,Q3,375708059,485.02
TMO,2025,Q4,371484244,579.45
TMP,2025,Q3,14431880,66.21
TMP,2025,Q4,14418025,72.52
TMQ,2024,Q1,160166788,
TMQ,2024,Q2,160552808,0.51
TMQ,2024,Q3,160902814,0.48
TMQ,2024,Q4,163941185,1.16
TMQ,2025,Q1,164216410,1.55
TMQ,2025,Q2,164241410,1.35
TMQ,2025,Q3,164311410,2.1
TMQ,2025,Q4,172545639,4.31
TMQ,2026,Q1,175545639,
TMUS,2024,Q1,1171854259,163.22
TMUS,2024,Q2,1166784033,176.18
TMUS,2024,Q3,1160486648,206.36
TMUS,2024,Q4,1141744952,220.73
TMUS,2025,Q1,1135445108,266.71
TMUS,2025,Q2,1125419038,238.26
TMUS,2025,Q3,1118506626,239.38
TMUS,2025,Q4,1101862739,203.04
TMUS,2026,Q1,1082204717,210.03
TNC,2024,Q2,18904487,98.44
TNC,2024,Q3,18872792,96.04
TNC,2024,Q4,18816067,81.53
TNC,2025,Q1,18653506,79.75
TNC,2025,Q2,18469129,77.48
TNC,2025,Q3,18125969,81.06
TNC,2025,Q4,17846681,73.7
TNDM,2024,Q1,64589518,35.41
TNDM,2024,Q2,65464900,40.29
TNDM,2024,Q3,65676532,42.41
TNDM,2024,Q4,66473272,36.02
TNDM,2025,Q1,66607206,19.16
TNDM,2025,Q2,67569471,18.64
TNDM,2025,Q3,67802359,12.14
TNDM,2025,Q4,68325927,21.98
TNET,2024,Q1,50563849,132.49
TNET,2024,Q2,49672774,100.0
TNET,2024,Q3,49576019,96.97
TNET,2024,Q4,49527551,90.77
TNET,2025,Q1,48399165,79.24
TNET,2025,Q2,48589933,73.14
TNET,2025,Q3,48030361,66.89
TNET,2025,Q4,47299186,59.13
TNFA,2025,Q3,4166760,
TNFA,2025,Q4,7690403,
TNGX,2024,Q2,107144465,8.58
TNGX,2024,Q3,107417818,7.7
TNGX,2024,Q4,108107890,3.09
TNGX,2025,Q1,108394190,1.37
TNGX,2025,Q2,111260247,5.12
TNGX,2025,Q3,134593998,8.4
TNGX,2025,Q4,142688851,8.86
TNK,2024,Q3,29691600,58.25
TNK,2024,Q4,29730300,39.79
TNK,2025,Q1,29756200,38.27
TNK,2025,Q3,34500000,50.55
TNK,2025,Q4,29921732,53.42
TNL,2024,Q1,71263534,48.96
TNL,2024,Q2,69761786,44.98
TNL,2024,Q3,68405120,46.08
TNL,2024,Q4,66696276,50.45
TNL,2025,Q1,66415595,46.29
TNL,2025,Q2,64920377,51.61
TNL,2025,Q3,64325188,59.49
TNL,2025,Q4,62397734,70.53
TNL,2026,Q1,62421616,69.19
TNON,2025,Q3,8605740,
TNON,2025,Q4,11296378,
TNXP,2024,Q1,95543805,
TNXP,2024,Q2,22004159,
TNXP,2024,Q3,186894225,0.15
TNXP,2024,Q4,643488100,0.33
TNXP,2025,Q1,7324670,17.88
TNXP,2025,Q2,8765896,35.98
TNXP,2025,Q3,11776542,24.16
TNXP,2025,Q4,13405401,15.62
TNYA,2024,Q2,78889107,3.1
TNYA,2024,Q3,79220516,1.93
TNYA,2024,Q4,87582646,1.43
TNYA,2025,Q1,162666931,0.57
TNYA,2025,Q2,162976102,0.61
TNYA,2025,Q3,166505885,1.62
TNYA,2025,Q4,216998876,0.71
TOI,2025,Q3,98381340,3.49
TOI,2025,Q4,98839144,3.56
TOL,2024,Q1,104170000,129.37
TOL,2024,Q2,102650000,115.18
TOL,2024,Q3,100972000,154.49
TOL,2024,Q4,100037000,125.95
TOL,2025,Q1,99437000,105.59
TOL,2025,Q2,98181000,114.13
TOL,2025,Q3,96383000,138.14
TOL,2025,Q4,95003000,135.22
TOL,2026,Q1,94707000,136.47
TOMZ,2025,Q3,20225205,1.01
TOMZ,2025,Q4,20540539,0.78
TOON,2025,Q3,53905697,0.74
TOON,2025,Q4,56336035,0.72
TOPP,2025,Q3,19400000,
TOPP,2025,Q4,19700000,
TOST,2024,Q1,453000000,24.92
TOST,2024,Q2,461000000,25.77
TOST,2024,Q3,471000000,28.31
TOST,2024,Q4,494000000,36.45
TOST,2025,Q1,498000000,33.17
TOST,2025,Q2,510000000,44.29
TOST,2025,Q3,515000000,36.51
TOST,2025,Q4,524000000,35.51
TOVX,2025,Q3,33739643,0.41
TOVX,2025,Q4,45892668,
TPB,2024,Q2,17714070,32.09
TPB,2024,Q3,17697007,43.15
TPB,2024,Q4,17747117,60.1
TPB,2025,Q1,17900955,59.44
TPB,2025,Q2,18024761,75.77
TPB,2025,Q3,19070757,98.86
TPB,2025,Q4,19141208,108.4
TPC,2024,Q2,52389430,21.78
TPC,2024,Q3,52434803,27.16
TPC,2024,Q4,52485719,24.2
TPC,2025,Q1,52702538,23.18
TPC,2025,Q2,52743248,46.78
TPC,2025,Q3,52743248,65.59
TPC,2025,Q4,52791451,67.02
TPCS,2025,Q1,9751825,2.3
TPCS,2025,Q4,10011332,4.83
TPET,2025,Q3,8440849,
TPET,2025,Q4,12300752,
TPET,2026,Q1,31931250,
TPG,2024,Q1,92555842,44.7
TPG,2024,Q2,96265766,41.45
TPG,2024,Q3,97449967,57.56
TPG,2024,Q4,107108198,62.84
TPG,2025,Q1,116990952,47.43
TPG,2025,Q2,141034700,52.45
TPG,2025,Q3,146498655,57.45
TPG,2025,Q4,153715203,63.84
TPH,2024,Q1,94877377,38.66
TPH,2024,Q2,93589441,37.25
TPH,2024,Q3,93590060,45.31
TPH,2024,Q4,91911621,36.26
TPH,2025,Q1,90670079,31.92
TPH,2025,Q2,87506511,31.95
TPH,2025,Q3,85953497,33.97
TPH,2025,Q4,84479735,31.47
TPIC,2024,Q2,47553773,3.99
TPIC,2024,Q3,47562684,4.55
TPIC,2024,Q4,47609136,1.89
TPIC,2025,Q1,48650014,0.81
TPIC,2025,Q2,48730266,0.86
TPIC,2025,Q3,48730266,0.03
TPIC,2025,Q4,48765812,
TPL,2024,Q1,22989755,578.51
TPL,2024,Q2,22980620,734.27
TPL,2024,Q3,22974914,884.74
TPL,2024,Q4,22984798,1105.96
TPL,2025,Q1,22987326,1324.99
TPL,2025,Q2,22987326,1056.39
TPL,2025,Q3,22979410,933.64
TPL,2025,Q4,68941554,287.22
TPR,2024,Q1,229773250,47.48
TPR,2024,Q2,230220721,42.79
TPR,2024,Q3,233035750,46.98
TPR,2024,Q4,207015475,65.33
TPR,2025,Q1,207690147,70.41
TPR,2025,Q2,208123628,87.81
TPR,2025,Q3,204649752,113.22
TPR,2025,Q4,202464223,127.77
TPST,2025,Q3,4440161,
TPST,2025,Q4,14344034,2.87
TPVG,2025,Q3,40399797,5.77
TPVG,2025,Q4,40491145,6.54
TR,2024,Q2,41212986,30.57
TR,2024,Q3,41146432,30.97
TR,2024,Q4,40011930,32.33
TR,2025,Q1,41795932,31.48
TR,2025,Q2,41807521,33.45
TR,2025,Q3,41820835,41.92
TR,2025,Q4,41821000,36.63
TRAK,2025,Q2,18283903,19.65
TRAK,2025,Q4,18203410,12.37
TRAW,2025,Q3,7990867,1.85
TRAW,2025,Q4,9067774,
TRC,2025,Q3,26893955,15.98
TRC,2025,Q4,26930197,15.77
TRDA,2024,Q2,37199550,14.25
TRDA,2024,Q3,37419975,15.98
TRDA,2024,Q4,37594630,17.29
TRDA,2025,Q1,37953417,9.04
TRDA,2025,Q2,38037079,6.72
TRDA,2025,Q3,38219232,5.8
TRDA,2025,Q4,38284313,10.28
TREE,2024,Q1,13224515,42.34
TREE,2024,Q2,13341984,41.59
TREE,2024,Q3,13362034,58.03
TREE,2024,Q4,13393620,38.75
TREE,2025,Q1,13535183,50.27
TREE,2025,Q2,13620161,37.07
TREE,2025,Q3,13670696,64.73
TREE,2025,Q4,13855792,53.09
TREX,2024,Q1,108692757,99.75
TREX,2024,Q2,108706697,74.12
TREX,2024,Q3,107143783,66.58
TREX,2024,Q4,107159866,69.03
TREX,2025,Q1,107227048,58.1
TREX,2025,Q2,107234320,54.38
TREX,2025,Q3,107254784,51.67
TREX,2025,Q4,105737365,35.08
TRGP,2024,Q1,221716505,111.99
TRGP,2024,Q2,219079714,128.78
TRGP,2024,Q3,218063403,148.01
TRGP,2024,Q4,218106765,178.5
TRGP,2025,Q1,216931859,200.47
TRGP,2025,Q2,215191852,174.08
TRGP,2025,Q3,214658564,167.54
TRGP,2025,Q4,214951798,184.5
TRI,2025,Q4,444962490,131.89
TRIN,2024,Q1,49478520,14.68
TRIN,2024,Q2,53370609,14.14
TRIN,2024,Q3,58905813,13.57
TRIN,2024,Q4,62831103,14.47
TRIN,2025,Q1,64650801,15.16
TRIN,2025,Q2,70314160,14.07
TRIN,2025,Q3,75683355,15.48
TRIN,2025,Q4,83174913,14.65
TRIP,2024,Q1,126479828,27.79
TRIP,2024,Q2,125837794,17.81
TRIP,2024,Q3,126535867,14.49
TRIP,2024,Q4,127581730,14.77
TRIP,2025,Q1,118092104,14.17
TRIP,2025,Q2,116133591,13.05
TRIP,2025,Q3,116908339,16.26
TRIP,2025,Q4,114755221,14.56
TRMB,2024,Q1,244200000,64.36
TRMB,2024,Q2,245400000,55.92
TRMB,2024,Q3,245800000,62.09
TRMB,2024,Q4,244208000,70.66
TRMB,2025,Q1,238583485,65.65
TRMB,2025,Q2,238586919,75.98
TRMB,2025,Q3,237969093,81.65
TRMB,2025,Q4,237920962,78.35
TRMB,2026,Q1,233929408,65.23
TRMD,2025,Q4,101332707,19.58
TRMK,2024,Q2,61206606,30.04
TRMK,2024,Q3,61158026,31.82
TRMK,2024,Q4,60765271,35.37
TRMK,2025,Q1,60477582,34.49
TRMK,2025,Q2,60366573,36.46
TRMK,2025,Q3,59958255,39.6
TRMK,2025,Q4,58849788,38.95
TRML,2024,Q2,25641363,12.86
TRML,2024,Q3,25642610,25.71
TRML,2024,Q4,25685429,20.28
TRML,2025,Q1,25688479,15.21
TRML,2025,Q2,25692268,15.99
TRN,2024,Q1,81835835,27.85
TRN,2024,Q2,82446816,29.92
TRN,2024,Q3,82163037,34.84
TRN,2024,Q4,81789391,35.1
TRN,2025,Q1,81612963,28.06
TRN,2025,Q2,80837359,27.01
TRN,2025,Q3,80180523,28.04
TRN,2025,Q4,79839720,26.44
TRNO,2024,Q1,96195439,66.4
TRNO,2024,Q2,96212243,59.18
TRNO,2024,Q3,99227029,66.83
TRNO,2024,Q4,99238003,59.14
TRNO,2025,Q1,102790614,63.22
TRNO,2025,Q2,103301591,56.07
TRNO,2025,Q3,103395221,56.75
TRNO,2025,Q4,104178096,58.71
TRNR,2025,Q3,2385898,
TRNR,2025,Q4,2057018,
TRNS,2025,Q1,9317682,74.45
TRNS,2025,Q4,9332188,56.73
TROW,2024,Q1,223299903,121.92
TROW,2024,Q2,222597816,115.31
TROW,2024,Q3,222159470,108.93
TROW,2024,Q4,222634484,113.09
TROW,2025,Q1,220316088,91.87
TROW,2025,Q2,219715241,96.5
TROW,2025,Q3,218237000,102.64
TROW,2025,Q4,218072901,102.38
TROX,2024,Q1,157838526,17.35
TROX,2024,Q2,157919518,15.69
TROX,2024,Q3,157924763,14.63
TROX,2024,Q4,157938056,10.07
TROX,2025,Q1,158462500,7.04
TROX,2025,Q2,158524635,5.07
TROX,2025,Q3,158552328,4.02
TROX,2025,Q4,158557858,4.17
TRP,2025,Q1,1039320000,47.21
TRP,2025,Q3,1040000000,54.41
TRP,2025,Q4,1040835168,55.01
TRS,2024,Q2,40647264,25.56
TRS,2024,Q3,40571662,25.53
TRS,2024,Q4,40583198,24.59
TRS,2025,Q1,40651688,23.43
TRS,2025,Q2,40641562,28.61
TRS,2025,Q3,40645671,38.64
TRS,2025,Q4,37652601,35.45
TRST,2024,Q1,19024433,28.16
TRST,2024,Q2,19010433,28.77
TRST,2024,Q3,19010433,33.07
TRST,2024,Q4,19019749,33.31
TRST,2025,Q1,19019749,30.48
TRST,2025,Q2,18851014,33.42
TRST,2025,Q3,18424019,36.3
TRST,2025,Q4,17710510,41.33
TRT,2025,Q2,4312805,
TRT,2025,Q4,8749616,13.24
TRTX,2024,Q1,77872438,7.72
TRTX,2024,Q2,80928525,8.64
TRTX,2024,Q3,80927733,8.53
TRTX,2024,Q4,81003693,8.5
TRTX,2025,Q1,79857374,8.15
TRTX,2025,Q2,78590582,7.72
TRTX,2025,Q3,78261346,8.56
TRTX,2025,Q4,78354052,8.61
TRTX,2026,Q1,77308209,
TRU,2024,Q1,194200000,79.8
TRU,2024,Q2,194300000,74.16
TRU,2024,Q3,194900000,104.7
TRU,2024,Q4,195100000,92.71
TRU,2025,Q1,195100000,82.99
TRU,2025,Q2,194800000,88.0
TRU,2025,Q3,194200000,83.78
TRU,2025,Q4,192600000,85.75
TRU,2026,Q1,192800000,69.19
TRUE,2024,Q2,90889437,3.13
TRUE,2024,Q3,86958087,3.45
TRUE,2024,Q4,87256034,3.73
TRUE,2025,Q1,87676368,1.58
TRUE,2025,Q2,88441491,1.9
TRUE,2025,Q3,88940050,1.84
TRUG,2025,Q3,2386402,
TRUG,2025,Q4,4228985,
TRUP,2024,Q2,42163753,29.4
TRUP,2024,Q3,42343514,41.98
TRUP,2024,Q4,42490664,48.2
TRUP,2025,Q1,42783675,37.27
TRUP,2025,Q2,42994675,55.35
TRUP,2025,Q3,43198164,43.28
TRUP,2025,Q4,43430169,37.37
TRV,2024,Q1,228993392,230.14
TRV,2024,Q2,227931434,203.34
TRV,2024,Q3,227018963,234.12
TRV,2024,Q4,226726582,240.89
TRV,2025,Q1,226568786,264.46
TRV,2025,Q2,225100000,267.54
TRV,2025,Q3,223063417,279.22
TRV,2025,Q4,216237902,290.06
TRV,2026,Q1,212644693,291.68
TRVG,2024,Q3,22381300,1.73
TRVG,2024,Q4,22440200,2.18
TRVG,2025,Q1,22811900,4.1
TRVG,2025,Q3,70380000,3.33
TRVG,2025,Q4,115621475,2.9
TRVI,2024,Q2,72591917,2.98
TRVI,2024,Q3,76865711,3.34
TRVI,2024,Q4,96682229,4.12
TRVI,2025,Q1,101744767,6.29
TRVI,2025,Q2,121776855,5.47
TRVI,2025,Q3,128230134,9.15
TRVI,2025,Q4,128397271,12.52
TS,2024,Q3,554428992,31.79
TS,2024,Q4,542387968,37.79
TS,2025,Q1,535996992,39.11
TS,2025,Q3,581380000,35.77
TS,2025,Q4,507691796,38.45
TSBK,2025,Q3,7880773,33.28
TSBK,2025,Q4,7884326,35.8
TSBX,2025,Q2,23140691,0.36
TSCO,2024,Q1,107810395,261.72
TSCO,2024,Q2,107868874,270.0
TSCO,2024,Q3,106839001,290.93
TSCO,2024,Q4,531548314,53.06
TSCO,2025,Q1,530202933,55.1
TSCO,2025,Q2,529951669,52.77
TSCO,2025,Q3,528403595,56.87
TSCO,2025,Q4,526351286,50.01
TSE,2024,Q1,35294231,3.78
TSE,2024,Q2,35356020,2.31
TSE,2024,Q3,35401678,5.11
TSE,2024,Q4,35481484,5.1
TSE,2025,Q1,35650311,3.68
TSE,2025,Q2,35952575,3.12
TSE,2025,Q3,35993589,2.35
TSE,2025,Q4,36559868,0.5
TSHA,2024,Q2,204943306,2.24
TSHA,2024,Q3,204943306,2.01
TSHA,2024,Q4,205001632,1.73
TSHA,2025,Q1,214661715,1.39
TSHA,2025,Q2,272794885,2.31
TSHA,2025,Q3,273919373,3.27
TSHA,2025,Q4,287269885,5.5
TSLA,2024,Q1,3189196167,175.79
TSLA,2024,Q2,3194640415,197.88
TSLA,2024,Q3,3210059659,261.63
TSLA,2024,Q4,3216517037,403.84
TSLA,2025,Q1,3220956211,259.16
TSLA,2025,Q2,3225448889,317.66
TSLA,2025,Q3,3325819167,444.72
TSLA,2025,Q4,3752431984,449.72
TSLA,2026,Q1,3755723871,371.75
TSLX,2024,Q2,93017205,21.35
TSLX,2024,Q3,93317621,20.53
TSLX,2024,Q4,93661436,21.3
TSLX,2025,Q1,93964358,22.38
TSLX,2025,Q2,94240348,23.81
TSLX,2025,Q3,94493925,22.86
TSLX,2025,Q4,94705150,21.72
TSM,2024,Q3,5186079744,173.67
TSM,2024,Q4,5186549760,197.49
TSM,2025,Q1,5186549760,166.0
TSM,2025,Q3,5190000000,279.29
TSM,2025,Q4,5186505109,303.89
TSN,2024,Q1,286015881,58.73
TSN,2024,Q2,285820693,57.14
TSN,2024,Q3,285855466,59.56
TSN,2024,Q4,286185368,57.44
TSN,2025,Q1,286225378,63.81
TSN,2025,Q2,285760382,55.94
TSN,2025,Q3,283045085,54.3
TSN,2025,Q4,282069961,58.62
TSQ,2025,Q3,15145320,6.72
TSQ,2025,Q4,15789817,5.14
TSSI,2025,Q3,28845037,18.11
TSSI,2025,Q4,27773594,7.07
TSVT,2024,Q2,51497928,3.85
TSVT,2024,Q3,51588420,4.72
TSVT,2024,Q4,52338383,2.94
TSVT,2025,Q1,53229791,
TT,2024,Q1,226352436,300.2
TT,2024,Q2,225670231,328.93
TT,2024,Q3,225023863,388.73
TT,2024,Q4,224290964,369.35
TT,2025,Q1,223018007,336.92
TT,2025,Q2,222515359,437.41
TT,2025,Q3,221739004,421.96
TT,2025,Q4,221331905,389.2
TTAM,2025,Q4,184362465,16.48
TTAN,2024,Q4,76537855,102.87
TTAN,2025,Q1,76732506,95.11
TTAN,2025,Q2,77266756,107.18
TTAN,2025,Q3,79717700,100.83
TTAN,2025,Q4,80718547,106.5
TTAN,2026,Q1,82610069,63.46
TTC,2024,Q1,104406800,91.63
TTC,2024,Q2,103874095,93.51
TTC,2024,Q3,102614743,86.73
TTC,2024,Q4,101184218,80.1
TTC,2025,Q1,99820061,72.75
TTC,2025,Q2,98685272,70.68
TTC,2025,Q3,97862143,76.2
TTC,2025,Q4,97904689,78.72
TTC,2026,Q1,96932941,93.44
TTD,2024,Q1,445208133,87.42
TTD,2024,Q2,447658970,97.67
TTD,2024,Q3,449655013,109.65
TTD,2024,Q4,452425879,117.53
TTD,2025,Q1,448135991,54.72
TTD,2025,Q2,445666933,71.99
TTD,2025,Q3,440318931,49.01
TTD,2025,Q4,432868418,37.96
TTE,2024,Q3,2281520128,64.62
TTE,2024,Q4,2249730048,54.5
TTE,2025,Q1,2217440000,64.69
TTE,2025,Q3,2400000000,59.69
TTE,2025,Q4,2144438448,65.42
TTEC,2024,Q2,47723922,5.88
TTEC,2024,Q3,47728895,5.87
TTEC,2024,Q4,47757848,4.99
TTEC,2025,Q1,47833188,3.29
TTEC,2025,Q2,48463497,4.81
TTEC,2025,Q3,48549666,3.36
TTEC,2025,Q4,48565548,3.6
TTEK,2024,Q1,53497270,184.71
TTEK,2024,Q2,53532413,204.48
TTEK,2024,Q3,267741125,47.16
TTEK,2024,Q4,268036087,39.84
TTEK,2025,Q1,263502619,29.25
TTEK,2025,Q2,262773412,35.96
TTEK,2025,Q3,260828236,33.38
TTEK,2025,Q4,260807561,33.54
TTGT,2025,Q3,72157906,5.81
TTGT,2025,Q4,72292654,5.4
TTI,2024,Q2,131448790,3.46
TTI,2024,Q3,131810197,3.1
TTI,2024,Q4,132394159,3.58
TTI,2025,Q1,133072970,3.36
TTI,2025,Q2,133279724,3.36
TTI,2025,Q3,133746714,5.75
TTI,2025,Q4,134198072,9.37
TTMI,2024,Q2,101776192,19.43
TTMI,2024,Q3,101969460,18.25
TTMI,2024,Q4,102108642,24.75
TTMI,2025,Q1,101630335,20.51
TTMI,2025,Q2,103313274,40.82
TTMI,2025,Q3,103330725,57.6
TTMI,2025,Q4,103404925,69.0
TTNP,2025,Q2,1330234,
TTSH,2024,Q1,44526194,7.03
TTSH,2024,Q2,44650165,6.93
TTSH,2024,Q3,44658610,6.59
TTSH,2024,Q4,44657898,6.93
TTSH,2025,Q1,44729924,6.48
TTSH,2025,Q2,44761435,6.36
TTSH,2025,Q3,44715001,6.05
TTSH,2025,Q4,39821741,
TTWO,2023,Q4,170586411,160.95
TTWO,2024,Q1,171385386,148.49
TTWO,2024,Q2,175282774,155.49
TTWO,2024,Q3,175627391,153.71
TTWO,2024,Q4,176495706,184.08
TTWO,2025,Q1,177424908,207.25
TTWO,2025,Q2,184470212,242.85
TTWO,2025,Q3,184778832,258.36
TTWO,2025,Q4,185175456,256.03
TU,2025,Q4,1548656383,13.17
TUSK,2024,Q2,48127369,3.28
TUSK,2024,Q3,48127369,4.09
TUSK,2024,Q4,48127369,3.0
TUSK,2025,Q1,48127369,2.04
TUSK,2025,Q2,48194035,2.8
TUSK,2025,Q3,48194035,2.29
TUSK,2025,Q4,48358315,1.85
TV,2024,Q3,537328000,2.56
TV,2024,Q4,535451008,1.68
TV,2025,Q1,539233984,1.75
TV,2025,Q3,553800000,2.69
TV,2025,Q4,533539673,2.91
TVACU,2025,Q3,22500000,
TVAIU,2025,Q3,20487500,
TVAIU,2025,Q4,20487500,
TVGN,2025,Q3,198689921,0.79
TVGN,2025,Q4,4164205,0.33
TVRD,2025,Q3,9381344,38.97
TVRD,2025,Q4,9381344,4.3
TVTX,2024,Q2,76491485,8.22
TVTX,2024,Q3,78049928,13.99
TVTX,2024,Q4,88739826,17.42
TVTX,2025,Q1,88804818,17.92
TVTX,2025,Q2,89138673,14.8
TVTX,2025,Q3,89472327,23.9
TVTX,2025,Q4,92241550,38.21
TW,2024,Q1,116165228,104.17
TW,2024,Q2,116292668,106.0
TW,2024,Q3,116228794,123.67
TW,2024,Q4,116163963,130.92
TW,2025,Q1,116443381,148.46
TW,2025,Q2,116453684,146.4
TW,2025,Q3,116487927,110.98
TW,2025,Q4,115657833,107.54
TWFG,2024,Q2,14811874,
TWFG,2024,Q3,14811874,27.12
TWFG,2024,Q4,14904083,30.8
TWFG,2025,Q1,14904083,30.91
TWFG,2025,Q2,15005464,35.0
TWFG,2025,Q3,15028681,27.44
TWFG,2025,Q4,15028681,28.77
TWI,2024,Q2,72159028,7.41
TWI,2024,Q3,63139435,8.13
TWI,2024,Q4,63197710,6.79
TWI,2025,Q1,63704208,8.39
TWI,2025,Q2,63895267,10.27
TWI,2025,Q3,63951494,7.56
TWI,2025,Q4,64024055,7.83
TWIN,2025,Q2,14390226,8.83
TWIN,2025,Q4,14421658,16.68
TWLO,2024,Q1,171171739,61.15
TWLO,2024,Q2,160599847,56.81
TWLO,2024,Q3,153383697,65.22
TWLO,2024,Q4,152633605,108.08
TWLO,2025,Q1,152674214,97.91
TWLO,2025,Q2,153576158,124.36
TWLO,2025,Q3,152067819,100.09
TWLO,2025,Q4,152411346,142.24
TWNP,2025,Q3,54455856,
TWO,2024,Q1,103494421,13.24
TWO,2024,Q2,103622787,13.21
TWO,2024,Q3,103650126,13.88
TWO,2024,Q4,104022011,11.83
TWO,2025,Q1,104025096,13.36
TWO,2025,Q2,104132453,10.77
TWO,2025,Q3,104155818,9.87
TWO,2025,Q4,105043188,10.5
TWST,2024,Q1,58225999,34.31
TWST,2024,Q2,58585960,49.28
TWST,2024,Q3,59356440,45.18
TWST,2024,Q4,59651142,46.47
TWST,2025,Q1,59916141,39.26
TWST,2025,Q2,60360925,36.79
TWST,2025,Q3,61148026,28.14
TWST,2025,Q4,61311704,31.72
TX,2024,Q3,196308000,36.91
TX,2024,Q4,196308000,29.08
TX,2025,Q1,196308000,31.16
TX,2025,Q3,200470000,34.73
TX,2025,Q4,196307678,38.19
TXG,2024,Q1,105651593,37.53
TXG,2024,Q2,106434584,19.45
TXG,2024,Q3,106997615,22.58
TXG,2024,Q4,108245008,14.36
TXG,2025,Q1,111092774,8.73
TXG,2025,Q2,114411468,11.58
TXG,2025,Q3,116474179,11.69
TXG,2025,Q4,117673382,16.31
TXMD,2025,Q3,11574362,1.06
TXMD,2025,Q4,11574362,
TXN,2024,Q1,910482146,174.21
TXN,2024,Q2,913045963,194.53
TXN,2024,Q3,912216614,206.57
TXN,2024,Q4,910332971,187.51
TXN,2025,Q1,908472079,179.7
TXN,2025,Q2,909137169,207.62
TXN,2025,Q3,908623020,183.73
TXN,2025,Q4,907550774,173.49
TXN,2026,Q1,910092791,194.14
TXNM,2024,Q1,90200384,37.64
TXNM,2024,Q2,90200384,36.96
TXNM,2024,Q3,90200384,43.77
TXNM,2024,Q4,92659335,49.17
TXNM,2025,Q1,92659335,53.48
TXNM,2025,Q2,105378979,56.32
TXNM,2025,Q3,108921356,56.55
TXNM,2025,Q4,108921356,58.88
TXO,2025,Q3,54784292,14.05
TXO,2025,Q4,55242507,10.67
TXRH,2024,Q1,66790637,154.47
TXRH,2024,Q2,66676650,171.71
TXRH,2024,Q3,66714069,176.6
TXRH,2024,Q4,66450642,180.43
TXRH,2025,Q1,66450600,166.63
TXRH,2025,Q2,66341653,187.41
TXRH,2025,Q3,66450612,166.15
TXRH,2025,Q4,65925145,166.0
TXT,2024,Q1,190698993,95.93
TXT,2024,Q2,187362550,85.86
TXT,2024,Q3,185511585,88.58
TXT,2024,Q4,182572762,76.49
TXT,2025,Q1,180538799,72.25
TXT,2025,Q2,178205295,80.29
TXT,2025,Q3,176224064,84.49
TXT,2025,Q4,178205297,87.17
TXT,2026,Q1,174162437,87.56
TYGO,2025,Q3,70352248,2.5
TYGO,2025,Q4,75603796,1.38
TYL,2024,Q1,42455267,425.01
TYL,2024,Q2,42672664,502.78
TYL,2024,Q3,42798585,583.72
TYL,2024,Q4,43013800,576.64
TYL,2025,Q1,43123546,581.39
TYL,2025,Q2,43261810,592.84
TYL,2025,Q3,43027728,523.16
TYL,2025,Q4,42985340,453.95
TYRA,2024,Q2,52806137,15.99
TYRA,2024,Q3,50602991,23.51
TYRA,2024,Q4,53089957,13.9
TYRA,2025,Q1,53177990,9.3
TYRA,2025,Q2,53297140,9.57
TYRA,2025,Q3,53372098,13.99
TYRA,2025,Q4,53867115,26.29
TZOO,2025,Q3,10932337,9.83
TZOO,2025,Q4,10932337,7.12
TZUP,2025,Q3,16541342,
TZUP,2025,Q4,30375530,
U,2024,Q1,390861717,26.7
U,2024,Q2,396857800,16.26
U,2024,Q3,402840097,22.62
U,2024,Q4,409664525,22.47
U,2025,Q1,415694628,19.59
U,2025,Q2,422517888,24.2
U,2025,Q3,427912843,40.04
U,2025,Q4,432987611,44.17
UA,2023,Q4,188802043,8.35
UA,2024,Q2,188821994,6.53
UA,2024,Q3,188822461,8.36
UA,2024,Q4,188822726,7.46
UA,2025,Q1,188822726,5.95
UA,2025,Q2,34450000,6.49
UA,2025,Q3,34450000,4.83
UA,2025,Q4,34450000,4.8
UAA,2023,Q4,188802043,8.79
UAA,2024,Q2,188821994,6.67
UAA,2024,Q3,188822461,8.91
UAA,2024,Q4,188822726,8.28
UAA,2025,Q1,188822726,6.25
UAA,2025,Q3,428820000,4.99
UAA,2025,Q4,423889359,4.97
UAL,2024,Q1,328803431,47.88
UAL,2024,Q2,328833907,48.66
UAL,2024,Q3,328875900,57.06
UAL,2024,Q4,327339564,97.1
UAL,2025,Q1,326600570,69.05
UAL,2025,Q2,323732094,79.63
UAL,2025,Q3,323737989,96.5
UAL,2025,Q4,323430419,111.82
UAL,2026,Q1,324569728,92.07
UAMY,2024,Q2,108438984,0.34
UAMY,2024,Q3,108438984,0.76
UAMY,2024,Q4,114632369,1.77
UAMY,2025,Q1,117922971,2.2
UAMY,2025,Q2,120723320,2.18
UAMY,2025,Q3,140035604,6.2
UAMY,2025,Q4,143371936,5.02
UAN,2025,Q3,10569637,90.12
UAN,2025,Q4,10569637,102.5
UAVS,2025,Q3,40072588,2.01
UAVS,2025,Q4,57246783,0.81
UBCP,2025,Q3,5774011,13.98
UBCP,2025,Q4,5756852,14.35
UBER,2024,Q1,2089520408,76.99
UBER,2024,Q2,2100937229,72.68
UBER,2024,Q3,2105709325,75.16
UBER,2024,Q4,2089008865,60.32
UBER,2025,Q1,2091168098,72.86
UBER,2025,Q2,2085418676,93.3
UBER,2025,Q3,2077830381,97.97
UBER,2025,Q4,2058115983,81.71
UBFO,2025,Q3,17575853,9.33
UBFO,2025,Q4,17255505,10.07
UBS,2025,Q4,3341581714,46.31
UBSI,2024,Q1,135196935,35.79
UBSI,2024,Q2,135219078,32.44
UBSI,2024,Q3,135220358,37.1
UBSI,2024,Q4,143212150,37.55
UBSI,2025,Q1,142059584,34.67
UBSI,2025,Q2,141647226,36.43
UBSI,2025,Q3,140416592,37.21
UBSI,2025,Q4,139419485,38.4
UBX,2024,Q1,16789577,
UBX,2024,Q2,16847622,1.35
UBX,2024,Q3,16850350,1.47
UBX,2024,Q4,16867647,0.98
UBX,2025,Q1,17212172,
UCB,2024,Q1,119136518,26.32
UCB,2024,Q2,119174803,25.46
UCB,2024,Q3,119282762,29.08
UCB,2024,Q4,119364110,32.31
UCB,2025,Q1,119514298,28.13
UCB,2025,Q2,121474460,29.79
UCB,2025,Q3,121556906,31.35
UCB,2025,Q4,119613176,31.22
UCL,2025,Q4,258499680,
UCTT,2024,Q1,44905933,45.94
UCTT,2024,Q2,45030636,49.0
UCTT,2024,Q3,45060067,39.93
UCTT,2024,Q4,45132298,35.95
UCTT,2025,Q1,45149090,21.41
UCTT,2025,Q2,45343968,22.57
UCTT,2025,Q3,45387088,27.25
UCTT,2025,Q4,45490038,25.33
UDMY,2024,Q1,153104397,10.98
UDMY,2024,Q2,150362361,8.63
UDMY,2024,Q3,145901417,7.44
UDMY,2024,Q4,147744470,8.23
UDMY,2025,Q1,148731313,7.76
UDMY,2025,Q2,150343676,7.03
UDMY,2025,Q3,146376765,7.01
UDMY,2025,Q4,145421510,5.85
UDR,2024,Q1,329306648,37.41
UDR,2024,Q2,329823561,41.15
UDR,2024,Q3,329960195,45.34
UDR,2024,Q4,331133359,43.41
UDR,2025,Q1,331295838,45.17
UDR,2025,Q2,331347194,40.83
UDR,2025,Q3,330485820,37.26
UDR,2025,Q4,328571965,36.68
UE,2024,Q1,118815093,17.27
UE,2024,Q2,121334116,18.47
UE,2024,Q3,124871347,21.39
UE,2024,Q4,125459966,21.5
UE,2025,Q1,125749490,19.0
UE,2025,Q2,125791099,18.66
UE,2025,Q3,125853674,20.47
UE,2025,Q4,125956087,19.19
UEC,2024,Q2,408778351,6.01
UEC,2024,Q3,411405851,6.21
UEC,2024,Q4,423088115,6.69
UEC,2025,Q1,428731612,4.78
UEC,2025,Q2,444349147,6.8
UEC,2025,Q3,464704265,13.34
UEC,2025,Q4,483377402,11.68
UEC,2026,Q1,490220783,13.5
UEIC,2025,Q3,13366106,4.66
UEIC,2025,Q4,12864412,3.61
UFCS,2024,Q2,25336103,21.49
UFCS,2024,Q3,25342114,20.93
UFCS,2024,Q4,25381478,28.45
UFCS,2025,Q1,25450872,29.46
UFCS,2025,Q2,25492013,28.7
UFCS,2025,Q3,25514329,30.42
UFCS,2025,Q4,25522051,36.35
UFI,2025,Q2,18360663,5.22
UFI,2025,Q4,18581051,3.5
UFPI,2024,Q1,61753899,123.01
UFPI,2024,Q2,60918541,112.0
UFPI,2024,Q3,60724664,131.21
UFPI,2024,Q4,60662743,112.65
UFPI,2025,Q1,60394887,107.04
UFPI,2025,Q2,58566148,99.36
UFPI,2025,Q3,58257224,93.49
UFPI,2025,Q4,56594928,91.05
UFPT,2024,Q3,7674363,316.7
UFPT,2025,Q3,7712444,199.6
UFPT,2025,Q4,7713300,222.03
UG,2025,Q3,4594319,7.86
UG,2025,Q4,4594319,
UGI,2024,Q1,209622441,24.54
UGI,2024,Q2,214688629,22.9
UGI,2024,Q3,214698169,25.02
UGI,2024,Q4,214813003,28.23
UGI,2025,Q1,214441328,33.07
UGI,2025,Q2,214924206,36.42
UGI,2025,Q3,214527913,33.26
UGI,2025,Q4,214636337,37.43
UGRO,2025,Q4,1000000,0.28
UHAL.B,2023,Q4,176470092,70.44
UHAL.B,2024,Q1,19607788,66.68
UHAL.B,2024,Q2,176470092,60.02
UHAL.B,2024,Q3,176470092,72.0
UHAL.B,2024,Q4,176470092,64.05
UHAL.B,2025,Q1,176470092,59.18
UHAL.B,2025,Q2,19607788,54.37
UHAL.B,2025,Q3,19607788,50.9
UHAL.B,2025,Q4,19607788,46.74
UHG,2025,Q3,21839762,4.13
UHG,2025,Q4,21853341,1.56
UHS,2024,Q1,59677618,182.46
UHS,2024,Q2,59461566,184.93
UHS,2024,Q3,58714711,229.01
UHS,2024,Q4,57751199,179.42
UHS,2025,Q1,57189718,187.9
UHS,2025,Q2,56388014,181.15
UHS,2025,Q3,55233701,204.44
UHS,2025,Q4,53837855,218.02
UHT,2025,Q3,13873618,39.17
UHT,2025,Q4,13874643,39.21
UI,2024,Q1,60461405,115.85
UI,2024,Q2,60469583,145.66
UI,2024,Q3,60470475,221.72
UI,2024,Q4,60490337,331.93
UI,2025,Q1,60491245,310.14
UI,2025,Q2,60498713,411.65
UI,2025,Q3,60499655,660.58
UI,2025,Q4,60520794,553.35
UIS,2024,Q2,69335500,4.13
UIS,2024,Q3,69362707,5.68
UIS,2024,Q4,69604122,6.33
UIS,2025,Q1,71067097,4.59
UIS,2025,Q2,71293023,4.53
UIS,2025,Q3,71306106,3.9
UIS,2025,Q4,71312019,2.76
UK,2025,Q4,4436543,
UL,2024,Q3,2485619968,64.96
UL,2024,Q4,2473169920,56.7
UL,2025,Q1,2461850112,59.55
UL,2025,Q3,2450000000,59.28
UL,2025,Q4,2181005247,65.4
ULBI,2025,Q3,16648947,6.82
ULBI,2025,Q4,16656503,5.72
ULCC,2024,Q2,224483246,4.93
ULCC,2024,Q3,225372311,5.35
ULCC,2024,Q4,227248474,7.11
ULCC,2025,Q1,227764555,4.34
ULCC,2025,Q2,228155458,3.63
ULCC,2025,Q3,228950914,4.42
ULCC,2025,Q4,229609718,4.71
ULH,2025,Q3,26330058,23.44
ULH,2025,Q4,26350058,15.19
ULS,2024,Q2,38876949,42.19
ULS,2024,Q3,61987768,49.3
ULS,2024,Q4,62044493,49.88
ULS,2025,Q1,62368949,56.4
ULS,2025,Q2,62752788,72.86
ULS,2025,Q3,62753870,70.86
ULS,2025,Q4,77287211,78.86
ULTA,2024,Q1,48268744,522.88
ULTA,2024,Q2,47716365,385.87
ULTA,2024,Q3,47114727,389.12
ULTA,2024,Q4,46372538,434.93
ULTA,2025,Q1,45309488,366.54
ULTA,2025,Q2,44945605,467.82
ULTA,2025,Q3,44838364,546.75
ULTA,2025,Q4,44362172,605.01
ULTA,2026,Q1,43736630,522.71
ULY,2025,Q3,2190945,
ULY,2025,Q4,2196934,
UMAC,2025,Q3,36875549,15.1
UMAC,2025,Q4,38889911,12.74
UMBF,2024,Q1,48744365,86.99
UMBF,2024,Q2,48746015,83.42
UMBF,2024,Q3,48798443,105.11
UMBF,2024,Q4,72591166,112.86
UMBF,2025,Q1,75918539,101.1
UMBF,2025,Q2,75928255,105.16
UMBF,2025,Q3,75954660,118.35
UMBF,2025,Q4,76135481,115.04
UMC,2024,Q3,2505690112,8.42
UMC,2024,Q4,2512140032,6.49
UMC,2025,Q1,2511670016,7.15
UMC,2025,Q3,2510000000,7.58
UMC,2025,Q4,2517631153,7.86
UMH,2024,Q1,70404159,16.24
UMH,2024,Q2,73552049,15.99
UMH,2024,Q3,78899789,19.67
UMH,2024,Q4,82461602,18.88
UMH,2025,Q1,84075332,18.7
UMH,2025,Q2,84928979,16.79
UMH,2025,Q3,85230670,14.85
UMH,2025,Q4,85016121,15.91
UNB,2025,Q3,4582423,
UNB,2025,Q4,4614047,23.73
UNCY,2024,Q1,37606630,
UNCY,2024,Q2,94356212,0.5
UNCY,2024,Q3,103796406,0.41
UNCY,2024,Q4,119705026,0.79
UNCY,2025,Q1,120629281,0.57
UNCY,2025,Q2,17661698,
UNCY,2025,Q3,21491396,
UNCY,2025,Q4,25237782,
UNF,2024,Q1,15068056,173.43
UNF,2024,Q2,15022850,171.53
UNF,2024,Q3,15012314,198.65
UNF,2024,Q4,15007187,171.09
UNF,2025,Q1,15006502,174.0
UNF,2025,Q2,14991657,188.22
UNF,2025,Q3,14565659,167.19
UNF,2025,Q4,14521268,192.9
UNF,2026,Q1,14531693,251.59
UNFI,2024,Q1,59436775,11.49
UNFI,2024,Q2,59470084,13.1
UNFI,2024,Q3,59522765,16.82
UNFI,2024,Q4,59919098,27.31
UNFI,2025,Q1,60524148,27.39
UNFI,2025,Q2,60565534,23.31
UNFI,2025,Q3,60652401,37.62
UNFI,2025,Q4,60931817,33.67
UNFI,2026,Q1,60751965,45.06
UNH,2024,Q1,920385075,494.7
UNH,2024,Q2,923418150,509.26
UNH,2024,Q3,920284334,584.68
UNH,2024,Q4,914712333,505.86
UNH,2025,Q1,907140441,523.75
UNH,2025,Q2,905673625,311.97
UNH,2025,Q3,905838620,345.3
UNH,2025,Q4,907675839,330.11
UNIT,2024,Q1,240257455,5.9
UNIT,2024,Q2,244150946,2.92
UNIT,2024,Q3,244114544,5.64
UNIT,2024,Q4,244229237,5.5
UNIT,2025,Q1,245453420,5.04
UNIT,2025,Q2,246191625,4.32
UNM,2024,Q1,189383214,53.66
UNM,2024,Q2,185772511,51.11
UNM,2024,Q3,182611898,59.44
UNM,2024,Q4,176777741,73.03
UNM,2025,Q1,174361903,81.46
UNM,2025,Q2,170313240,80.76
UNM,2025,Q3,167331269,77.78
UNM,2025,Q4,163753818,77.5
UNP,2024,Q1,610122122,245.93
UNP,2024,Q2,609197628,226.26
UNP,2024,Q3,606256627,246.48
UNP,2024,Q4,604286378,228.04
UNP,2025,Q1,597475610,236.24
UNP,2025,Q2,593043666,230.08
UNP,2025,Q3,593160889,236.37
UNP,2025,Q4,593391460,231.32
UNP,2026,Q1,593713213,242.62
UNTY,2025,Q3,10039444,48.87
UNTY,2025,Q4,10016427,51.72
UONEK,2025,Q3,2045016,0.74
UONEK,2025,Q4,3409145,0.86
UP,2024,Q1,697303159,2.87
UP,2024,Q2,697663854,1.89
UP,2024,Q3,697811664,2.42
UP,2024,Q4,698792071,1.65
UP,2025,Q1,698874225,1.01
UP,2025,Q2,698798208,1.07
UP,2025,Q3,721707858,1.84
UP,2025,Q4,724465549,0.66
UPB,2024,Q3,53596601,
UPB,2024,Q4,53640895,16.44
UPB,2025,Q1,53793703,6.12
UPB,2025,Q2,53909427,10.98
UPB,2025,Q3,54038591,18.81
UPB,2025,Q4,54419986,27.15
UPBD,2024,Q1,54629445,35.21
UPBD,2024,Q2,54684722,30.7
UPBD,2024,Q3,54699602,31.99
UPBD,2024,Q4,57423571,29.17
UPBD,2025,Q1,57825534,23.96
UPBD,2025,Q2,57895609,25.1
UPBD,2025,Q3,57905731,23.63
UPBD,2025,Q4,58117605,17.56
UPLD,2024,Q2,27265746,2.49
UPLD,2024,Q3,27440968,2.49
UPLD,2024,Q4,28168267,4.34
UPLD,2025,Q1,28484279,2.86
UPLD,2025,Q2,28772095,1.95
UPLD,2025,Q3,28891348,2.37
UPLD,2025,Q4,29118178,1.43
UPS,2024,Q1,729399444,148.63
UPS,2024,Q2,732509029,136.85
UPS,2024,Q3,731369687,136.34
UPS,2024,Q4,739873795,126.1
UPS,2025,Q1,733727081,109.99
UPS,2025,Q2,736042904,100.94
UPS,2025,Q3,738990054,83.53
UPS,2025,Q4,743855831,99.19
UPST,2024,Q1,87878025,26.89
UPST,2024,Q2,89513590,23.59
UPST,2024,Q3,91228026,40.01
UPST,2024,Q4,93710996,61.57
UPST,2025,Q1,95144858,46.03
UPST,2025,Q2,96217742,64.68
UPST,2025,Q3,97286484,50.8
UPST,2025,Q4,98061276,43.73
UPWK,2024,Q1,133118345,12.26
UPWK,2024,Q2,132006676,10.75
UPWK,2024,Q3,133667123,10.45
UPWK,2024,Q4,135459615,16.35
UPWK,2025,Q1,131589909,13.05
UPWK,2025,Q2,132606579,13.44
UPWK,2025,Q3,130654883,18.57
UPWK,2025,Q4,130380213,19.82
UPXI,2025,Q2,58888756,2.98
UPXI,2025,Q4,69760581,1.68
URBN,2023,Q4,92784344,35.69
URBN,2024,Q1,93294919,43.42
URBN,2024,Q2,93399211,41.05
URBN,2024,Q3,92260283,38.31
URBN,2024,Q4,92277114,54.88
URBN,2025,Q1,92660800,52.4
URBN,2025,Q2,89642150,72.54
URBN,2025,Q3,89697915,71.43
URBN,2025,Q4,89678939,75.26
URBN,2026,Q1,85601280,63.35
URG,2024,Q2,362274028,1.4
URG,2024,Q3,364101038,1.19
URG,2024,Q4,364819260,1.15
URG,2025,Q1,364819260,0.67
URG,2025,Q2,364828165,1.05
URG,2025,Q3,376213626,1.79
URG,2025,Q4,397328219,1.39
URGN,2024,Q2,42114070,16.78
URGN,2024,Q3,42199414,12.7
URGN,2024,Q4,46094352,10.65
URGN,2025,Q1,46107451,11.06
URGN,2025,Q2,46264132,13.7
URGN,2025,Q3,46808892,19.95
URGN,2025,Q4,48682280,23.42
URI,2024,Q1,66589926,721.11
URI,2024,Q2,66135871,646.73
URI,2024,Q3,65622379,809.73
URI,2024,Q4,65307098,704.44
URI,2025,Q1,64999035,626.7
URI,2025,Q2,64341222,753.4
URI,2025,Q3,63630147,954.66
URI,2025,Q4,62998147,809.32
URI,2026,Q1,62646557,728.56
USAC,2024,Q1,116993865,26.67
USAC,2024,Q2,117007411,23.73
USAC,2024,Q3,117022833,22.92
USAC,2024,Q4,117528971,23.56
USAC,2025,Q1,117582364,26.98
USAC,2025,Q2,122683947,24.31
USAC,2025,Q3,122685471,24.0
USAC,2025,Q4,144972358,23.0
USAR,2025,Q3,132638561,17.19
USAR,2025,Q4,217976175,11.9
USAS,2025,Q4,320418782,
USAU,2025,Q2,14026030,12.2
USAU,2025,Q4,14390202,19.41
USAU,2026,Q1,16501163,
USB,2024,Q1,1560459913,44.7
USB,2024,Q2,1560514033,39.7
USB,2024,Q3,1560031715,45.73
USB,2024,Q4,1559887453,47.83
USB,2025,Q1,1558027583,42.22
USB,2025,Q2,1556189453,45.25
USB,2025,Q3,1554434067,48.33
USB,2025,Q4,1553695799,53.36
USCB,2025,Q3,18107385,17.45
USCB,2025,Q4,18137885,18.42
USEG,2025,Q3,34405143,
USEG,2025,Q4,44269192,0.92
USFD,2024,Q1,245866992,53.97
USFD,2024,Q2,244558482,52.98
USFD,2024,Q3,232938689,61.5
USFD,2024,Q4,230378989,67.46
USFD,2025,Q1,231350016,65.46
USFD,2025,Q2,225171616,77.01
USFD,2025,Q3,222941412,76.62
USFD,2025,Q4,220541957,75.32
USGO,2025,Q3,13273195,12.86
USGO,2025,Q4,13322293,8.82
USIO,2025,Q3,27307839,1.42
USIO,2025,Q4,27746208,1.36
USLM,2025,Q3,28639399,131.55
USLM,2025,Q4,28670056,119.74
USM,2024,Q1,33000000,36.5
USM,2024,Q2,33000000,55.82
USM,2024,Q3,33000000,54.65
USM,2024,Q4,33000000,62.72
USM,2025,Q1,33000000,69.15
USM,2025,Q2,86000000,63.97
USM,2025,Q3,86380000,50.01
USM,2025,Q4,86380000,53.62
USNA,2024,Q1,19050568,48.5
USNA,2024,Q2,19052276,45.24
USNA,2024,Q3,19059572,37.92
USNA,2024,Q4,18904526,35.89
USNA,2025,Q1,18623075,26.97
USNA,2025,Q2,18271836,30.53
USNA,2025,Q3,18280857,27.55
USNA,2025,Q4,18280855,19.63
USNA,2026,Q1,18456935,
USPH,2024,Q2,15076629,92.42
USPH,2024,Q3,15094987,84.63
USPH,2024,Q4,15191689,88.71
USPH,2025,Q1,15191689,72.36
USPH,2025,Q2,15204119,78.2
USPH,2025,Q3,15204119,84.95
USPH,2025,Q4,15122562,78.09
UTHR,2024,Q1,44355694,229.72
UTHR,2024,Q2,44491176,318.55
UTHR,2024,Q3,44644519,358.35
UTHR,2024,Q4,44912177,352.84
UTHR,2025,Q1,45106623,308.27
UTHR,2025,Q2,45226262,287.35
UTHR,2025,Q3,43056599,419.21
UTHR,2025,Q4,43827686,487.25
UTI,2024,Q2,53811817,15.73
UTI,2024,Q4,54371711,25.71
UTI,2025,Q1,54406215,25.68
UTI,2025,Q2,54423611,33.89
UTI,2025,Q3,54429869,32.55
UTI,2025,Q4,55020506,26.13
UTL,2024,Q2,16173971,51.79
UTL,2024,Q3,16189246,60.58
UTL,2024,Q4,16245554,54.19
UTL,2025,Q1,16250955,57.69
UTL,2025,Q2,16292209,52.15
UTL,2025,Q3,17914793,47.86
UTL,2025,Q4,17983994,48.44
UTMD,2025,Q3,3203672,62.97
UTMD,2025,Q4,3185025,55.96
UTZ,2024,Q1,81473973,18.44
UTZ,2024,Q2,82530122,16.64
UTZ,2024,Q3,82537542,17.7
UTZ,2024,Q4,86061319,15.66
UTZ,2025,Q1,86061753,14.08
UTZ,2025,Q2,86201901,12.55
UTZ,2025,Q3,87509774,12.15
UTZ,2025,Q4,88432904,10.38
UUU,2025,Q1,2312887,
UUU,2025,Q4,2717887,5.16
UUUU,2024,Q1,163651897,6.29
UUUU,2024,Q2,163670085,6.06
UUUU,2024,Q3,196602660,5.49
UUUU,2024,Q4,210241007,5.13
UUUU,2025,Q1,216669373,3.73
UUUU,2025,Q2,230674913,5.75
UUUU,2025,Q3,237286768,15.35
UUUU,2025,Q4,241606000,14.54
UVE,2024,Q2,28483599,18.76
UVE,2024,Q3,28286229,22.16
UVE,2024,Q4,28095824,21.06
UVE,2025,Q1,28144679,23.7
UVE,2025,Q2,28318558,27.73
UVE,2025,Q3,28048881,26.3
UVE,2025,Q4,28008189,33.8
UVSP,2024,Q2,29171025,22.83
UVSP,2024,Q3,29042929,28.14
UVSP,2024,Q4,29001673,29.51
UVSP,2025,Q1,28880154,28.36
UVSP,2025,Q2,28805205,30.04
UVSP,2025,Q3,28475713,30.02
UVSP,2025,Q4,28083533,32.74
UVSP,2026,Q1,27845802,34.26
UVV,2023,Q4,24573240,67.32
UVV,2024,Q2,24692747,48.19
UVV,2024,Q3,24715625,53.11
UVV,2024,Q4,24715625,54.84
UVV,2025,Q1,24715625,56.05
UVV,2025,Q2,24886204,58.24
UVV,2025,Q3,24921155,55.87
UVV,2025,Q4,24923496,52.75
UWMC,2024,Q1,95577980,7.26
UWMC,2024,Q2,95611907,6.93
UWMC,2024,Q3,157913983,8.52
UWMC,2024,Q4,157975819,5.87
UWMC,2025,Q1,201418441,5.46
UWMC,2025,Q2,218635129,4.14
UWMC,2025,Q3,254803110,6.09
UWMC,2025,Q4,294864131,4.38
UYSC,2025,Q1,7658348,
UYSC,2025,Q4,7658348,10.25
V,2024,Q1,1574151974,279.08
V,2024,Q2,1670444965,262.47
V,2024,Q3,1728105021,274.95
V,2024,Q4,1723362347,316.04
V,2025,Q1,1710985048,350.46
V,2025,Q2,1698682527,355.05
V,2025,Q3,1687629770,341.38
V,2025,Q4,1681093942,350.71
VABK,2025,Q3,5393139,38.81
VABK,2025,Q4,5422082,39.85
VAC,2024,Q1,35163907,107.73
VAC,2024,Q2,35056762,87.32
VAC,2024,Q3,34911161,73.48
VAC,2024,Q4,34910573,89.8
VAC,2025,Q1,34535278,64.24
VAC,2025,Q2,34602499,72.31
VAC,2025,Q3,34613991,66.56
VAC,2025,Q4,34305473,57.69
VACH,2024,Q2,31625000,
VACH,2024,Q3,25300000,
VACH,2024,Q4,25300000,10.03
VACH,2025,Q1,25300000,10.18
VACH,2025,Q3,31620000,10.5
VAL,2024,Q1,72410818,75.26
VAL,2024,Q2,72750708,74.5
VAL,2024,Q3,71118393,55.75
VAL,2024,Q4,71032299,44.24
VAL,2025,Q1,71069040,39.26
VAL,2025,Q2,71213466,42.11
VAL,2025,Q3,69577278,48.77
VAL,2025,Q4,69230926,50.4
VALE,2024,Q3,4269040128,11.68
VALE,2024,Q4,4268720128,8.87
VALE,2025,Q1,4268780032,9.98
VALE,2025,Q3,4540000000,10.86
VALE,2025,Q4,4278965774,13.03
VALN,2025,Q4,173539745,
VALU,2025,Q2,9409522,39.15
VALU,2025,Q4,9389873,38.43
VALU,2026,Q1,9387238,
VANI,2025,Q3,72952235,1.41
VANI,2025,Q4,84647803,
VAPE,2025,Q4,44062938,6.42
VAPE,2026,Q1,42895841,
VATE,2025,Q3,13655062,4.89
VATE,2025,Q4,13645127,4.52
VBIX,2025,Q3,10670392,
VBIX,2025,Q4,13336392,
VBNK,2025,Q4,31945535,14.98
VBTX,2024,Q2,54385930,21.09
VBTX,2024,Q3,54483871,26.32
VBTX,2024,Q4,54469375,27.16
VBTX,2025,Q1,54271523,24.97
VBTX,2025,Q2,54745471,26.1
VC,2024,Q1,27596555,117.61
VC,2024,Q2,27606858,106.7
VC,2024,Q3,27618888,95.24
VC,2024,Q4,27080483,88.72
VC,2025,Q1,27258238,77.62
VC,2025,Q2,27276339,93.3
VC,2025,Q3,27285922,119.86
VC,2025,Q4,26819486,95.1
VC,2026,Q1,26694021,91.11
VCEL,2024,Q1,48601736,52.02
VCEL,2024,Q2,49030175,45.88
VCEL,2024,Q3,49358408,42.25
VCEL,2024,Q4,49969568,54.91
VCEL,2025,Q1,50342969,44.62
VCEL,2025,Q2,50460205,42.55
VCEL,2025,Q3,50574026,31.47
VCEL,2025,Q4,50763319,36.01
VCIC,2024,Q2,22000000,
VCIC,2024,Q3,22000000,
VCIC,2024,Q4,22000000,10.05
VCIC,2025,Q1,22000000,10.15
VCIC,2025,Q3,29330000,10.71
VCICU,2025,Q3,22000000,
VCICU,2025,Q4,22000000,
VCTR,2024,Q2,64875913,47.73
VCTR,2024,Q3,65034009,55.4
VCTR,2024,Q4,63661988,65.46
VCTR,2025,Q1,67236287,57.87
VCTR,2025,Q2,66783378,63.67
VCTR,2025,Q3,64935459,64.76
VCTR,2025,Q4,64049636,63.09
VCYT,2024,Q1,76448070,22.16
VCYT,2024,Q2,76812124,21.67
VCYT,2024,Q3,77499629,34.04
VCYT,2024,Q4,77944772,39.6
VCYT,2025,Q1,78314611,29.65
VCYT,2025,Q2,78671588,27.03
VCYT,2025,Q3,79049173,34.33
VCYT,2025,Q4,79458427,42.1
VECO,2024,Q2,56784837,46.71
VECO,2024,Q3,56778242,33.13
VECO,2024,Q4,57935847,26.8
VECO,2025,Q1,58292152,20.08
VECO,2025,Q2,60161823,20.32
VECO,2025,Q3,60162510,30.43
VECO,2025,Q4,60392058,28.58
VEEA,2025,Q3,50160673,
VEEA,2025,Q4,50467421,0.64
VEEE,2025,Q3,2237299,
VEEE,2025,Q4,8620299,
VEEV,2024,Q1,161260172,231.69
VEEV,2024,Q2,161651713,183.01
VEEV,2024,Q3,161933810,209.87
VEEV,2024,Q4,162350353,210.25
VEEV,2025,Q1,162696040,231.63
VEEV,2025,Q2,163412273,287.98
VEEV,2025,Q3,163908013,297.91
VEEV,2025,Q4,164381855,223.23
VEEV,2026,Q1,163330933,175.66
VEL,2024,Q2,33109360,17.93
VEL,2024,Q3,33114845,19.61
VEL,2024,Q4,34015492,19.56
VEL,2025,Q1,36491520,18.71
VEL,2025,Q2,38438579,18.54
VEL,2025,Q3,38900030,18.14
VEL,2025,Q4,39235281,20.76
VENU,2025,Q3,42847542,12.81
VENU,2025,Q4,60042328,8.42
VEON,2025,Q4,1849190667,52.57
VERA,2024,Q2,54827665,36.18
VERA,2024,Q3,63323053,44.2
VERA,2024,Q4,63748290,42.29
VERA,2025,Q1,63774158,24.02
VERA,2025,Q2,63823665,23.56
VERA,2025,Q3,63894845,29.06
VERA,2025,Q4,71355667,50.64
VERB,2025,Q3,59090521,7.04
VERB,2025,Q4,56530617,1.99
VERI,2024,Q1,37738677,5.26
VERI,2024,Q2,38078941,2.26
VERI,2024,Q3,38241762,3.59
VERI,2024,Q4,44834462,3.28
VERI,2025,Q1,45294195,2.33
VERI,2025,Q2,55271810,1.26
VERI,2025,Q3,91806023,4.82
VERI,2025,Q4,91806025,4.65
VERO,2025,Q3,1859123,
VERU,2024,Q2,146383920,0.84
VERU,2024,Q4,146383920,0.65
VERU,2025,Q1,146583920,0.49
VERU,2025,Q2,14650392,0.58
VERU,2025,Q3,16050320,3.8
VERU,2025,Q4,16050320,2.14
VERV,2024,Q1,83965493,13.28
VERV,2024,Q2,84624529,4.88
VERV,2024,Q3,84663840,4.84
VERV,2024,Q4,88795768,5.64
VERV,2025,Q1,89143237,4.57
VERX,2024,Q2,65360518,36.05
VERX,2024,Q3,65969319,38.51
VERX,2024,Q4,71702437,53.35
VERX,2025,Q1,72005249,35.01
VERX,2025,Q2,77318571,35.34
VERX,2025,Q3,77372323,24.79
VERX,2025,Q4,77801253,19.97
VET,2024,Q3,155900000,9.77
VET,2024,Q4,155100000,9.4
VET,2025,Q1,155448000,8.1
VET,2025,Q3,153430000,7.82
VET,2025,Q4,152949630,8.34
VFC,2023,Q4,388815956,18.8
VFC,2024,Q1,388887166,15.34
VFC,2024,Q2,389183344,13.5
VFC,2024,Q3,389318655,19.95
VFC,2024,Q4,389573366,21.46
VFC,2025,Q1,389744310,15.52
VFC,2025,Q2,390616502,11.75
VFC,2025,Q3,390724758,14.43
VFC,2025,Q4,391263343,18.08
VFF,2025,Q3,115517766,3.13
VFF,2025,Q4,115104420,3.65
VG,2025,Q1,451257010,10.3
VG,2025,Q2,459342313,15.58
VG,2025,Q3,479506138,14.19
VG,2025,Q4,488365847,6.82
VGAS,2025,Q3,22049621,3.05
VGAS,2025,Q4,22049621,2.06
VGZ,2025,Q3,126209108,2.13
VGZ,2025,Q4,144947520,1.97
VHC,2025,Q3,4270840,17.99
VHC,2025,Q4,4185898,16.69
VHI,2025,Q3,28302293,15.78
VHI,2025,Q4,28302293,12.05
VIAV,2024,Q1,223238054,9.09
VIAV,2024,Q2,221900000,6.87
VIAV,2024,Q3,221800000,9.02
VIAV,2024,Q4,222100000,10.1
VIAV,2025,Q1,223200000,11.19
VIAV,2025,Q2,223245915,10.07
VIAV,2025,Q3,223198857,12.69
VIAV,2025,Q4,231389345,17.82
VICI,2024,Q1,1043181591,29.79
VICI,2024,Q2,1047172748,28.64
VICI,2024,Q3,1054174145,33.31
VICI,2024,Q4,1056339141,29.21
VICI,2025,Q1,1056707123,32.62
VICI,2025,Q2,1066369778,32.6
VICI,2025,Q3,1068811371,32.61
VICI,2025,Q4,1068737299,28.12
VICR,2024,Q1,32808042,38.24
VICR,2024,Q2,33332695,33.16
VICR,2024,Q3,33394873,42.1
VICR,2024,Q4,33443745,48.32
VICR,2025,Q1,33469514,46.78
VICR,2025,Q2,33180546,45.36
VICR,2025,Q3,32925914,49.72
VICR,2025,Q4,33646426,109.6
VIGL,2024,Q1,37584312,3.41
VIGL,2024,Q2,39647533,4.0
VIGL,2024,Q3,40879485,3.4
VIGL,2024,Q4,46671534,1.7
VIGL,2025,Q1,46671534,1.78
VIGL,2025,Q2,47701161,7.95
VIK,2025,Q4,317907301,71.41
VIOT,2024,Q3,34046500,1.55
VIOT,2024,Q4,34046500,1.46
VIOT,2025,Q1,33952900,
VIOT,2025,Q3,67940000,3.34
VIOT,2025,Q4,68301370,1.84
VIPS,2024,Q3,455648000,15.73
VIPS,2024,Q4,435526016,13.47
VIPS,2025,Q1,438062016,15.68
VIPS,2025,Q3,512710000,19.64
VIPS,2025,Q4,493000024,17.69
VIR,2024,Q1,136058680,10.13
VIR,2024,Q2,136639571,8.9
VIR,2024,Q3,137720120,7.49
VIR,2024,Q4,137143286,7.34
VIR,2025,Q1,138238003,6.48
VIR,2025,Q2,138916426,5.04
VIR,2025,Q3,139125032,5.71
VIR,2025,Q4,139517278,6.03
VIRC,2025,Q1,16087082,9.46
VIRC,2025,Q4,15761141,6.39
VIRC,2026,Q1,15761141,
VIRT,2024,Q1,88494096,20.52
VIRT,2024,Q2,87194694,22.45
VIRT,2024,Q3,85953825,30.46
VIRT,2024,Q4,86618617,35.68
VIRT,2025,Q1,85911653,38.12
VIRT,2025,Q2,8194847,44.79
VIRT,2025,Q3,7970185,35.5
VIRT,2025,Q4,7970185,33.32
VIST,2025,Q1,95285400,46.56
VIST,2025,Q3,104260000,34.4
VIST,2025,Q4,104256416,48.66
VITL,2024,Q1,42176860,23.25
VITL,2024,Q2,43098946,46.77
VITL,2024,Q3,43789647,35.07
VITL,2024,Q4,44257535,37.69
VITL,2025,Q1,44497012,30.47
VITL,2025,Q2,44685980,38.52
VITL,2025,Q3,44774520,41.15
VITL,2025,Q4,44797125,31.94
VIV,2024,Q3,1637159936,10.27
VIV,2024,Q4,1630640000,7.55
VIV,2025,Q1,1621040000,8.72
VIV,2025,Q3,1630000000,12.75
VIV,2025,Q4,3195606352,11.86
VIVK,2025,Q3,153996297,0.42
VIVK,2025,Q4,2013106,
VIVS,2025,Q1,2599797,
VIVS,2025,Q4,2607962,
VKTX,2024,Q1,110268210,82.0
VKTX,2024,Q2,110796200,53.01
VKTX,2024,Q3,111436384,63.31
VKTX,2024,Q4,112247809,40.24
VKTX,2025,Q1,112309545,24.15
VKTX,2025,Q2,112444961,26.5
VKTX,2025,Q3,113036344,26.28
VKTX,2025,Q4,115554295,35.18
VLCN,2025,Q3,36423863,7.52
VLCN,2025,Q4,30247668,4.57
VLGEA,2025,Q3,10629425,37.36
VLGEA,2025,Q4,10628425,35.4
VLGEA,2026,Q1,10626925,
VLN,2025,Q4,103050266,1.42
VLO,2024,Q1,326996383,170.69
VLO,2024,Q2,320380489,156.76
VLO,2024,Q3,316585228,135.03
VLO,2024,Q4,314977519,122.59
VLO,2025,Q1,313206121,132.07
VLO,2025,Q2,310651744,134.42
VLO,2025,Q3,305009539,170.26
VLO,2025,Q4,299026226,162.79
VLTO,2024,Q1,246846767,88.66
VLTO,2024,Q2,247106400,95.47
VLTO,2024,Q3,247307775,111.86
VLTO,2024,Q4,247550644,101.85
VLTO,2025,Q2,247861167,100.95
VLTO,2025,Q3,248160850,106.61
VLTO,2025,Q4,248297345,99.78
VLY,2024,Q1,509182782,7.96
VLY,2024,Q2,509222110,6.98
VLY,2024,Q3,509368014,9.06
VLY,2024,Q4,560275784,9.06
VLY,2025,Q1,560341218,8.89
VLY,2025,Q2,559720999,8.93
VLY,2025,Q3,557635558,10.6
VLY,2025,Q4,555426220,11.68
VMC,2024,Q1,132252263,272.92
VMC,2024,Q2,132060016,248.68
VMC,2024,Q3,132061259,250.43
VMC,2024,Q4,132109660,257.23
VMC,2025,Q1,132103516,233.3
VMC,2025,Q2,132124158,260.82
VMC,2025,Q3,132130905,307.62
VMC,2025,Q4,130580384,285.22
VMD,2024,Q2,38825799,6.55
VMD,2024,Q3,38936562,7.33
VMD,2024,Q4,39521618,8.02
VMD,2025,Q1,39523787,7.28
VMD,2025,Q2,38785759,6.91
VMD,2025,Q3,38017907,6.79
VMD,2025,Q4,38602631,7.43
VMEO,2024,Q2,156398096,3.73
VMEO,2024,Q3,156451664,5.05
VMEO,2024,Q4,155452438,6.4
VMEO,2025,Q1,155344770,5.26
VMEO,2025,Q2,156311058,4.04
VMEO,2025,Q3,157950354,7.75
VMI,2024,Q1,20191600,228.28
VMI,2024,Q2,20165853,274.45
VMI,2024,Q3,20035441,289.95
VMI,2024,Q4,20045509,306.67
VMI,2025,Q1,20070978,285.37
VMI,2025,Q2,19738494,326.57
VMI,2025,Q3,19699639,387.73
VMI,2025,Q4,19535262,402.32
VMI,2026,Q1,19413651,399.57
VNCE,2025,Q1,12843067,1.92
VNCE,2025,Q4,13339426,4.08
VNCE,2026,Q1,12847294,
VNDA,2024,Q2,58289808,5.65
VNDA,2024,Q3,58308144,4.69
VNDA,2024,Q4,58316044,4.79
VNDA,2025,Q1,58934482,4.59
VNDA,2025,Q2,59089130,4.72
VNDA,2025,Q3,59096630,4.99
VNDA,2025,Q4,59108030,8.82
VNMEU,2025,Q3,20000000,
VNMEU,2025,Q4,20000000,
VNO,2024,Q1,190483416,28.77
VNO,2024,Q2,190505371,26.29
VNO,2024,Q3,190649061,39.4
VNO,2024,Q4,190846580,42.04
VNO,2025,Q1,191949153,36.99
VNO,2025,Q2,192040522,38.24
VNO,2025,Q3,192054832,40.53
VNO,2025,Q4,190666367,33.28
VNOM,2024,Q1,91423830,38.46
VNOM,2024,Q2,91447008,37.53
VNOM,2024,Q3,102977142,45.11
VNOM,2024,Q4,131313142,49.07
VNOM,2025,Q1,131083704,45.15
VNOM,2025,Q2,131082565,38.13
VNRX,2024,Q2,92101479,0.61
VNRX,2024,Q3,92664812,
VNRX,2024,Q4,96543744,0.6
VNRX,2025,Q1,103022677,0.57
VNRX,2025,Q2,107595421,0.76
VNRX,2025,Q3,122801572,0.68
VNRX,2025,Q4,158481243,0.26
VNT,2024,Q1,171700000,45.36
VNT,2024,Q2,171800000,38.2
VNT,2024,Q3,171900000,33.74
VNT,2024,Q4,148700000,36.47
VNT,2025,Q1,172600000,32.85
VNT,2025,Q2,146700000,36.9
VNT,2025,Q3,145100000,41.97
VNT,2025,Q4,141600000,37.18
VOD,2024,Q3,2615020032,10.02
VOD,2024,Q4,2552950016,8.49
VOD,2025,Q1,2497449984,9.37
VOD,2025,Q3,2400000000,11.6
VOD,2025,Q4,2355298292,13.21
VOR,2024,Q1,68259602,2.37
VOR,2024,Q2,68398826,1.0
VOR,2024,Q3,68673612,0.7
VOR,2024,Q4,124851547,1.11
VOR,2025,Q1,124959520,0.72
VOR,2025,Q2,126683111,1.62
VOR,2025,Q3,10410630,48.72
VOR,2025,Q4,21910632,13.08
VOXR,2025,Q4,68364945,4.74
VOYA,2024,Q1,100701204,73.92
VOYA,2024,Q2,98323003,71.15
VOYA,2024,Q3,96218368,79.22
VOYA,2024,Q4,95526278,68.83
VOYA,2025,Q1,96293937,67.76
VOYA,2025,Q2,96417788,71.0
VOYA,2025,Q3,95162924,74.8
VOYA,2025,Q4,92763060,74.49
VOYG,2025,Q3,53789215,29.78
VOYG,2025,Q4,53329062,26.14
VPG,2024,Q1,12331036,35.33
VPG,2024,Q2,12232016,30.44
VPG,2024,Q3,12215668,25.9
VPG,2024,Q4,12234453,23.47
VPG,2025,Q1,12234453,24.09
VPG,2025,Q2,12256197,28.1
VPG,2025,Q3,12256197,32.05
VPG,2025,Q4,12274522,38.5
VRA,2023,Q4,30827003,7.7
VRA,2024,Q2,29487786,6.26
VRA,2024,Q3,28225770,5.46
VRA,2024,Q4,27726461,3.93
VRA,2025,Q1,27700900,2.25
VRA,2025,Q2,27933384,2.21
VRA,2025,Q3,27936522,2.01
VRA,2025,Q4,27955022,2.42
VRA,2026,Q1,27965338,
VRAR,2025,Q2,21066006,1.36
VRAR,2025,Q4,21076506,
VRCA,2024,Q2,42668553,7.29
VRCA,2024,Q3,45600795,1.45
VRCA,2024,Q4,91779993,0.7
VRCA,2025,Q1,92490993,0.44
VRCA,2025,Q2,9445768,0.53
VRCA,2025,Q3,9490035,4.31
VRCA,2025,Q4,17178786,
VRDN,2024,Q2,63889920,13.01
VRDN,2024,Q3,79212747,22.75
VRDN,2024,Q4,81484950,19.17
VRDN,2025,Q1,81592026,13.48
VRDN,2025,Q2,81662369,13.98
VRDN,2025,Q3,95442008,21.58
VRDN,2025,Q4,102206571,31.12
VRE,2024,Q1,92583859,15.21
VRE,2024,Q2,92893924,15.0
VRE,2024,Q3,92901448,17.86
VRE,2024,Q4,92954360,16.63
VRE,2025,Q1,93321214,16.92
VRE,2025,Q2,93421769,14.89
VRE,2025,Q3,93426375,15.2
VRE,2025,Q4,93458388,14.88
VRE,2026,Q1,93838017,18.87
VREX,2024,Q1,40900000,18.1
VREX,2024,Q2,40900000,14.73
VREX,2024,Q3,41100000,11.92
VREX,2025,Q1,41200000,11.6
VREX,2025,Q2,41500000,8.67
VREX,2025,Q3,41500000,12.4
VREX,2025,Q4,41700000,11.65
VREX,2026,Q1,41900000,
VRM,2025,Q3,5199620,
VRM,2025,Q4,5206073,
VRME,2025,Q3,12443169,
VRME,2025,Q4,13119065,0.6
VRNA,2024,Q2,649881246,14.46
VRNA,2024,Q3,654649358,28.77
VRNA,2024,Q4,679831046,46.44
VRNA,2025,Q1,681056022,63.49
VRNA,2025,Q2,689536966,94.58
VRNS,2024,Q1,111503210,47.17
VRNS,2024,Q2,112179617,47.97
VRNS,2024,Q3,112470921,56.5
VRNS,2024,Q4,112550156,44.43
VRNS,2025,Q1,111924959,40.45
VRNS,2025,Q2,112047109,50.75
VRNS,2025,Q3,117897308,57.47
VRNS,2025,Q4,117447726,32.8
VRNT,2024,Q2,61776686,32.2
VRNT,2024,Q3,62005537,25.33
VRNT,2024,Q4,62284686,27.45
VRNT,2025,Q1,62138339,17.85
VRNT,2025,Q2,60160405,19.67
VRNT,2025,Q3,60333678,20.25
VRRM,2024,Q1,166524776,24.97
VRRM,2024,Q2,164658507,27.2
VRRM,2024,Q3,164804157,27.81
VRRM,2024,Q4,159593852,24.18
VRRM,2025,Q1,159428683,22.51
VRRM,2025,Q2,159540820,25.39
VRRM,2025,Q3,159564447,24.7
VRRM,2025,Q4,151361959,22.41
VRSK,2024,Q1,142675237,235.73
VRSK,2024,Q2,142423816,269.55
VRSK,2024,Q3,141210634,267.96
VRSK,2024,Q4,140276165,275.43
VRSK,2025,Q1,139884077,297.62
VRSK,2025,Q2,139714971,311.5
VRSK,2025,Q3,139372570,251.51
VRSK,2025,Q4,137941888,223.69
VRSN,2024,Q1,99600000,189.51
VRSN,2024,Q2,97600000,177.8
VRSN,2024,Q3,96100000,189.96
VRSN,2024,Q4,94600000,206.96
VRSN,2025,Q1,93900000,253.87
VRSN,2025,Q2,93400000,288.8
VRSN,2025,Q3,92700000,279.57
VRSN,2025,Q4,91700000,242.95
VRSN,2026,Q1,91100000,248.36
VRT,2024,Q1,374344987,81.67
VRT,2024,Q2,375147755,86.57
VRT,2024,Q3,375335992,99.49
VRT,2024,Q4,380775581,113.61
VRT,2025,Q1,381105178,72.2
VRT,2025,Q2,381866664,128.41
VRT,2025,Q3,382338313,150.86
VRT,2025,Q4,382598464,162.01
VRT,2026,Q1,384108816,250.58
VRTS,2024,Q3,7018480,209.45
VRTS,2025,Q3,6754405,190.03
VRTS,2025,Q4,6695515,163.15
VRTX,2024,Q1,258053387,418.01
VRTX,2024,Q2,258102203,468.72
VRTX,2024,Q3,257529290,465.08
VRTX,2024,Q4,256789869,402.7
VRTX,2025,Q1,256797187,484.82
VRTX,2025,Q2,256390651,445.2
VRTX,2025,Q3,253718831,391.64
VRTX,2025,Q4,254034190,453.36
VS,2025,Q3,4901677,
VS,2025,Q4,4901677,
VSAT,2023,Q4,125320499,27.95
VSAT,2024,Q2,127779170,12.7
VSAT,2024,Q3,128394383,11.94
VSAT,2024,Q4,129119989,8.51
VSAT,2025,Q1,130319585,10.42
VSAT,2025,Q2,134262856,14.6
VSAT,2025,Q3,135263968,29.3
VSAT,2025,Q4,135831401,34.46
VSCO,2023,Q4,77434945,26.54
VSCO,2024,Q2,78299234,17.67
VSCO,2024,Q3,78525482,25.7
VSCO,2024,Q4,78621590,41.42
VSCO,2025,Q1,78888589,18.58
VSCO,2025,Q2,79852504,18.52
VSCO,2025,Q3,80164485,27.14
VSCO,2025,Q4,80268924,54.17
VSCO,2026,Q1,80467012,46.36
VSEC,2024,Q2,18420008,88.28
VSEC,2024,Q3,20411712,82.73
VSEC,2024,Q4,20600674,95.1
VSEC,2025,Q1,20669684,119.99
VSEC,2025,Q2,20676320,130.98
VSEC,2025,Q3,20686361,166.24
VSEC,2025,Q4,27991027,172.77
VSEE,2025,Q3,31348398,0.61
VSEE,2025,Q4,47299421,0.37
VSH,2024,Q1,125140058,22.68
VSH,2024,Q2,124668345,22.3
VSH,2024,Q3,123741102,18.91
VSH,2024,Q4,123469861,16.94
VSH,2025,Q1,123457082,15.9
VSH,2025,Q2,123488664,15.88
VSH,2025,Q3,123491247,15.3
VSH,2025,Q4,123697092,14.49
VST,2024,Q1,347460001,69.65
VST,2024,Q2,343561403,85.98
VST,2024,Q3,340226219,118.54
VST,2024,Q4,338963642,137.87
VST,2025,Q1,339331954,117.44
VST,2025,Q2,338820324,193.81
VST,2025,Q3,338825490,195.92
VST,2025,Q4,336954256,161.33
VSTM,2024,Q2,40243745,2.98
VSTM,2024,Q3,44506526,2.99
VSTM,2024,Q4,51486705,5.17
VSTM,2025,Q1,54949170,6.03
VSTM,2025,Q2,61545270,4.15
VSTM,2025,Q3,66776006,8.83
VSTM,2025,Q4,87835106,7.72
VSTS,2024,Q1,131450628,19.27
VSTS,2024,Q2,131481967,12.23
VSTS,2024,Q3,131530045,14.9
VSTS,2024,Q4,131745115,15.24
VSTS,2025,Q1,131782772,9.9
VSTS,2025,Q2,131839915,5.73
VSTS,2025,Q4,131866818,6.67
VSTS,2026,Q1,131948938,7.86
VTAK,2025,Q3,1668375,
VTAK,2025,Q4,2692473,
VTEX,2025,Q4,92576749,3.76
VTGN,2025,Q1,29157733,2.5
VTGN,2025,Q4,39620317,0.66
VTLE,2024,Q2,38177190,44.82
VTLE,2024,Q3,38152944,26.9
VTLE,2024,Q4,38121479,30.92
VTLE,2025,Q1,38768087,21.22
VTLE,2025,Q2,38699411,16.09
VTLE,2025,Q3,38689952,16.89
VTMX,2025,Q4,884486436,30.49
VTOL,2024,Q2,28618000,33.53
VTOL,2024,Q3,28628000,34.69
VTOL,2024,Q4,28632000,34.3
VTOL,2025,Q1,28775000,31.58
VTOL,2025,Q2,28814000,32.97
VTOL,2025,Q3,28920000,36.08
VTOL,2025,Q4,29191000,36.62
VTR,2024,Q1,404773758,43.54
VTR,2024,Q2,413153787,51.26
VTR,2024,Q3,419354525,64.13
VTR,2024,Q4,437139980,58.89
VTR,2025,Q1,451298340,68.76
VTR,2025,Q2,454471192,63.15
VTR,2025,Q3,469732824,69.99
VTR,2025,Q4,474965224,77.38
VTR,2026,Q1,486169723,81.78
VTRS,2024,Q1,1190675819,11.94
VTRS,2024,Q2,1193520463,10.63
VTRS,2024,Q3,1193592902,11.61
VTRS,2024,Q4,1193688749,12.45
VTRS,2025,Q1,1173681964,8.71
VTRS,2025,Q2,1165872127,8.93
VTRS,2025,Q3,1151769872,9.9
VTRS,2025,Q4,1151392922,12.45
VTS,2024,Q1,29454806,23.73
VTS,2024,Q2,29504804,23.7
VTS,2024,Q3,29543575,24.02
VTS,2024,Q4,38578409,25.0
VTS,2025,Q1,38613646,24.59
VTS,2025,Q2,38613632,22.09
VTS,2025,Q3,38673632,23.23
VTS,2025,Q4,39776727,19.26
VTSI,2025,Q3,11300607,5.26
VTSI,2025,Q4,11303885,4.2
VTVT,2025,Q3,3938018,23.35
VTVT,2025,Q4,3938654,
VTYX,2024,Q2,70669131,2.31
VTYX,2024,Q3,70710667,2.18
VTYX,2024,Q4,71130054,2.19
VTYX,2025,Q1,71161201,1.15
VTYX,2025,Q2,71308518,2.14
VTYX,2025,Q3,71358638,3.11
VUZI,2024,Q1,64726092,1.21
VUZI,2024,Q2,65965431,1.35
VUZI,2024,Q3,73615485,1.17
VUZI,2024,Q4,76242415,3.94
VUZI,2025,Q1,76242415,2.04
VUZI,2025,Q2,77341692,2.92
VUZI,2025,Q3,80126486,3.13
VUZI,2025,Q4,83158258,3.78
VVOS,2025,Q3,8988106,3.1
VVOS,2025,Q4,9286609,
VVV,2024,Q1,128854818,44.57
VVV,2024,Q2,128866347,43.2
VVV,2024,Q3,128373010,41.85
VVV,2024,Q4,127100499,36.18
VVV,2025,Q1,127111680,34.81
VVV,2025,Q2,127114824,37.87
VVV,2025,Q3,127157674,35.91
VVV,2025,Q4,127315826,29.06
VVX,2024,Q1,31459020,46.71
VVX,2024,Q2,31556383,47.96
VVX,2024,Q3,31560490,55.86
VVX,2024,Q4,31568332,47.83
VVX,2025,Q1,31684495,49.05
VVX,2025,Q2,31709821,48.55
VVX,2025,Q3,31535083,58.09
VVX,2025,Q4,31173445,54.55
VXRT,2024,Q1,176838011,1.3
VXRT,2024,Q2,227439293,0.67
VXRT,2024,Q3,227479811,0.85
VXRT,2024,Q4,227949245,0.66
VXRT,2025,Q1,228222953,
VXRT,2025,Q3,228960000,
VYGR,2024,Q2,54533254,7.91
VYGR,2024,Q3,54625586,5.85
VYGR,2024,Q4,55206885,5.67
VYGR,2025,Q1,55336446,3.38
VYGR,2025,Q2,55468806,3.11
VYGR,2025,Q3,55600084,4.67
VYGR,2025,Q4,59599375,3.93
VYNE,2025,Q4,33323171,0.58
VYX,2024,Q1,145014989,12.63
VYX,2024,Q2,145372212,12.35
VYX,2024,Q3,145967863,13.57
VYX,2024,Q4,138882586,13.84
VYX,2025,Q1,137751970,9.75
VYX,2025,Q2,138234335,11.73
VYX,2025,Q3,138497523,12.55
VYX,2025,Q4,139011364,10.2
VZ,2024,Q1,4209254894,41.96
VZ,2024,Q2,4209519996,41.24
VZ,2024,Q3,4209626270,44.91
VZ,2024,Q4,4209703958,39.99
VZ,2025,Q1,4216254914,45.36
VZ,2025,Q2,4216324808,43.27
VZ,2025,Q3,4216425489,43.95
VZ,2025,Q4,4217684168,40.73
W,2024,Q1,96239070,67.88
W,2024,Q2,97773308,52.73
W,2024,Q3,99627299,56.18
W,2024,Q4,102246216,44.32
W,2025,Q1,103657178,32.03
W,2025,Q2,128000000,51.14
W,2025,Q3,130000000,89.33
W,2025,Q4,130000000,100.41
WAB,2024,Q1,176384942,145.68
WAB,2024,Q2,175183232,158.05
WAB,2024,Q3,171889624,181.77
WAB,2024,Q4,170848147,189.59
WAB,2025,Q1,171126330,181.35
WAB,2025,Q2,170953177,209.35
WAB,2025,Q3,170957186,200.47
WAB,2025,Q4,170517190,213.45
WAB,2026,Q1,169677346,249.91
WABC,2024,Q2,26685789,48.53
WABC,2024,Q3,26686004,49.42
WABC,2024,Q4,26708425,52.46
WABC,2025,Q1,26180675,50.63
WABC,2025,Q2,25461854,48.44
WABC,2025,Q3,24933051,49.99
WABC,2025,Q4,24350014,47.83
WAFD,2024,Q1,81414833,29.03
WAFD,2024,Q2,81219315,28.58
WAFD,2024,Q3,81352532,34.85
WAFD,2024,Q4,81551336,32.24
WAFD,2025,Q1,80158253,28.58
WAFD,2025,Q2,78792054,29.28
WAFD,2025,Q3,76701002,30.29
WAFD,2025,Q4,75863334,32.03
WAL,2024,Q1,110110512,64.19
WAL,2024,Q2,110086404,62.82
WAL,2024,Q3,110069292,86.49
WAL,2024,Q4,110454292,83.54
WAL,2025,Q1,110404256,76.83
WAL,2025,Q2,110368816,77.98
WAL,2025,Q3,110053667,86.72
WAL,2025,Q4,109879137,84.07
WALD,2025,Q4,118217630,1.88
WASH,2024,Q2,17058411,27.41
WASH,2024,Q3,17064855,32.21
WASH,2024,Q4,19276147,31.35
WASH,2025,Q1,19291108,30.86
WASH,2025,Q2,19155214,28.28
WASH,2025,Q3,19034935,28.9
WASH,2025,Q4,19039948,29.55
WAT,2024,Q1,59319699,344.23
WAT,2024,Q2,59361927,290.12
WAT,2024,Q3,59376174,359.89
WAT,2024,Q4,59410941,370.98
WAT,2025,Q1,59509089,368.57
WAT,2025,Q2,59524130,349.04
WAT,2025,Q3,59534740,299.81
WAT,2025,Q4,98101871,379.83
WATT,2025,Q3,2175137,
WATT,2025,Q4,5501099,
WAVE,2025,Q4,46717308,
WAY,2024,Q2,166659634,21.5
WAY,2024,Q3,172086129,27.89
WAY,2024,Q4,172151839,36.7
WAY,2025,Q1,173018999,37.36
WAY,2025,Q2,174238972,40.87
WAY,2025,Q3,191316583,37.92
WAY,2025,Q4,191681592,32.75
WB,2024,Q3,155492992,10.08
WB,2024,Q4,155492992,9.55
WB,2025,Q1,155492992,9.47
WB,2025,Q3,244270000,12.4
WB,2025,Q4,246567452,10.22
WBA,2024,Q1,862713366,21.69
WBA,2024,Q2,863275037,12.1
WBA,2024,Q3,864617130,8.96
WBA,2024,Q4,864153468,9.33
WBA,2025,Q1,864737898,11.17
WBA,2025,Q2,865560675,11.48
WBD,2024,Q1,2450313398,8.73
WBD,2024,Q2,2451908345,7.44
WBD,2024,Q3,2453165097,8.25
WBD,2024,Q4,2454764337,10.57
WBD,2025,Q1,2474075003,10.73
WBD,2025,Q2,2475772282,11.46
WBD,2025,Q3,2477974509,19.53
WBD,2025,Q4,2479929515,28.82
WBS,2024,Q1,171486534,50.77
WBS,2024,Q2,171426372,43.59
WBS,2024,Q3,171410365,46.61
WBS,2024,Q4,171345069,55.22
WBS,2025,Q1,168229092,51.55
WBS,2025,Q2,166188648,54.6
WBS,2025,Q3,161290301,59.44
WBS,2025,Q4,161226585,62.94
WBTN,2024,Q2,128272591,22.83
WBTN,2024,Q3,128313144,11.44
WBTN,2024,Q4,128864156,13.58
WBTN,2025,Q1,130188786,7.67
WBTN,2025,Q2,130608276,9.08
WBTN,2025,Q3,130765676,19.41
WBTN,2025,Q4,133482819,13.03
WCC,2024,Q1,50827576,171.28
WCC,2024,Q2,49158515,158.52
WCC,2024,Q3,49001657,167.98
WCC,2024,Q4,48795929,180.96
WCC,2025,Q1,48803692,155.3
WCC,2025,Q2,48662715,185.2
WCC,2025,Q3,48646230,211.5
WCC,2025,Q4,48661915,244.64
WCN,2024,Q1,258021193,172.01
WCN,2024,Q2,258037421,175.36
WCN,2024,Q3,258063121,178.82
WCN,2024,Q4,258085200,171.58
WCN,2025,Q1,258394228,195.19
WCN,2025,Q2,257466001,186.72
WCN,2025,Q3,256023511,175.8
WCN,2025,Q4,255681232,175.36
WCN,2026,Q1,254080912,162.44
WD,2024,Q1,33718116,101.06
WD,2024,Q2,33748696,98.2
WD,2024,Q3,33766571,113.59
WD,2024,Q4,33798252,97.21
WD,2025,Q1,33981534,85.36
WD,2025,Q2,34069118,70.48
WD,2025,Q3,34064232,83.62
WD,2025,Q4,34060397,60.15
WDAY,2024,Q1,211000000,272.75
WDAY,2024,Q2,212000000,223.56
WDAY,2024,Q3,213000000,244.41
WDAY,2024,Q4,214000000,258.03
WDAY,2025,Q1,215000000,233.53
WDAY,2025,Q2,216000000,240.0
WDAY,2025,Q3,217000000,240.73
WDAY,2025,Q4,213000000,214.78
WDAY,2026,Q1,259131000,129.92
WDC,2024,Q1,326524668,68.24
WDC,2024,Q2,343451583,75.77
WDC,2024,Q3,345708453,68.29
WDC,2024,Q4,347823902,59.63
WDC,2025,Q1,348878365,40.43
WDC,2025,Q2,346922126,63.99
WDC,2026,Q1,339037922,270.49
WDFC,2024,Q1,13552637,253.31
WDFC,2024,Q2,13548450,219.64
WDFC,2024,Q3,13541081,257.88
WDFC,2024,Q4,13546239,242.68
WDFC,2025,Q1,13545364,244.0
WDFC,2025,Q2,13533864,228.09
WDFC,2025,Q3,13527835,197.6
WDFC,2025,Q4,13486302,196.9
WDFC,2026,Q1,13455402,203.94
WDS,2025,Q4,1901100143,15.59
WEAV,2024,Q2,71813071,9.02
WEAV,2024,Q3,72771106,12.8
WEAV,2024,Q4,73900241,15.92
WEAV,2025,Q1,75181804,11.09
WEAV,2025,Q2,77036187,8.32
WEAV,2025,Q3,78025757,6.68
WEAV,2025,Q4,78648611,7.59
WEC,2024,Q1,315822587,82.12
WEC,2024,Q2,316079401,78.46
WEC,2024,Q3,316354446,96.18
WEC,2024,Q4,317752123,94.04
WEC,2025,Q1,319133501,108.98
WEC,2025,Q2,321866395,104.2
WEC,2025,Q3,325294252,114.59
WEC,2025,Q4,325531361,105.46
WELL,2024,Q1,597916197,93.44
WELL,2024,Q2,609147531,104.25
WELL,2024,Q3,622689523,128.03
WELL,2024,Q4,641308062,126.03
WELL,2025,Q1,653951575,153.21
WELL,2025,Q2,668825942,153.73
WELL,2025,Q3,686328043,178.14
WELL,2025,Q4,697752530,185.61
WEN,2024,Q1,205133491,18.84
WEN,2024,Q2,203242708,16.96
WEN,2024,Q3,203845085,17.52
WEN,2024,Q4,200485068,16.3
WEN,2025,Q1,192025248,14.63
WEN,2025,Q2,190565101,11.42
WEN,2025,Q3,190339781,9.16
WEN,2025,Q4,190360557,8.33
WENNU,2025,Q3,30015000,10.43
WENNU,2025,Q4,30015000,10.23
WERN,2024,Q1,63412833,39.12
WERN,2024,Q2,61807803,35.83
WERN,2024,Q3,61807803,38.59
WERN,2024,Q4,61872209,35.92
WERN,2025,Q1,61751914,29.3
WERN,2025,Q2,59830317,27.36
WERN,2025,Q3,59830317,26.32
WERN,2025,Q4,59869405,30.01
WES,2024,Q2,380492104,39.73
WES,2024,Q3,380555427,38.26
WES,2024,Q4,381321137,38.43
WES,2025,Q1,381327362,40.96
WES,2025,Q2,381328604,38.7
WES,2025,Q3,407995725,39.29
WES,2025,Q4,393667434,39.5
WEST,2024,Q1,89531651,10.33
WEST,2024,Q2,88365760,10.23
WEST,2024,Q3,94188120,6.5
WEST,2024,Q4,94227795,6.42
WEST,2025,Q1,94641176,7.22
WEST,2025,Q2,94708067,5.73
WEST,2025,Q3,96824910,4.86
WEST,2025,Q4,96879112,4.07
WETH,2025,Q3,11931534,
WETH,2025,Q4,11931534,
WEX,2024,Q1,41900535,237.53
WEX,2024,Q2,41084042,177.14
WEX,2024,Q3,39783314,209.73
WEX,2024,Q4,39783300,175.32
WEX,2025,Q1,34244545,157.02
WEX,2025,Q2,34264311,146.89
WEX,2025,Q3,34288525,157.53
WEX,2025,Q4,34310618,148.98
WEX,2026,Q1,34668143,153.04
WEYS,2025,Q3,9548388,30.09
WEYS,2025,Q4,9531509,30.59
WFC,2024,Q1,3486315358,57.96
WFC,2024,Q2,3403770246,59.39
WFC,2024,Q3,3329490659,56.49
WFC,2024,Q4,3288186582,70.24
WFC,2025,Q1,3254182446,71.79
WFC,2025,Q2,3203441209,80.12
WFC,2025,Q3,3139084542,83.82
WFC,2025,Q4,3085635641,93.2
WFCF,2025,Q3,5111945,
WFCF,2025,Q4,5048251,
WFG,2024,Q3,78092400,97.36
WFG,2024,Q4,77964400,86.55
WFG,2025,Q1,77281200,76.94
WFG,2025,Q3,76150000,67.98
WFG,2025,Q4,78709003,61.11
WFRD,2024,Q1,73154140,115.42
WFRD,2024,Q2,73158479,122.45
WFRD,2024,Q3,72651996,84.92
WFRD,2024,Q4,72846372,71.63
WFRD,2025,Q1,72556148,53.55
WFRD,2025,Q2,71835002,50.31
WFRD,2025,Q3,71730033,68.43
WFRD,2025,Q4,71717593,78.26
WFRD,2026,Q1,71925332,94.58
WGO,2024,Q1,29268635,74.0
WGO,2024,Q2,28954999,54.2
WGO,2024,Q3,28918183,58.11
WGO,2024,Q4,28396755,47.78
WGO,2025,Q1,28025371,34.46
WGO,2025,Q2,28030540,29.0
WGO,2025,Q3,28206785,33.44
WGO,2025,Q4,28220626,40.52
WGO,2026,Q1,28265787,30.99
WGRX,2025,Q3,89729281,
WGRX,2025,Q4,104871987,0.4
WGS,2024,Q1,26122348,
WGS,2024,Q2,26926383,26.14
WGS,2024,Q3,27433803,42.44
WGS,2024,Q4,28016545,76.86
WGS,2025,Q1,28530337,88.57
WGS,2025,Q2,28708058,92.31
WGS,2025,Q3,28889689,107.74
WGS,2025,Q4,29245296,130.06
WH,2024,Q1,80576852,76.75
WH,2024,Q2,78979900,74.0
WH,2024,Q3,77789308,78.14
WH,2024,Q4,77745945,100.79
WH,2025,Q1,76997642,90.51
WH,2025,Q2,76356247,81.21
WH,2025,Q3,75551945,79.9
WH,2025,Q4,75148844,75.56
WHD,2024,Q1,65706197,50.09
WHD,2024,Q2,66479914,52.74
WHD,2024,Q3,66656160,59.67
WHD,2024,Q4,68151542,58.36
WHD,2025,Q1,68461010,45.83
WHD,2025,Q2,68574875,43.72
WHD,2025,Q3,68840127,39.47
WHD,2025,Q4,68899841,45.68
WHF,2025,Q3,23243088,6.92
WHF,2025,Q4,22234045,6.95
WHG,2025,Q3,9408130,16.49
WHG,2025,Q4,9484473,17.21
WHLR,2025,Q3,1227937,
WHLR,2025,Q4,1290069,
WHR,2024,Q1,54635670,119.63
WHR,2024,Q2,54894402,102.2
WHR,2024,Q3,55139707,107.0
WHR,2024,Q4,55382815,114.48
WHR,2025,Q1,55610094,90.13
WHR,2025,Q2,55894408,101.42
WHR,2025,Q3,56148646,78.6
WHR,2025,Q4,56518699,72.14
WHWK,2024,Q1,24554205,2.34
WHWK,2024,Q2,24614834,1.46
WHWK,2024,Q3,24647392,2.06
WHWK,2024,Q4,46784618,3.15
WHWK,2025,Q1,47109293,1.78
WHWK,2025,Q2,47128362,1.87
WHWK,2025,Q3,47128362,1.9
WHWK,2025,Q4,47196564,2.42
WILC,2025,Q4,13930310,28.78
WIMI,2024,Q3,88150304,1.03
WIMI,2024,Q4,88150304,1.85
WIMI,2025,Q1,88150304,0.97
WIMI,2025,Q3,9820000,
WIMI,2025,Q4,12860360,
WINA,2025,Q3,3562135,497.77
WINA,2025,Q4,3571861,404.94
WINA,2026,Q1,3577671,
WING,2024,Q1,29369978,366.4
WING,2024,Q2,29304401,422.66
WING,2024,Q3,29212082,416.08
WING,2024,Q4,28662614,284.2
WING,2025,Q1,27902888,225.58
WING,2025,Q2,27923753,336.74
WING,2025,Q3,27786854,251.68
WING,2025,Q4,27484570,238.49
WINT,2025,Q3,33708784,
WIX,2024,Q3,54821800,167.17
WIX,2024,Q4,54821800,214.55
WIX,2025,Q1,55668200,163.38
WIX,2025,Q3,56110000,177.63
WIX,2025,Q4,54989523,103.89
WK,2024,Q1,50979294,84.8
WK,2024,Q2,51394455,72.99
WK,2024,Q3,51545404,79.12
WK,2024,Q4,52280439,109.5
WK,2025,Q1,51888191,75.91
WK,2025,Q2,52169998,68.45
WK,2025,Q3,52432466,86.08
WK,2025,Q4,53227057,86.25
WKC,2024,Q1,59938301,26.45
WKC,2024,Q2,59093896,25.8
WKC,2024,Q3,58077535,30.91
WKC,2024,Q4,56749400,27.51
WKC,2025,Q1,56627253,28.36
WKC,2025,Q2,55544560,28.35
WKC,2025,Q3,55558773,25.95
WKC,2025,Q4,51278990,23.43
WKC,2026,Q1,51355451,23.07
WKHS,2024,Q1,375229162,0.23
WKHS,2024,Q2,24362546,1.57
WKHS,2024,Q3,40981553,0.87
WKHS,2024,Q4,5125592,0.7
WKHS,2025,Q1,9473055,1.84
WKHS,2025,Q2,15373266,1.1
WKHS,2025,Q3,23962845,
WKHS,2025,Q4,8799569,
WKSP,2025,Q3,8254389,3.47
WKSP,2025,Q4,11885519,2.13
WLACU,2025,Q3,12650000,
WLACU,2025,Q4,12650000,
WLDN,2025,Q4,14749882,103.66
WLDN,2026,Q1,14796110,76.56
WLDS,2025,Q4,2882802,
WLFC,2025,Q3,6814154,137.09
WLK,2024,Q1,128569968,152.8
WLK,2024,Q2,128585642,144.82
WLK,2024,Q3,128705799,150.29
WLK,2024,Q4,128229509,114.65
WLK,2025,Q1,128238016,100.03
WLK,2025,Q2,128246266,75.93
WLK,2025,Q3,128273220,77.06
WLK,2025,Q4,127910338,73.94
WLKP,2025,Q3,35245879,20.99
WLKP,2025,Q4,35245879,19.0
WLY,2024,Q1,45719000,38.13
WLY,2024,Q2,45431000,40.7
WLY,2024,Q3,45302459,48.25
WLY,2024,Q4,45059564,43.71
WLY,2025,Q1,44892855,44.56
WLY,2025,Q3,53200000,40.47
WLYB,2025,Q2,8769000,
WLYB,2025,Q4,8766037,
WLYB,2026,Q1,8760447,
WM,2024,Q1,401083098,213.15
WM,2024,Q2,401314827,213.34
WM,2024,Q3,401365541,207.6
WM,2024,Q4,402115439,201.79
WM,2025,Q1,402407976,231.51
WM,2025,Q2,402830315,228.82
WM,2025,Q3,402867051,220.83
WM,2025,Q4,403335781,219.71
WMB,2024,Q1,1218754019,38.97
WMB,2024,Q2,1218931191,42.5
WMB,2024,Q3,1219011798,45.65
WMB,2024,Q4,1219369295,54.12
WMB,2025,Q1,1221006379,59.76
WMB,2025,Q2,1221177427,62.81
WMB,2025,Q3,1221218867,63.35
WMB,2025,Q4,1221563111,60.11
WMG,2024,Q1,141598720,33.02
WMG,2024,Q2,141604087,30.65
WMG,2024,Q3,142614118,31.3
WMG,2024,Q4,144980732,31.0
WMG,2025,Q1,145886566,31.35
WMG,2025,Q2,145886566,27.24
WMG,2025,Q3,147022746,34.06
WMG,2025,Q4,146965855,30.67
WMK,2024,Q3,26898443,68.93
WMK,2025,Q3,24744597,71.87
WMK,2025,Q4,24744597,64.09
WMS,2024,Q1,77426265,172.24
WMS,2024,Q2,77523433,160.39
WMS,2024,Q3,77536148,157.16
WMS,2024,Q4,77574661,115.6
WMS,2025,Q1,77585137,108.65
WMS,2025,Q2,77752610,114.86
WMS,2025,Q3,77764487,138.7
WMS,2025,Q4,77895585,144.83
WMT,2024,Q1,8058048674,60.17
WMT,2024,Q2,8043543330,67.71
WMT,2024,Q3,8038251174,80.75
WMT,2024,Q4,8033386215,90.35
WMT,2025,Q1,8016849444,87.79
WMT,2025,Q2,7980418164,97.78
WMT,2025,Q3,7972851122,103.06
WMT,2025,Q4,7970166964,111.41
WMT,2026,Q1,7972402501,124.28
WNC,2024,Q1,45022597,29.94
WNC,2024,Q2,43999230,21.84
WNC,2024,Q3,43336992,19.19
WNC,2024,Q4,42449835,17.13
WNC,2025,Q1,41870141,11.05
WNC,2025,Q2,40938223,10.63
WNC,2025,Q3,40516637,9.87
WNC,2025,Q4,40436437,8.65
WNEB,2025,Q3,20491966,12.01
WNEB,2025,Q4,20260598,12.62
WNS,2024,Q2,44170987,52.5
WNS,2024,Q3,43375746,52.71
WNS,2024,Q4,46232623,47.39
WNS,2025,Q1,46416689,61.49
WNS,2025,Q2,42893906,63.24
WOLF,2024,Q1,125854819,29.5
WOLF,2024,Q2,126869367,22.76
WOLF,2024,Q3,127713305,9.7
WOLF,2024,Q4,155571122,6.66
WOLF,2025,Q1,155626720,3.06
WOLF,2025,Q2,156471999,0.4
WOLF,2025,Q3,25892446,28.6
WOLF,2025,Q4,45088678,17.41
WOOF,2024,Q2,235201143,3.78
WOOF,2024,Q3,236566841,4.55
WOOF,2024,Q4,237866468,3.81
WOOF,2025,Q1,239544398,3.05
WOOF,2025,Q2,241197065,2.83
WOOF,2025,Q3,242466853,3.87
WOOF,2025,Q4,243453341,2.81
WOOF,2026,Q1,246564864,2.78
WOR,2024,Q1,50146357,62.23
WOR,2024,Q2,50045044,47.33
WOR,2024,Q3,50260265,41.45
WOR,2024,Q4,50044032,40.11
WOR,2025,Q1,49917226,50.09
WOR,2025,Q2,49823223,63.64
WOR,2025,Q3,49665056,55.49
WOR,2025,Q4,49546581,51.57
WOR,2026,Q1,49252994,52.14
WORX,2025,Q3,15826834,
WORX,2025,Q4,15999423,
WOW,2024,Q2,84689135,5.41
WOW,2024,Q3,84775134,5.25
WOW,2024,Q4,84682617,4.96
WOW,2025,Q1,85475938,4.95
WOW,2025,Q2,85767970,4.06
WOW,2025,Q3,85703763,5.16
WPC,2024,Q1,218824708,56.44
WPC,2024,Q2,218847015,55.05
WPC,2024,Q3,218847504,62.3
WPC,2024,Q4,218849396,54.48
WPC,2025,Q1,218976223,63.11
WPC,2025,Q2,218991352,62.38
WPC,2025,Q3,219145024,67.57
WPC,2025,Q4,219145876,64.36
WPM,2024,Q3,453635008,61.08
WPM,2024,Q4,453668000,56.24
WPM,2025,Q1,453678016,77.63
WPM,2025,Q3,454020000,111.84
WPM,2025,Q4,454619299,117.52
WPP,2025,Q4,1078802358,22.46
WRAP,2024,Q1,44373107,2.26
WRAP,2024,Q2,45793112,2.0
WRAP,2024,Q3,45882902,1.5
WRAP,2024,Q4,50494701,2.12
WRAP,2025,Q1,50577168,1.71
WRAP,2025,Q2,50820698,1.56
WRAP,2025,Q3,51549094,2.17
WRAP,2025,Q4,51549099,2.38
WRB,2024,Q1,255662277,88.44
WRB,2024,Q2,380550600,78.58
WRB,2024,Q3,381069120,56.73
WRB,2024,Q4,379226056,58.52
WRB,2025,Q1,379355841,71.16
WRB,2025,Q2,379292773,73.47
WRB,2025,Q3,380021174,76.62
WRB,2025,Q4,374490856,70.12
WRBY,2024,Q2,100657415,16.06
WRBY,2024,Q3,101662178,16.33
WRBY,2024,Q4,103622991,24.21
WRBY,2025,Q1,104502616,18.23
WRBY,2025,Q2,105187778,21.93
WRBY,2025,Q3,105727103,27.58
WRBY,2025,Q4,106768721,21.79
WRLD,2025,Q1,5307307,126.55
WRLD,2025,Q4,4936879,140.39
WRN,2025,Q4,202337592,2.67
WS,2024,Q1,50383242,35.85
WS,2024,Q2,50391154,33.36
WS,2024,Q3,50776164,34.01
WS,2024,Q4,50753704,31.82
WS,2025,Q1,50740546,25.33
WS,2025,Q2,50872821,29.83
WS,2025,Q3,50833057,30.39
WS,2025,Q4,50805635,34.62
WS,2026,Q1,50806338,30.35
WSBC,2024,Q1,59423197,29.81
WSBC,2024,Q2,59587710,27.91
WSBC,2024,Q3,66872229,29.78
WSBC,2024,Q4,66942912,32.54
WSBC,2025,Q1,95672204,30.96
WSBC,2025,Q2,95989823,31.63
WSBC,2025,Q3,96045347,31.93
WSBC,2025,Q4,96113059,33.24
WSBF,2025,Q3,18456918,15.6
WSBF,2025,Q4,18359930,16.55
WSBK,2025,Q2,9295376,
WSBK,2025,Q4,9295376,
WSC,2024,Q1,190180607,46.5
WSC,2024,Q2,188490850,37.64
WSC,2024,Q3,184759527,37.6
WSC,2024,Q4,183575055,33.45
WSC,2025,Q1,182389573,27.8
WSC,2025,Q2,182075083,27.4
WSC,2025,Q3,181945689,21.11
WSC,2025,Q4,180854438,18.83
WSFS,2024,Q1,76133596,45.14
WSFS,2024,Q2,76208354,47.0
WSFS,2024,Q3,76246771,50.99
WSFS,2024,Q4,76264211,53.13
WSFS,2025,Q1,76327551,51.87
WSFS,2025,Q2,55969140,55.0
WSFS,2025,Q3,54675949,53.93
WSFS,2025,Q4,52732172,55.24
WSM,2024,Q1,64112265,317.53
WSM,2024,Q2,64308083,282.37
WSM,2024,Q3,126339342,154.92
WSM,2024,Q4,123099943,185.18
WSM,2025,Q1,123509495,158.1
WSM,2025,Q2,122998061,163.37
WSM,2025,Q3,121790333,195.45
WSM,2025,Q4,119380711,178.59
WSM,2026,Q1,119016049,182.33
WSO,2024,Q1,34747547,431.97
WSO,2024,Q2,34789334,463.24
WSO,2024,Q3,34829623,491.88
WSO,2024,Q4,34803110,473.89
WSO,2025,Q1,34885201,508.3
WSO,2025,Q3,40550000,404.3
WSO,2025,Q4,40669697,336.95
WSO.B,2025,Q3,34923800,
WSO.B,2025,Q4,34944441,
WSR,2024,Q2,50064943,13.31
WSR,2024,Q3,50646473,13.53
WSR,2024,Q4,50894945,14.17
WSR,2025,Q1,50895585,14.57
WSR,2025,Q2,51017764,12.48
WSR,2025,Q3,51020124,12.28
WSR,2025,Q4,51391734,13.89
WST,2024,Q1,72843157,395.71
WST,2024,Q2,72541593,329.39
WST,2024,Q3,72422349,300.16
WST,2024,Q4,72303766,327.56
WST,2025,Q1,71845364,223.88
WST,2025,Q2,71907325,218.8
WST,2025,Q3,71943412,262.33
WST,2025,Q4,72021491,275.14
WST,2026,Q1,70647595,250.64
WT,2024,Q1,151816951,9.19
WT,2024,Q2,151855747,9.91
WT,2024,Q3,146103656,9.99
WT,2024,Q4,147047857,10.5
WT,2025,Q1,147031329,8.92
WT,2025,Q2,147107121,11.51
WT,2025,Q3,140715080,13.9
WT,2025,Q4,141616698,12.19
WTBA,2025,Q3,16940785,20.32
WTBA,2025,Q4,16940785,22.19
WTBA,2026,Q1,17028101,
WTFC,2024,Q1,61753551,104.39
WTFC,2024,Q2,66500386,98.56
WTFC,2024,Q3,66492204,108.53
WTFC,2024,Q4,66707801,124.71
WTFC,2025,Q1,66930326,112.46
WTFC,2025,Q2,66952288,123.98
WTFC,2025,Q3,66971158,132.44
WTFC,2025,Q4,67270487,139.82
WTGUU,2025,Q3,1708575,
WTGUU,2025,Q4,7303575,
WTI,2024,Q2,147182248,2.14
WTI,2024,Q3,147357587,2.15
WTI,2024,Q4,147635709,1.66
WTI,2025,Q1,147651816,1.55
WTI,2025,Q2,148339030,1.65
WTI,2025,Q3,148777224,1.82
WTI,2025,Q4,148777698,1.63
WTM,2024,Q1,2565733,1794.3
WTM,2024,Q2,2568283,1817.45
WTM,2024,Q3,2568148,1696.2
WTM,2024,Q4,2563051,1945.06
WTM,2025,Q3,2553106,1671.52
WTM,2025,Q4,2467055,2078.03
WTRG,2024,Q1,273523533,37.05
WTRG,2024,Q2,273672080,37.33
WTRG,2024,Q3,274610592,38.57
WTRG,2024,Q4,274922770,36.32
WTRG,2025,Q1,280337601,39.53
WTRG,2025,Q2,280468669,37.14
WTRG,2025,Q3,282975521,39.9
WTRG,2025,Q4,283117816,38.36
WTS,2024,Q1,27412374,212.55
WTS,2024,Q2,27397775,183.37
WTS,2024,Q3,27380065,207.19
WTS,2024,Q4,27361801,203.3
WTS,2025,Q1,27422199,203.92
WTS,2025,Q2,27415415,245.89
WTS,2025,Q3,27406631,279.28
WTS,2025,Q4,27423636,276.02
WTTR,2024,Q1,102694571,9.23
WTTR,2024,Q2,102796012,10.7
WTTR,2024,Q3,103088670,11.13
WTTR,2024,Q4,103066880,13.24
WTTR,2025,Q1,103994137,10.5
WTTR,2025,Q2,105044862,8.64
WTTR,2025,Q3,104908604,10.69
WTTR,2025,Q4,105140543,10.52
WTW,2024,Q1,102235963,275.0
WTW,2024,Q2,101555915,262.14
WTW,2024,Q3,100725472,294.53
WTW,2024,Q4,99692639,313.24
WTW,2025,Q1,99149791,337.95
WTW,2025,Q2,97547991,306.5
WTW,2025,Q3,95748613,345.45
WTW,2025,Q4,94545903,328.6
WU,2024,Q1,338335142,13.98
WU,2024,Q2,337778981,12.22
WU,2024,Q3,337801066,11.93
WU,2024,Q4,337934527,10.6
WU,2025,Q1,330525315,10.58
WU,2025,Q2,322967281,8.42
WU,2025,Q3,317844905,7.99
WU,2025,Q4,313454809,9.31
WU,2026,Q1,312435104,8.73
WULF,2024,Q2,382597605,4.45
WULF,2024,Q3,385907681,4.68
WULF,2024,Q4,383137722,5.66
WULF,2025,Q1,384584010,2.73
WULF,2025,Q2,391926373,4.38
WULF,2025,Q3,418681881,11.42
WULF,2025,Q4,424068125,11.49
WVE,2024,Q1,122460160,6.17
WVE,2024,Q2,124737862,4.99
WVE,2024,Q3,152519770,8.2
WVE,2024,Q4,153486021,12.37
WVE,2025,Q1,154134139,8.08
WVE,2025,Q2,159140460,6.5
WVE,2025,Q3,167181784,7.32
WVE,2025,Q4,188254954,17.0
WVE,2026,Q1,192379977,7.25
WVVI,2025,Q3,4964529,3.57
WVVI,2025,Q4,4979529,3.05
WW,2024,Q1,79274672,1.85
WW,2024,Q2,79731946,1.17
WW,2024,Q3,79863592,0.88
WW,2024,Q4,80127091,1.27
WW,2025,Q1,80280308,
WWD,2024,Q1,60919845,154.12
WWD,2024,Q2,59659225,174.38
WWD,2024,Q3,59130924,171.51
WWD,2024,Q4,59359883,166.42
WWD,2025,Q1,59501273,182.49
WWD,2025,Q2,59966221,245.09
WWD,2025,Q3,59868975,252.71
WWD,2025,Q4,59615869,302.32
WWR,2024,Q1,57186886,0.49
WWR,2024,Q2,58160599,0.48
WWR,2024,Q3,62507043,0.52
WWR,2024,Q4,71339508,0.71
WWR,2025,Q1,76408761,0.55
WWR,2025,Q2,86226083,0.6
WWR,2025,Q3,117989464,0.95
WWR,2025,Q4,124702952,0.75
WWW,2024,Q1,79928627,11.21
WWW,2024,Q2,80010618,13.52
WWW,2024,Q3,80066948,17.42
WWW,2024,Q4,80371566,22.2
WWW,2025,Q1,81044051,13.91
WWW,2025,Q2,81254351,18.08
WWW,2025,Q3,81967897,27.44
WWW,2026,Q1,81315287,16.32
WY,2024,Q1,729017000,35.91
WY,2024,Q2,727315000,28.39
WY,2024,Q3,726582000,33.86
WY,2024,Q4,725578000,28.15
WY,2025,Q1,725273000,29.28
WY,2025,Q2,721511000,25.69
WY,2025,Q3,720861000,24.79
WY,2025,Q4,720665000,23.69
WYNN,2024,Q1,112070861,102.23
WYNN,2024,Q2,110991627,89.5
WYNN,2024,Q3,109814972,95.88
WYNN,2024,Q4,106401372,86.16
WYNN,2025,Q1,104554301,83.5
WYNN,2025,Q2,103976531,93.67
WYNN,2025,Q3,103974479,128.27
WYNN,2025,Q4,104283291,120.33
WYY,2025,Q3,9891002,4.95
WYY,2025,Q4,9872661,
X,2024,Q1,224849607,40.78
X,2024,Q2,224961894,37.8
X,2024,Q3,225170942,35.33
X,2024,Q4,225216524,33.99
X,2025,Q1,226419128,
XAGE,2025,Q3,1781738,
XAGE,2025,Q4,2475321,
XAIR,2024,Q2,46520515,0.54
XAIR,2024,Q3,72187636,
XAIR,2024,Q4,88278647,0.36
XAIR,2025,Q1,92794777,0.27
XAIR,2025,Q4,10529344,
XBIO,2025,Q3,2291056,
XBIO,2025,Q4,2291056,
XBIT,2025,Q3,30487731,2.66
XBIT,2025,Q4,30487731,2.39
XBP,2025,Q3,117515972,
XBP,2025,Q4,11768050,
XCUR,2025,Q3,6373869,
XCUR,2025,Q4,6373915,
XEL,2024,Q1,555639439,53.75
XEL,2024,Q2,557500681,53.41
XEL,2024,Q3,574241745,65.3
XEL,2024,Q4,574552694,67.52
XEL,2025,Q1,576760613,70.79
XEL,2025,Q2,591426177,68.1
XEL,2025,Q3,591539773,80.65
XEL,2025,Q4,623876813,73.86
XELB,2025,Q3,4806776,
XELB,2025,Q4,5880757,
XENE,2024,Q2,75764505,38.99
XENE,2024,Q3,76239602,39.37
XENE,2024,Q4,76542811,39.2
XENE,2025,Q1,76733599,33.55
XENE,2025,Q2,77105799,31.3
XENE,2025,Q3,77275005,40.15
XENE,2025,Q4,83190316,44.82
XERS,2024,Q2,148998825,2.25
XERS,2024,Q3,149081461,2.85
XERS,2024,Q4,153940135,3.39
XERS,2025,Q1,160155000,5.49
XERS,2025,Q2,161480367,4.67
XERS,2025,Q3,165924289,8.14
XERS,2025,Q4,172431290,7.85
XFOR,2024,Q2,168499514,0.58
XFOR,2024,Q3,170546469,0.67
XFOR,2024,Q4,173662376,0.73
XFOR,2025,Q1,173660580,0.24
XFOR,2025,Q2,11408357,1.9
XFOR,2025,Q3,87436688,3.42
XFOR,2025,Q4,90919696,4.0
XGN,2025,Q3,22663099,10.99
XGN,2025,Q4,24053058,6.08
XHLD,2025,Q3,44592464,
XHLD,2025,Q4,3977443,
XHR,2024,Q2,101963677,14.33
XHR,2024,Q3,101816814,14.77
XHR,2024,Q4,101352961,14.86
XHR,2025,Q1,98703136,11.76
XHR,2025,Q2,95780393,12.57
XHR,2025,Q3,94805748,13.72
XHR,2025,Q4,92153929,14.14
XIFR,2024,Q2,93539258,27.64
XIFR,2024,Q3,93534176,27.62
XIFR,2024,Q4,93534176,17.8
XIFR,2025,Q1,94001017,9.5
XIFR,2025,Q2,93966346,8.2
XIFR,2025,Q3,93966346,10.17
XIFR,2025,Q4,93966346,10.0
XLO,2024,Q1,36912373,
XLO,2024,Q2,43952491,
XLO,2024,Q3,43958074,
XLO,2024,Q4,51773717,0.96
XLO,2025,Q1,51782273,
XLO,2025,Q2,51827910,
XLO,2025,Q3,52500328,0.84
XLO,2025,Q4,5782511,0.64
XMTR,2024,Q2,46620351,11.56
XMTR,2024,Q3,46888079,18.37
XMTR,2024,Q4,48826041,42.66
XMTR,2025,Q1,49201345,24.92
XMTR,2025,Q2,49339037,33.79
XMTR,2025,Q3,49772345,54.47
XMTR,2025,Q4,50349113,59.47
XNCR,2024,Q2,61833530,18.93
XNCR,2024,Q3,69982030,20.11
XNCR,2024,Q4,70461934,22.98
XNCR,2025,Q1,71170754,10.64
XNCR,2025,Q2,71323046,7.86
XNCR,2025,Q3,71410469,11.73
XNCR,2025,Q4,73338642,15.31
XOM,2024,Q1,3943006866,116.24
XOM,2024,Q2,4442826580,115.12
XOM,2024,Q3,4395094536,117.22
XOM,2024,Q4,4339143313,107.57
XOM,2025,Q1,4309638821,118.93
XOM,2025,Q2,4263247021,107.8
XOM,2025,Q3,4217165614,112.75
XOM,2025,Q4,4166763453,120.34
XOMA,2025,Q3,12383103,38.54
XOMA,2025,Q4,11905652,26.59
XOS,2025,Q3,11334192,2.7
XOS,2025,Q4,11982627,1.81
XP,2024,Q3,424252000,17.94
XP,2024,Q4,433628992,11.85
XP,2025,Q1,434048000,13.75
XP,2025,Q3,537420000,18.79
XP,2025,Q4,518832745,16.37
XPEL,2024,Q1,27633935,54.02
XPEL,2024,Q2,27640898,35.56
XPEL,2024,Q3,27647640,43.37
XPEL,2024,Q4,27652226,39.94
XPEL,2025,Q1,27664765,29.38
XPEL,2025,Q2,27672747,35.9
XPEL,2025,Q3,27678601,33.07
XPEL,2025,Q4,27604183,49.91
XPER,2024,Q1,45148108,12.06
XPER,2024,Q2,45806972,8.21
XPER,2024,Q3,44830219,9.24
XPER,2024,Q4,44388930,10.27
XPER,2025,Q1,45687072,7.72
XPER,2025,Q2,46260160,7.91
XPER,2025,Q3,46335385,6.48
XPER,2025,Q4,46969801,5.86
XPEV,2024,Q3,772137984,12.18
XPEV,2024,Q4,773772032,11.82
XPEV,2025,Q1,775952000,20.72
XPEV,2025,Q3,949060000,23.42
XPEV,2025,Q4,953961531,20.28
XPL,2024,Q2,81438418,0.88
XPL,2024,Q3,81438418,0.7
XPL,2024,Q4,81638418,0.59
XPL,2025,Q1,82666918,0.6
XPL,2025,Q2,90193070,0.65
XPL,2025,Q3,90901324,0.7
XPL,2025,Q4,92214987,0.7
XPO,2024,Q1,116330522,122.03
XPO,2024,Q2,116392944,106.15
XPO,2024,Q3,116401890,107.51
XPO,2024,Q4,117242596,131.15
XPO,2025,Q1,117806539,107.58
XPO,2025,Q2,117762083,126.29
XPO,2025,Q3,117384263,129.27
XPO,2025,Q4,117147357,135.91
XPOF,2024,Q2,32160000,15.6
XPOF,2024,Q3,32287000,12.4
XPOF,2024,Q4,33745000,13.45
XPOF,2025,Q1,34926000,8.33
XPOF,2025,Q2,35097000,7.49
XPOF,2025,Q3,35169000,7.79
XPOF,2025,Q4,37312000,8.23
XPON,2025,Q3,9656739,
XPON,2025,Q4,10846135,
XPRO,2024,Q2,121051392,22.92
XPRO,2024,Q3,117495090,17.17
XPRO,2024,Q4,116377932,12.47
XPRO,2025,Q1,115390894,9.94
XPRO,2025,Q2,115593209,8.59
XPRO,2025,Q3,113560421,11.88
XPRO,2025,Q4,113765561,13.35
XRAY,2024,Q1,207630556,33.19
XRAY,2024,Q2,202713953,24.91
XRAY,2024,Q3,198779568,27.06
XRAY,2024,Q4,198991963,18.98
XRAY,2025,Q1,199293385,14.94
XRAY,2025,Q2,199483861,15.88
XRAY,2025,Q3,199551969,12.69
XRAY,2025,Q4,199749333,11.43
XRTX,2025,Q4,6962218,
XRX,2024,Q1,124198432,17.9
XRX,2024,Q2,124331734,11.62
XRX,2024,Q3,124374092,10.38
XRX,2024,Q4,125281396,8.43
XRX,2025,Q1,125789546,4.83
XRX,2025,Q2,125829398,5.27
XRX,2025,Q3,128040011,3.76
XRX,2025,Q4,128617804,2.37
XTIA,2025,Q3,32786816,1.47
XTIA,2025,Q4,38472204,
XTNT,2024,Q2,130314372,
XTNT,2024,Q3,139008456,0.68
XTNT,2024,Q4,139067915,0.44
XTNT,2025,Q1,139323172,0.47
XTNT,2025,Q2,130315722,0.74
XTNT,2025,Q3,140004240,0.65
XTNT,2025,Q4,140068260,0.78
XWEL,2025,Q3,5766703,
XWEL,2025,Q4,7926766,0.47
XXII,2025,Q3,6987290,
XYL,2024,Q1,242447263,129.24
XYL,2024,Q2,242892884,135.63
XYL,2024,Q3,242944703,135.03
XYL,2024,Q4,243046226,116.02
XYL,2025,Q1,243351011,119.46
XYL,2025,Q2,243409688,129.36
XYL,2025,Q3,243469063,147.5
XYL,2025,Q4,243141405,136.18
XYL,2026,Q1,237693493,119.5
XYZ,2024,Q1,556545000,84.58
XYZ,2024,Q2,555234000,64.49
XYZ,2024,Q3,559742000,67.13
XYZ,2024,Q4,559431000,84.99
XYZ,2025,Q1,555001000,54.33
XYZ,2025,Q2,549574000,67.93
XYZ,2025,Q3,547667000,72.27
XYZ,2025,Q4,539103000,65.09
YALA,2024,Q3,134135000,4.54
YALA,2024,Q4,134135000,4.06
YALA,2025,Q1,134135000,5.22
YALA,2025,Q3,158070000,7.51
YALA,2025,Q4,158868657,6.94
YCBD,2025,Q3,9419410,
YCBD,2025,Q4,10495561,
YELP,2024,Q1,67458362,39.4
YELP,2024,Q2,66908736,36.95
YELP,2024,Q3,65817690,35.08
YELP,2024,Q4,65033177,38.7
YELP,2025,Q1,63842428,37.03
YELP,2025,Q2,63060655,34.27
YELP,2025,Q3,61491989,31.2
YELP,2025,Q4,59517013,30.39
YETI,2024,Q1,85238498,38.55
YETI,2024,Q2,84651997,38.15
YETI,2024,Q3,84825450,41.03
YETI,2024,Q4,82389459,38.51
YETI,2025,Q1,82815489,33.1
YETI,2025,Q2,81224223,31.52
YETI,2025,Q3,77808113,33.18
YETI,2026,Q1,75268367,36.59
YEXT,2023,Q4,124073118,5.89
YEXT,2024,Q2,126139075,5.35
YEXT,2024,Q3,127920766,6.92
YEXT,2024,Q4,127621329,6.36
YEXT,2025,Q1,126484781,6.16
YEXT,2025,Q2,122397716,8.5
YEXT,2025,Q3,123236797,8.52
YEXT,2025,Q4,122626997,8.06
YEXT,2026,Q1,123345128,
YHC,2025,Q3,14116237,
YHC,2025,Q4,21371656,
YHGJ,2025,Q3,2773863,
YHGJ,2025,Q4,2597363,
YHNAU,2025,Q3,7750000,
YHNAU,2025,Q4,4285821,
YI,2024,Q3,49664300,
YI,2024,Q4,49664300,0.62
YI,2025,Q1,4966430,
YI,2025,Q3,8640000,
YIBO,2025,Q4,32918421,
YMAB,2024,Q2,44569834,12.08
YMAB,2024,Q3,44789076,13.15
YMAB,2024,Q4,45218177,7.83
YMAB,2025,Q1,45283677,4.43
YMAB,2025,Q2,45438420,4.51
YORKU,2025,Q3,17831250,
YORKU,2025,Q4,17831250,
YORW,2024,Q1,14344608,36.27
YORW,2024,Q2,14362103,37.09
YORW,2024,Q3,14374163,37.46
YORW,2024,Q4,14389449,32.72
YORW,2025,Q1,14400277,34.68
YORW,2025,Q2,14421177,31.6
YORW,2025,Q3,14434680,30.42
YORW,2025,Q4,14448548,31.84
YOSH,2025,Q2,14124980,
YOU,2024,Q1,93022861,21.27
YOU,2024,Q2,92249918,18.71
YOU,2024,Q3,94015104,33.14
YOU,2024,Q4,96100081,26.64
YOU,2025,Q1,92266338,25.91
YOU,2025,Q2,95330547,27.76
YOU,2025,Q3,97432378,33.38
YOU,2025,Q4,98943676,35.08
YPF,2024,Q3,393312992,21.21
YPF,2024,Q4,393312992,42.51
YPF,2025,Q1,393312992,35.04
YPF,2025,Q3,393310000,24.29
YPF,2025,Q4,425180602,36.16
YQ,2024,Q3,7751830,
YQ,2024,Q4,6601840,
YQ,2025,Q1,6601840,
YQ,2025,Q3,8890000,
YQ,2025,Q4,8851710,
YRD,2024,Q3,86934496,5.69
YRD,2024,Q4,86934496,4.8
YRD,2025,Q1,86934496,6.88
YRD,2025,Q3,86410000,5.93
YRD,2025,Q4,86934547,3.7
YSG,2024,Q3,70431400,3.41
YSG,2024,Q4,68529600,3.98
YSG,2025,Q1,61731400,4.81
YSG,2025,Q3,93850000,9.06
YSG,2025,Q4,94004237,3.89
YUM,2024,Q1,281632212,138.65
YUM,2024,Q2,281165002,132.46
YUM,2024,Q3,279071854,139.71
YUM,2024,Q4,279101936,134.16
YUM,2025,Q1,277964501,157.36
YUM,2025,Q2,277535696,148.18
YUM,2025,Q3,277652829,152.0
YUM,2025,Q4,276430130,151.28
YUMC,2024,Q1,389901700,39.79
YUMC,2024,Q2,384423600,30.84
YUMC,2024,Q3,379764211,45.02
YUMC,2024,Q4,376124668,48.17
YUMC,2025,Q1,373323567,52.06
YUMC,2025,Q2,368718164,44.71
YUMC,2025,Q3,361419215,42.92
YUMC,2025,Q4,353096444,47.74
YYAI,2025,Q2,14563019,
YYAI,2025,Q4,18981535,
YYAI,2026,Q1,42095538,
Z,2024,Q1,174752848,48.78
Z,2024,Q2,170914834,46.39
Z,2024,Q3,172993333,63.85
Z,2024,Q4,181937981,74.05
Z,2025,Q1,183227934,68.56
Z,2025,Q2,185964745,70.05
Z,2025,Q3,186200151,77.05
Z,2025,Q4,187816992,68.22
ZBAI,2025,Q2,17317452,
ZBH,2024,Q1,205728398,131.98
ZBH,2024,Q2,203652375,108.53
ZBH,2024,Q3,199073712,107.95
ZBH,2024,Q4,199063164,105.63
ZBH,2025,Q1,197847894,113.18
ZBH,2025,Q2,198095984,91.21
ZBH,2025,Q3,198181555,98.5
ZBH,2025,Q4,195652004,89.92
ZBIO,2024,Q3,41791037,16.92
ZBIO,2024,Q4,41799336,8.19
ZBIO,2025,Q1,41834182,7.9
ZBIO,2025,Q2,42110313,9.69
ZBIO,2025,Q3,53679166,22.2
ZBIO,2025,Q4,57361260,36.31
ZBRA,2024,Q1,51419403,301.44
ZBRA,2024,Q2,51580365,308.93
ZBRA,2024,Q3,51580028,370.32
ZBRA,2024,Q4,51379208,386.22
ZBRA,2025,Q1,50854327,282.56
ZBRA,2025,Q2,50845151,308.36
ZBRA,2025,Q3,50660242,297.16
ZBRA,2025,Q4,49191704,242.82
ZD,2024,Q1,46128097,63.04
ZD,2024,Q2,44740746,55.05
ZD,2024,Q3,42741314,48.66
ZD,2024,Q4,42845041,54.34
ZD,2025,Q1,42087573,37.58
ZD,2025,Q2,41002903,30.27
ZD,2025,Q3,39504872,38.1
ZD,2025,Q4,37654436,35.15
ZDGE,2025,Q3,12479136,2.91
ZDGE,2025,Q4,12485331,3.28
ZDGE,2026,Q1,12517121,
ZEO,2025,Q3,33149931,
ZEO,2025,Q4,33593737,
ZETA,2024,Q1,189734584,10.93
ZETA,2024,Q2,192794177,17.65
ZETA,2024,Q3,212558038,29.83
ZETA,2024,Q4,237722456,17.99
ZETA,2025,Q1,235544133,13.56
ZETA,2025,Q2,213263264,15.49
ZETA,2025,Q3,216916629,19.87
ZETA,2025,Q4,220485174,20.35
ZEUS,2025,Q3,11197621,30.45
ZG,2024,Q1,55205739,47.86
ZG,2024,Q2,54274808,45.04
ZG,2024,Q3,54324808,61.93
ZG,2024,Q4,54333292,70.85
ZG,2025,Q1,51874170,66.86
ZG,2025,Q3,242050000,74.44
ZGN,2025,Q4,268240430,10.25
ZI,2024,Q1,373918562,16.03
ZI,2024,Q2,365279985,12.77
ZI,2024,Q3,343368755,10.32
ZI,2024,Q4,342292205,10.51
ZI,2025,Q1,328911200,
ZIM,2024,Q3,120355000,25.66
ZIM,2024,Q4,120389000,21.47
ZIM,2025,Q1,120458000,14.59
ZIM,2025,Q3,120460000,13.55
ZIM,2025,Q4,120465908,21.23
ZIMV,2024,Q2,27571804,18.25
ZIMV,2024,Q3,27598871,15.87
ZIMV,2024,Q4,27677346,13.95
ZIMV,2025,Q1,27921548,10.8
ZIMV,2025,Q2,28200941,9.35
ZION,2024,Q1,147654732,43.4
ZION,2024,Q2,147696533,43.37
ZION,2024,Q3,147711218,47.22
ZION,2024,Q4,147891781,54.25
ZION,2025,Q1,147570811,49.86
ZION,2025,Q2,147623797,51.94
ZION,2025,Q3,147641034,56.58
ZION,2025,Q4,147888829,58.54
ZIP,2024,Q2,76705159,9.09
ZIP,2024,Q3,75068548,9.5
ZIP,2024,Q4,75882788,7.24
ZIP,2025,Q1,79873424,5.89
ZIP,2025,Q2,74088830,5.01
ZIP,2025,Q3,72529953,4.22
ZIP,2025,Q4,71383887,3.9
ZLAB,2024,Q2,996087670,17.33
ZLAB,2024,Q3,996087670,24.14
ZLAB,2024,Q4,1080759280,26.19
ZLAB,2025,Q1,1084743860,36.14
ZLAB,2025,Q2,1099557340,34.97
ZLAB,2025,Q3,1105937600,33.89
ZLAB,2025,Q4,1106407390,17.64
ZM,2024,Q1,260899571,65.37
ZM,2024,Q2,263616605,59.19
ZM,2024,Q3,262128624,69.74
ZM,2024,Q4,262100087,81.61
ZM,2025,Q1,262753519,73.77
ZM,2025,Q2,260280054,77.98
ZM,2025,Q3,266453609,82.5
ZM,2025,Q4,265569716,86.29
ZM,2026,Q1,265969816,80.39
ZNTL,2024,Q2,71107967,4.09
ZNTL,2024,Q3,71265400,3.68
ZNTL,2024,Q4,71811508,3.03
ZNTL,2025,Q1,71951934,1.59
ZNTL,2025,Q2,72135453,1.16
ZNTL,2025,Q3,72250779,1.51
ZNTL,2025,Q4,70931016,1.35
ZONE,2025,Q2,9961227,2.43
ZONE,2025,Q4,210556229,0.26
ZOOZ,2025,Q4,161995282,0.44
ZS,2024,Q1,149857976,192.63
ZS,2024,Q2,151149087,192.19
ZS,2024,Q3,152490005,170.94
ZS,2024,Q4,153438623,180.41
ZS,2025,Q1,154724902,198.42
ZS,2025,Q2,155695672,313.94
ZS,2025,Q3,158300823,299.66
ZS,2025,Q4,159471208,224.92
ZS,2026,Q1,160790703,140.29
ZSPC,2025,Q3,29050067,0.98
ZSPC,2025,Q4,38654852,0.47
ZTO,2024,Q3,598041024,24.77
ZTO,2024,Q4,592523008,19.55
ZTO,2025,Q1,592169984,19.84
ZTO,2025,Q3,598370000,19.2
ZTO,2025,Q4,786870374,20.89
ZTS,2024,Q1,456295137,169.21
ZTS,2024,Q2,453050990,173.36
ZTS,2024,Q3,451165011,195.38
ZTS,2024,Q4,447791917,162.93
ZTS,2025,Q1,445208053,164.65
ZTS,2025,Q2,443183472,155.95
ZTS,2025,Q3,440693214,146.32
ZTS,2025,Q4,422127709,125.82
ZUMZ,2024,Q2,20274412,19.48
ZUMZ,2024,Q3,19141409,21.3
ZUMZ,2024,Q4,19172788,19.17
ZUMZ,2025,Q1,19159216,14.89
ZUMZ,2025,Q2,17770640,13.26
ZUMZ,2025,Q3,17153529,19.61
ZUMZ,2025,Q4,16949578,26.05
ZUMZ,2026,Q1,16969650,
ZURA,2024,Q1,43593678,2.57
ZURA,2024,Q2,67207088,3.5
ZURA,2024,Q3,65293530,4.06
ZURA,2024,Q4,65297530,2.5
ZURA,2025,Q1,68374998,1.29
ZURA,2025,Q2,65018058,1.05
ZURA,2025,Q3,65023308,4.33
ZURA,2025,Q4,94880710,5.24
ZVIA,2024,Q2,59068612,0.68
ZVIA,2024,Q3,59912868,1.08
ZVIA,2024,Q4,61957461,4.19
ZVIA,2025,Q1,66064650,2.16
ZVIA,2025,Q2,67318542,3.22
ZVIA,2025,Q3,67389166,2.72
ZVIA,2025,Q4,67486641,2.32
ZVRA,2024,Q2,52617789,4.9
ZVRA,2024,Q3,53375932,6.94
ZVRA,2024,Q4,54115869,8.34
ZVRA,2025,Q1,54679641,7.49
ZVRA,2025,Q2,56135091,8.81
ZVRA,2025,Q3,56297535,9.51
ZVRA,2025,Q4,58711584,8.96
ZWS,2024,Q1,172696845,33.47
ZWS,2024,Q2,170928495,29.4
ZWS,2024,Q3,169713892,35.94
ZWS,2024,Q4,170056256,37.3
ZWS,2025,Q1,168252266,32.98
ZWS,2025,Q2,167552517,36.57
ZWS,2025,Q3,167350818,47.03
ZWS,2025,Q4,166797974,46.49
ZWS,2026,Q1,166871913,44.84
ZYME,2024,Q2,71047390,8.51
ZYME,2024,Q3,68877526,12.55
ZYME,2024,Q4,69576883,14.64
ZYME,2025,Q1,69683492,11.91
ZYME,2025,Q2,75166196,12.55
ZYME,2025,Q3,74836534,17.08
ZYME,2025,Q4,73749607,26.33
ZYXI,2024,Q1,31775183,12.37
ZYXI,2024,Q2,31742522,9.32
ZYXI,2024,Q3,31845545,8.16
ZYXI,2024,Q4,31912487,8.01
ZYXI,2025,Q1,30238876,2.2
ZYXI,2025,Q2,30297442,2.58
ZYXI,2025,Q3,30388635,1.45
